combination,n_added,tail_only,discovery_macro_auroc,confirmation_macro_auroc,all_macro_auroc,all_macro_auprc,mean_n_kept,fallback_cells
target_nll__max__spread4_p1 + top1_surprisal__max__spread4_p1 + kl_to_final__std__organic_all_p1,3,False,0.7876006953205955,0.7662210894261315,0.7760885998389611,0.6377210393710655,6.615384615384615,0
top1_surprisal__max__spread8_p1 + entropy_excess_over_top1__max__flat_top8_p1 + target_nll__max__spread8_p1,3,False,0.7870740087417287,0.7706549110309153,0.778232956128214,0.6386255271666429,6.923076923076923,0
top1_surprisal__max__flat_top8_p1 + entropy_excess_over_top1__max__flat_top8_p1 + target_nll__max__spread8_p1,3,False,0.7869798308641852,0.769874140253831,0.7777690743816866,0.6364752865703386,6.923076923076923,0
top1_surprisal__max__spread8_p1 + target_nll__max__spread4_p1 + entropy_excess_over_top1__max__flat_top8_p1,3,False,0.7868441109860007,0.7684874568762571,0.7769597587730619,0.6365326664689056,6.923076923076923,0
top1_surprisal__max__flat_top8_p1 + target_nll__max__spread4_p1 + entropy_excess_over_top1__max__flat_top8_p1,3,False,0.7868364362635673,0.7676867335819935,0.7765250578965659,0.6342330736261252,6.923076923076923,0
target_nll__max__spread4_p1 + target_nll__max__spread8_p1 + kl_to_final__std__organic_all_p1,3,False,0.7867929483855738,0.7654450012158509,0.7752978999095691,0.6371454686286447,6.615384615384615,0
entropy_excess_over_top1__max__flat_top8_p1 + target_nll__max__spread8_p1 + top1_surprisal__max__flat_top5_p1,3,False,0.7860436847220984,0.7698263860102026,0.7773112931080006,0.6370338518256804,6.923076923076923,0
entropy_excess_over_top1__max__flat_top8_p1 + target_nll__max__spread8_p1 + top1_surprisal__max__spread4_p1,3,False,0.7859855129605546,0.7703255686843683,0.7775532352733774,0.6374990633063411,6.923076923076923,0
top1_surprisal__max__spread8_p1 + target_gap__max__spread8_p1,2,False,0.785880060929224,0.7686902980722935,0.7766240347754921,0.6402204842090662,5.846153846153846,0
target_nll__max__spread4_p1 + entropy_excess_over_top1__max__flat_top8_p1 + top1_surprisal__max__spread4_p1,3,False,0.785869853450268,0.7695187862467562,0.7770654326483771,0.6365390850650183,6.923076923076923,0
top1_surprisal__max__flat_top8_p1 + target_nll__max__spread8_p1 + top1_surprisal__max__spread4_p1,3,False,0.7857286135755664,0.7666777663195777,0.7754704650531109,0.6343515088168865,6.923076923076923,0
target_nll__max__spread4_p1 + entropy_excess_over_top1__max__flat_top8_p1 + top1_surprisal__max__flat_top5_p1,3,False,0.7857122301143487,0.7684239339058496,0.7764031475405415,0.6357331266444727,6.923076923076923,0
top1_surprisal__max__spread8_p1 + target_nll__max__spread8_p1 + top1_surprisal__max__spread4_p1,3,False,0.785700081950985,0.7666911146494338,0.7754644841732267,0.6354301623120346,6.923076923076923,0
top1_surprisal__max__spread8_p1 + target_nll__max__spread8_p1 + top1_surprisal__max__flat_top5_p1,3,False,0.7855703809261717,0.76450441058234,0.7742271661256469,0.6334310130631617,6.923076923076923,0
top1_surprisal__max__flat_top8_p1 + target_gap__max__spread8_p1,2,False,0.7855212315120904,0.7677807361188076,0.7759686570695536,0.6381037452720023,5.846153846153846,0
entropy_excess_over_top1__max__flat_top8_p1 + target_nll__max__spread8_p1 + top1_surprisal__max__flat_top3_p2,3,False,0.785484247369228,0.7701242604770892,0.7772134851965379,0.6381624205650633,6.923076923076923,0
top1_surprisal__max__spread8_p1 + top1_surprisal__max__flat_top8_p1 + target_nll__max__spread8_p1,3,False,0.7854794085218839,0.7645292315731614,0.7741985440110336,0.6324200666480281,6.923076923076923,0
top1_surprisal__max__spread8_p1 + target_nll__max__flat_top8_p1,2,False,0.7854755638591809,0.7698499594039189,0.7770617768448091,0.6388894060939857,5.923076923076923,0
top1_surprisal__max__spread8_p1 + target_nll__max__spread4_p1 + target_nll__max__spread8_p1,3,False,0.7854652411039255,0.767590469860956,0.7758403642807881,0.6385081585849298,6.923076923076923,0
target_nll__max__spread4_p1 + entropy_excess_over_top1__max__flat_top8_p1 + target_nll__max__spread8_p1,3,False,0.7854244640895368,0.7687023528763596,0.7764202503593645,0.6385194627050393,6.923076923076923,0
top1_surprisal__max__flat_top8_p1 + target_nll__max__spread4_p1 + target_nll__max__spread8_p1,3,False,0.7854143427456522,0.7670636676133518,0.7755332099821058,0.6370158144490916,6.923076923076923,0
top1_surprisal__max__flat_top8_p1 + target_nll__max__spread4_p1 + top1_surprisal__max__spread4_p1,3,False,0.7853983956753581,0.7658591743233468,0.7748772764858134,0.633384330661399,6.923076923076923,0
top1_surprisal__max__spread8_p1 + target_nll__max__spread8_p1 + top1_surprisal__max__flat_top3_p2,3,False,0.7853732579222199,0.765607759122936,0.7747302970302978,0.6348610967899422,6.923076923076923,0
top1_surprisal__max__flat_top8_p1 + target_nll__max__spread8_p1 + top1_surprisal__max__flat_top3_p2,3,False,0.785363646771721,0.7642151603056518,0.7739760002130682,0.6321806699797019,6.923076923076923,0
top1_surprisal__max__spread8_p1 + target_nll__max__spread4_p1 + top1_surprisal__max__flat_top5_p1,3,False,0.7853631384130462,0.7640670054089334,0.7738959898723701,0.6328711614154708,6.923076923076923,0
target_nll__max__spread4_p1 + entropy_excess_over_top1__max__flat_top8_p1 + top1_surprisal__max__flat_top3_p2,3,False,0.785239793150179,0.7690447070944458,0.7765193621970917,0.6378618580531802,6.923076923076923,0
top1_surprisal__max__flat_top8_p1 + target_nll__max__flat_top8_p1,2,False,0.7852203307410122,0.7686558441935637,0.7763009918308476,0.6353049708264383,5.923076923076923,0
top1_surprisal__max__flat_top8_p1 + target_nll__max__spread8_p1 + top1_surprisal__max__flat_top5_p1,3,False,0.7851992586606453,0.7619071588751979,0.7726573587761736,0.628841696169654,6.923076923076923,0
top1_surprisal__max__spread8_p1 + target_nll__max__spread4_p1 + top1_surprisal__max__spread4_p1,3,False,0.7851638229325059,0.7657043804941418,0.7746856616195408,0.6341526426224238,6.923076923076923,0
top1_surprisal__max__spread8_p1 + target_nll__max__spread8_p1,2,False,0.7851226992701513,0.7699546773870944,0.7769553028715823,0.6392825653970114,5.923076923076923,0
top1_surprisal__max__spread8_p1 + top1_surprisal__max__flat_top8_p1 + target_nll__max__spread4_p1,3,False,0.7851029278164323,0.7642086699596756,0.7738521735858709,0.6320363613175926,6.923076923076923,0
top1_surprisal__max__spread8_p1 + target_nll__max__spread4_p1,2,False,0.7850526200904895,0.7679148224905615,0.7758245752289898,0.6376615000871768,5.923076923076923,0
target_nll__max__spread4_p1 + target_nll__max__spread8_p1 + top1_surprisal__max__flat_top5_p1,3,False,0.7850497537937239,0.7668634653248197,0.7752571369258524,0.6370452920117307,6.923076923076923,0
target_nll__max__spread8_p1 + target_gap__max__spread8_p1,2,False,0.7850238404555935,0.7677986609594777,0.7757487438038387,0.6399334028010748,5.923076923076923,0
top1_surprisal__max__spread8_p1 + target_nll__max__spread4_p1 + top1_surprisal__max__flat_top3_p2,3,False,0.7849641745863362,0.7648770309407379,0.7741480203156292,0.6346029709445449,6.923076923076923,0
top1_surprisal__max__flat_top8_p1 + target_nll__max__spread4_p1 + top1_surprisal__max__flat_top3_p2,3,False,0.7849537106665974,0.7640154519904387,0.7736792636871275,0.6314224513379104,6.923076923076923,0
top1_surprisal__max__flat_top8_p1 + target_nll__max__spread4_p1 + entropy_excess_over_top1__max__flat_top8_p1 + target_nll__max__spread8_p1 + top1_surprisal__max__flat_top3_p2,5,True,0.7849374763196643,0.7452209292235059,0.7635516432678867,0.6203211193192788,4.923076923076923,1
target_nll__max__spread4_p1 + target_gap__max__spread8_p1,2,False,0.7849320011606983,0.7691743807235795,0.7764471286176343,0.6405680628832633,5.923076923076923,0
top1_surprisal__max__flat_top8_p1 + target_nll__max__spread8_p1,2,False,0.7849119801024337,0.7689199513337835,0.7763008876885452,0.6372285143731443,5.923076923076923,0
top1_surprisal__max__flat_top8_p1 + target_nll__max__spread4_p1 + top1_surprisal__max__flat_top5_p1,3,False,0.7848445247372037,0.7624283350382993,0.7727742687454858,0.6291563052968533,6.923076923076923,0
top1_surprisal__max__spread4_p1 + target_nll__max__flat_top8_p1,2,False,0.7847576514974585,0.7682566919696218,0.7758725194440079,0.6363582006964048,5.923076923076923,0
top1_surprisal__max__flat_top8_p1 + target_nll__max__spread4_p1,2,False,0.7846770431048199,0.7667952427332677,0.775048381366292,0.6348031317187749,5.923076923076923,0
target_nll__max__spread8_p1 + top1_surprisal__max__spread4_p1 + top1_surprisal__max__flat_top5_p1,3,False,0.7846256736177533,0.7661220538302127,0.7746621860398467,0.6350500051716199,6.923076923076923,0
entropy_excess_over_top1__max__flat_top8_p1 + target_nll__max__spread8_p1,2,False,0.7845569181268198,0.7684943144813602,0.7759078238561877,0.6361262730462399,5.923076923076923,0
target_nll__max__spread4_p1 + entropy_excess_over_top1__max__flat_top8_p1 + target_nll__max__spread8_p1 + top1_surprisal__max__flat_top5_p1 + top1_surprisal__max__flat_top3_p2,5,True,0.7845194016520489,0.7445781794216128,0.7630125896818141,0.6203458156388708,4.923076923076923,1
target_nll__max__spread4_p1 + target_nll__max__spread8_p1 + top1_surprisal__max__flat_top3_p2,3,False,0.7845085650787434,0.7672303386333982,0.7752049046850961,0.638910475390338,6.923076923076923,0
top1_surprisal__max__spread8_p1 + target_nll__max__spread4_p1 + entropy_excess_over_top1__max__flat_top8_p1 + target_nll__max__spread8_p1 + top1_surprisal__max__flat_top3_p2,5,True,0.7845020661709494,0.7461494027374405,0.7638506320144445,0.6210269092168408,4.923076923076923,1
target_nll__max__spread4_p1 + target_nll__max__spread8_p1 + top1_surprisal__max__spread4_p1,3,False,0.7844882071488127,0.7673680683473494,0.7752696708711017,0.6383619956700856,6.923076923076923,0
top1_surprisal__max__spread8_p1 + top1_surprisal__max__flat_top8_p1 + entropy_excess_over_top1__max__flat_top8_p1,3,False,0.7843607696932892,0.7643292194219322,0.7735745503164048,0.6264441556205033,6.923076923076923,0
target_nll__max__spread4_p1 + top1_surprisal__max__spread4_p1 + top1_surprisal__max__flat_top5_p1,3,False,0.7843158906093143,0.7652262006250773,0.7740368267716481,0.6343939094622757,6.923076923076923,0
top1_surprisal__max__spread4_p1 + target_gap__max__spread8_p1,2,False,0.7843129767944563,0.7669903751860746,0.7749854220822507,0.6385766970200589,5.846153846153846,0
top1_surprisal__max__flat_top5_p1 + target_nll__max__flat_top8_p1,2,False,0.7842865567122129,0.7684806254380481,0.7757756706415088,0.6355259336354331,5.923076923076923,0
entropy_excess_over_top1__max__flat_top8_p1 + target_nll__max__flat_top8_p1,2,False,0.7842745069163053,0.7679248854292081,0.775470864577099,0.6341351588830423,5.923076923076923,0
top1_surprisal__max__flat_top5_p1 + target_gap__max__spread8_p1,2,False,0.7841728951533501,0.767167856299748,0.7750163357706412,0.6374162478408935,5.846153846153846,0
target_nll__max__spread8_p1 + top1_surprisal__max__spread4_p1 + top1_surprisal__max__flat_top3_p2,3,False,0.784142133698535,0.7660065574689529,0.7743768234210677,0.6360921765170416,6.923076923076923,0
target_nll__max__spread8_p1 + top1_surprisal__max__spread4_p1,2,False,0.783970011807274,0.7688025493823354,0.775802916655384,0.6382674893859706,5.923076923076923,0
target_nll__max__flat_top8_p1 + target_gap__max__spread8_p1,2,False,0.7839668936073715,0.7683511033958398,0.7755583911857774,0.6386647132273006,5.923076923076923,0
target_nll__max__spread8_p1 + top1_surprisal__max__flat_top5_p1 + top1_surprisal__max__flat_top3_p2,3,False,0.7839267342160938,0.7633261756840871,0.7728341257757825,0.6311628628269473,6.923076923076923,0
target_nll__max__spread4_p1 + top1_surprisal__max__flat_top5_p1,2,False,0.7838932424824495,0.7671932835961339,0.7749009569282795,0.6357694940515283,5.923076923076923,0
target_nll__max__spread8_p1 + top1_surprisal__max__flat_top5_p1,2,False,0.7838131212499319,0.7686244732846469,0.775634618499394,0.6367862579421062,5.923076923076923,0
entropy_excess_over_top1__max__flat_top8_p1 + target_gap__max__spread8_p1,2,False,0.7837748632014523,0.7689304031708125,0.7757816924157233,0.6378130986202346,5.923076923076923,0
top1_surprisal__max__flat_top8_p1 + entropy_excess_over_top1__max__flat_top8_p1 + top1_surprisal__max__flat_top3_p2,3,False,0.783726224788926,0.7646009263372026,0.773427987161075,0.6269916660619597,6.923076923076923,0
top1_surprisal__max__flat_top8_p1 + entropy_excess_over_top1__max__flat_top8_p1 + top1_surprisal__max__spread4_p1,3,False,0.7837144799466903,0.7660189028986701,0.7741860923054488,0.6285742950390241,6.923076923076923,0
target_nll__max__spread4_p1 + top1_surprisal__max__spread4_p1 + top1_surprisal__max__flat_top3_p2,3,False,0.7836885923744523,0.764944028723438,0.7735953657931369,0.634660661760081,6.923076923076923,0
target_nll__max__spread4_p1 + entropy_excess_over_top1__max__flat_top8_p1,2,False,0.7835814662137638,0.7664715427807012,0.7743684305190379,0.6343256611333339,5.923076923076923,0
top1_surprisal__max__spread8_p1 + entropy_excess_over_top1__max__flat_top8_p1,2,False,0.7835547354902328,0.7700423557466652,0.7762788387052348,0.6354611706609775,5.923076923076923,0
top1_surprisal__max__spread8_p1 + entropy_excess_over_top1__max__flat_top8_p1 + top1_surprisal__max__flat_top3_p2,3,False,0.7835495028035885,0.766256715104641,0.7742380017349245,0.6319691583398961,6.923076923076923,0
target_nll__max__spread4_p1 + top1_surprisal__max__flat_top5_p1 + top1_surprisal__max__flat_top3_p2,3,False,0.7835479061686682,0.7626626950259644,0.7723020232456741,0.6301154353597784,6.923076923076923,0
target_nll__max__spread4_p1 + top1_surprisal__max__spread4_p1,2,False,0.7835034416150727,0.7679029196618155,0.775103160563319,0.636749441009335,5.923076923076923,0
top1_surprisal__max__flat_top3_p2 + target_gap__max__spread8_p1,2,False,0.7834449124324637,0.7667516671945294,0.77445624191973,0.6376846822624305,5.846153846153846,0
target_nll__max__spread4_p1 + target_nll__max__flat_top8_p1,2,False,0.7834076280716663,0.7669129546042732,0.7745258808199931,0.6375933207025194,5.923076923076923,0
top1_surprisal__max__spread8_p1 + kl_to_final__max__spread4_p1,2,False,0.7833924616471718,0.7636169439544249,0.7727441059664619,0.6293367991073684,5.538461538461538,0
top1_surprisal__max__spread8_p1 + entropy_excess_over_top1__max__flat_top8_p1 + top1_surprisal__max__spread4_p1,3,False,0.7832968255829309,0.7667201738223964,0.7743709361734125,0.6308026984959975,6.923076923076923,0
top1_surprisal__max__spread8_p1 + top1_surprisal__max__flat_top8_p1 + target_nll__max__spread4_p1 + entropy_excess_over_top1__max__flat_top8_p1 + target_nll__max__spread8_p1,5,True,0.7832797052454857,0.7457726655029242,0.7630836069225679,0.6193104981037276,5.0,0
top1_surprisal__max__flat_top3_p2 + target_nll__max__flat_top8_p1,2,False,0.7832563881331525,0.767917759718952,0.7749971266793523,0.6367977805986202,5.923076923076923,0
target_nll__max__spread8_p1 + top1_surprisal__max__flat_top3_p2,2,False,0.7832526311489058,0.7686093828221006,0.7753678051267797,0.6384512599015821,5.923076923076923,0
top1_surprisal__max__spread8_p1 + entropy_excess_over_top1__max__flat_top8_p1 + top1_surprisal__max__flat_top5_p1,3,False,0.7832229339436777,0.7641201619768704,0.7729368259615507,0.6275410836905336,6.923076923076923,0
top1_surprisal__max__spread8_p1 + target_nll__max__spread4_p1 + entropy_excess_over_top1__max__flat_top8_p1 + target_nll__max__spread8_p1 + top1_surprisal__max__flat_top5_p1,5,True,0.7831608128839095,0.7446267799748857,0.7624117182405891,0.6189368468048438,4.923076923076923,1
target_nll__max__spread8_p1 + target_nll__max__flat_top8_p1,2,False,0.7831544932987585,0.7658124686847395,0.773816480045056,0.636472118439306,5.923076923076923,0
top1_surprisal__max__flat_top8_p1 + target_nll__max__spread8_p1 + kl_to_final__std__organic_all_p1,3,False,0.7831060812070799,0.766434007622525,0.7741288108153964,0.6322066477978272,6.615384615384615,0
target_nll__max__spread8_p1 + entropy_excess_over_top1__max__flat_top5_p1,2,False,0.7830757718260659,0.7710405022573884,0.7765952420583164,0.6366684163599885,5.923076923076923,0
top1_surprisal__max__flat_top8_p1 + entropy_excess_over_top1__max__flat_top8_p1 + target_nll__max__spread8_p1 + top1_surprisal__max__flat_top3_p2 + kl_to_final__std__organic_all_p1,5,True,0.7830586354413628,0.7462006849112497,0.7632120466943788,0.6161799594861451,4.538461538461538,6
top1_surprisal__max__flat_top8_p1 + kl_to_final__max__spread4_p1,2,False,0.78304862878992,0.7631113603422521,0.7723131765488679,0.625625901363592,5.538461538461538,0
top1_surprisal__max__flat_top8_p1 + target_nll__max__spread4_p1 + entropy_excess_over_top1__max__flat_top8_p1 + target_nll__max__spread8_p1 + top1_surprisal__max__spread4_p1,5,True,0.7830021500923459,0.7450231404018355,0.762551914105148,0.6191586181913782,4.923076923076923,1
target_nll__max__spread4_p1 + entropy_excess_over_top1__max__flat_top8_p1 + target_nll__max__spread8_p1 + top1_surprisal__max__spread4_p1 + top1_surprisal__max__flat_top3_p2,5,True,0.7829645300202089,0.7457453556416093,0.7629234361240401,0.6193969451930624,4.923076923076923,1
top1_surprisal__max__spread8_p1 + entropy_excess_over_top1__max__flat_top8_p1 + target_nll__max__spread8_p1 + top1_surprisal__max__flat_top3_p2 + kl_to_final__std__organic_all_p1,5,True,0.78294183592683,0.7476293142330205,0.7639274011686248,0.6202828178499202,4.538461538461538,6
top1_surprisal__max__flat_top8_p1 + entropy_excess_over_top1__max__flat_top8_p1 + top1_surprisal__max__flat_top5_p1,3,False,0.7829061093444949,0.7625906879502738,0.7719670362860681,0.6237967286017378,6.923076923076923,0
entropy_excess_over_top1__max__flat_top8_p1 + top1_surprisal__max__spread4_p1 + top1_surprisal__max__flat_top5_p1,3,False,0.7828780781586028,0.7654971152691104,0.7735190981411837,0.62978162475399,6.923076923076923,0
top1_surprisal__max__flat_top8_p1 + target_nll__max__spread4_p1 + entropy_excess_over_top1__max__flat_top8_p1 + top1_surprisal__max__flat_top3_p2 + kl_to_final__std__organic_all_p1,5,True,0.7828207915430342,0.7462636802852493,0.7631361931734577,0.616409688594522,4.538461538461538,6
target_nll__max__spread4_p1 + entropy_excess_over_top1__max__flat_top8_p1 + kl_to_final__std__organic_all_p1,3,False,0.7827997402983682,0.7646671942117912,0.7730360616363652,0.6311878690191477,6.538461538461538,0
target_nll__max__spread4_p1 + top1_surprisal__max__flat_top3_p2,2,False,0.7827375276051148,0.7674368162768275,0.7744986830437293,0.6373851266711177,5.923076923076923,0
top1_surprisal__max__spread8_p1 + target_nll__max__spread8_p1 + kl_to_final__std__organic_all_p1,3,False,0.7826531769874029,0.7676724830373448,0.7745866494758331,0.634010223068581,6.615384615384615,0
top1_surprisal__max__spread8_p1 + target_nll__cvar80__organic_all_p1,2,False,0.7826043895543798,0.7639636623117232,0.772567074885257,0.6350537716036586,6.0,0
entropy_excess_over_top1__max__flat_top8_p1 + top1_surprisal__max__spread4_p1,2,False,0.7825819559240087,0.767458179662918,0.7744383840911138,0.6324355398836153,5.923076923076923,0
target_nll__max__spread4_p1 + entropy_excess_over_top1__max__flat_top8_p1 + target_nll__max__spread8_p1 + top1_surprisal__max__spread4_p1 + top1_surprisal__max__flat_top5_p1,5,True,0.7825745515285423,0.7445811588179262,0.7621165708382105,0.6194536698577878,4.923076923076923,1
top1_surprisal__max__spread8_p1 + target_nll__max__spread4_p1 + entropy_excess_over_top1__max__flat_top8_p1 + top1_surprisal__max__flat_top3_p2 + kl_to_final__std__organic_all_p1,5,True,0.7825435349758596,0.7485425159970848,0.7642352939872884,0.6201817407412163,4.461538461538462,7
target_nll__max__spread4_p1 + target_nll__max__spread8_p1,2,False,0.7825130939482575,0.7665200590679161,0.7739014597819197,0.6365883417669008,5.923076923076923,0
entropy_excess_over_top1__max__flat_top5_p1 + target_nll__max__flat_top8_p1,2,False,0.7825116421214111,0.7704129198945371,0.7759969455377096,0.6349358115141197,5.923076923076923,0
top1_surprisal__max__flat_top8_p1 + target_nll__max__spread4_p1 + kl_to_final__std__organic_all_p1,3,False,0.7824425327673428,0.7645889055411157,0.7728290411839898,0.6312532906702691,6.615384615384615,0
top1_surprisal__max__spread8_p1 + entropy_excess_over_top1__max__flat_top5_p1,2,False,0.7824321666170583,0.7715029232736406,0.7765471894321408,0.6356181254631851,5.923076923076923,0
entropy_excess_over_top1__max__flat_top8_p1 + top1_surprisal__max__spread4_p1 + top1_surprisal__max__flat_top3_p2,3,False,0.7823356571228895,0.7661749952232046,0.7736337622538284,0.6314747974240466,6.923076923076923,0
top1_surprisal__max__flat_top8_p1 + entropy_excess_over_top1__max__flat_top8_p1,2,False,0.7823082710934299,0.7689138631798131,0.7750958976014826,0.6310443442548467,5.923076923076923,0
target_nll__max__spread4_p1 + entropy_excess_over_top1__max__flat_top5_p1,2,False,0.7822982068429436,0.7691345820778096,0.7752101012001791,0.6357555571449727,5.923076923076923,0
top1_surprisal__max__flat_top8_p1 + target_nll__cvar80__organic_all_p1,2,False,0.7822749211078671,0.76270323865014,0.7717363228613987,0.6318828109254593,6.0,0
entropy_excess_over_top1__max__flat_top8_p1 + top1_surprisal__max__flat_top5_p1 + top1_surprisal__max__flat_top3_p2,3,False,0.7821806944695116,0.7635615980741444,0.7721550271796984,0.6267659560198321,6.923076923076923,0
target_nll__max__spread8_p1 + kl_to_final__max__spread4_p1,2,False,0.7820933601686365,0.760968716862965,0.7707185522348136,0.6299084394738578,5.538461538461538,0
top1_surprisal__max__spread8_p1 + target_nll__max__spread4_p1 + kl_to_final__std__organic_all_p1,3,False,0.7820742772033517,0.7660180609948949,0.7734286223218749,0.6328885160927629,6.615384615384615,0
top1_surprisal__max__spread8_p1 + target_nll__max__spread4_p1 + entropy_excess_over_top1__max__flat_top8_p1 + target_nll__max__spread8_p1 + top1_surprisal__max__spread4_p1,5,True,0.7820477119858058,0.7451000338955792,0.7621528083987605,0.6174065771076449,4.923076923076923,1
top1_surprisal__max__spread4_p1 + kl_to_final__max__spread4_p1,2,False,0.7819508618918011,0.7615874567603245,0.7709859514363905,0.6270107309654978,5.538461538461538,0
entropy_excess_over_top1__max__flat_top5_p1 + target_gap__max__spread8_p1,2,False,0.7819449989322979,0.7688778343644763,0.7749088333957784,0.6367802004293102,5.846153846153846,0
entropy_excess_over_top1__max__flat_top8_p1 + kl_to_final__max__spread4_p1,2,False,0.7819220624674603,0.7656371212622199,0.7731532479723311,0.62902632394289,5.538461538461538,0
entropy_excess_over_top1__max__flat_top8_p1 + top1_surprisal__max__flat_top5_p1,2,False,0.7819182368288896,0.7679310543021708,0.7743866770068103,0.6316146299436851,5.923076923076923,0
top1_surprisal__max__flat_top8_p1 + entropy_excess_over_top1__max__flat_top5_p1,2,False,0.7818809718729346,0.7699537027737376,0.775458596204136,0.6309985308853181,5.923076923076923,0
target_nll__max__spread8_p1 + top1_surprisal__max__spread4_p1 + kl_to_final__std__organic_all_p1,3,False,0.7818775133338777,0.7673677347760851,0.7740645556489123,0.6346096717324428,6.615384615384615,0
entropy_excess_over_top1__max__flat_top8_p1 + top1_surprisal__max__flat_top3_p2,2,False,0.7818257889003318,0.7671850313883267,0.7739423040861753,0.6323351559767835,5.923076923076923,0
top1_surprisal__max__flat_top8_p1 + target_nll__max__spread4_p1 + entropy_excess_over_top1__max__flat_top8_p1 + target_nll__max__spread8_p1 + top1_surprisal__max__flat_top5_p1,5,True,0.7817917167334918,0.7438250175709346,0.761348109492115,0.6162300435114705,5.0,0
entropy_excess_over_top1__max__flat_top8_p1 + target_nll__max__spread8_p1 + top1_surprisal__max__spread4_p1 + top1_surprisal__max__flat_top3_p2 + kl_to_final__std__organic_all_p1,5,True,0.7817134743692523,0.7493612099009525,0.7642930242709369,0.6215688401169032,4.538461538461538,6
entropy_excess_over_top1__max__flat_top8_p1 + target_nll__max__spread8_p1 + top1_surprisal__max__flat_top5_p1 + top1_surprisal__max__flat_top3_p2 + kl_to_final__std__organic_all_p1,5,True,0.7815133472488988,0.7435980184735358,0.7610974009852419,0.6157316440894882,4.538461538461538,6
target_nll__max__spread4_p1 + entropy_excess_over_top1__max__flat_top8_p1 + top1_surprisal__max__flat_top5_p1 + top1_surprisal__max__flat_top3_p2 + kl_to_final__std__organic_all_p1,5,True,0.7814600622976795,0.7450073552087693,0.761831681557497,0.6168735276043152,4.461538461538462,7
top1_surprisal__max__spread4_p1 + entropy_excess_over_top1__max__flat_top5_p1,2,False,0.7814441312886876,0.7700615171440566,0.7753150313646555,0.6336109332891253,5.923076923076923,0
top1_surprisal__max__flat_top5_p1 + kl_to_final__max__spread4_p1,2,False,0.7814398875958601,0.7620796077372409,0.771015121518142,0.6262416289269055,5.538461538461538,0
top1_surprisal__max__spread8_p1 + top1_surprisal__max__flat_top8_p1,2,False,0.7814288015061153,0.763112191515822,0.7715660115113419,0.6251558537466226,5.923076923076923,0
top1_surprisal__max__flat_top5_p1 + target_nll__cvar80__organic_all_p1,2,False,0.781350549795046,0.7629642511961661,0.7714502351648799,0.6318711057842843,6.0,0
target_nll__max__spread4_p1 + entropy_excess_over_top1__max__flat_top8_p1 + top1_surprisal__max__spread4_p1 + top1_surprisal__max__flat_top3_p2 + kl_to_final__std__organic_all_p1,5,True,0.781308281001837,0.7486081646974057,0.7637005260686818,0.6202128043553713,4.538461538461538,6
top1_surprisal__max__spread8_p1 + top1_surprisal__max__flat_top3_p2,2,False,0.7812756268789368,0.7646451293521419,0.7723207435952779,0.630936521398839,5.923076923076923,0
target_nll__max__spread8_p1 + top1_surprisal__max__flat_top5_p1 + kl_to_final__std__organic_all_p1,3,False,0.7812447111611412,0.76672649012948,0.7734272075287083,0.6320300794856645,6.615384615384615,0
top1_surprisal__max__spread4_p1 + target_nll__cvar80__organic_all_p1,2,False,0.781210524544118,0.7631613526318297,0.7714917396682706,0.6344166611921096,6.0,0
top1_surprisal__max__flat_top8_p1 + top1_surprisal__max__flat_top3_p2,2,False,0.7811830697445769,0.7625275039897579,0.7711377651073666,0.6239196323407816,5.923076923076923,0
top1_surprisal__max__flat_top5_p1 + entropy_excess_over_top1__max__flat_top5_p1,2,False,0.7811356379980233,0.7696853591417906,0.7749701032292827,0.6328351412236523,5.923076923076923,0
entropy_excess_over_top1__max__flat_top8_p1 + target_nll__cvar80__organic_all_p1,2,False,0.7810438380425846,0.7628622862917889,0.7712537717152331,0.6322138656813867,6.0,0
target_nll__max__spread4_p1 + top1_surprisal__max__flat_top3_p2 + kl_to_final__std__organic_all_p1,3,False,0.7809873969573419,0.7659500507749776,0.7728903643976074,0.6343819356581846,6.615384615384615,0
target_nll__max__spread4_p1 + kl_to_final__max__spread4_p1,2,False,0.780979356226815,0.7594381626552037,0.7693802519959474,0.6268580960248037,5.538461538461538,0
top1_surprisal__max__flat_top8_p1 + target_nll__max__spread4_p1 + target_nll__max__spread8_p1 + top1_surprisal__max__flat_top3_p2 + kl_to_final__std__organic_all_p1,5,True,0.7809331018452247,0.7430617282161963,0.7605408237372863,0.6154814505789615,4.538461538461538,6
top1_surprisal__max__spread8_p1 + top1_surprisal__max__flat_top8_p1 + top1_surprisal__max__flat_top3_p2,3,False,0.7809134193417937,0.7557569498859412,0.7673676280963347,0.6213070036031674,6.923076923076923,0
entropy_excess_over_top1__max__flat_top8_p1 + target_nll__max__spread8_p1 + kl_to_final__std__organic_all_p1,3,False,0.7807952669252286,0.766066769639392,0.7728645376174705,0.6291554977301613,6.615384615384615,0
top1_surprisal__max__flat_top8_p1 + entropy_excess_over_top1__max__flat_top8_p1 + target_nll__max__spread8_p1 + top1_surprisal__max__spread4_p1 + kl_to_final__std__organic_all_p1,5,True,0.7807717569546527,0.7491805114259338,0.7637610862853426,0.6195508578008392,4.538461538461538,6
target_nll__max__spread4_p1 + entropy_excess_over_top1__max__flat_top8_p1 + target_nll__max__spread8_p1 + top1_surprisal__max__flat_top3_p2 + kl_to_final__std__organic_all_p1,5,True,0.7807531740616008,0.7443118371682172,0.7611309157343942,0.6176599649048478,4.538461538461538,6
top1_surprisal__max__flat_top8_p1 + target_nll__max__spread4_p1 + entropy_excess_over_top1__max__flat_top8_p1 + top1_surprisal__max__spread4_p1 + kl_to_final__std__organic_all_p1,5,True,0.7806823814755833,0.748803838149192,0.7635170119921418,0.6172828702503608,4.538461538461538,6
top1_surprisal__max__flat_top3_p2 + entropy_excess_over_top1__max__flat_top5_p1,2,False,0.7806518041486717,0.7694274383154195,0.7746079148538436,0.633558046595856,5.923076923076923,0
top1_surprisal__max__spread8_p1 + target_nll__max__spread4_p1 + target_nll__max__spread8_p1 + top1_surprisal__max__flat_top3_p2 + kl_to_final__std__organic_all_p1,5,True,0.7805954064761981,0.7439012910900841,0.7608370366529059,0.6158112713929579,4.461538461538462,7
top1_surprisal__max__spread4_p1 + top1_surprisal__max__flat_top5_p1,2,False,0.7805833860210217,0.7634770956679723,0.7713723066001488,0.6265899113146006,5.923076923076923,0
top1_surprisal__max__spread8_p1,1,False,0.7805825108961568,0.7687062268121438,0.7741875886970729,0.6358548201023123,4.923076923076923,1
top1_surprisal__max__flat_top3_p2 + target_nll__cvar80__organic_all_p1,2,False,0.7805663517403336,0.7637376905128087,0.7715047649255126,0.6340787320444974,6.0,0
top1_surprisal__max__flat_top8_p1 + top1_surprisal__max__spread4_p1,2,False,0.7805392347594179,0.7643017968706809,0.7717959989731749,0.6251019608123117,5.923076923076923,0
top1_surprisal__max__flat_top8_p1,1,False,0.7804799764036575,0.7670763170324009,0.7732626213575963,0.630024829711507,4.923076923076923,1
top1_surprisal__max__spread8_p1 + top1_surprisal__max__flat_top8_p1 + target_nll__max__spread4_p1 + target_nll__max__spread8_p1 + top1_surprisal__max__flat_top3_p2,5,True,0.7804792082946289,0.7359064447861314,0.7564784894823611,0.6101255706634473,5.0,0
entropy_excess_over_top1__max__flat_top5_p1 + kl_to_final__max__spread4_p1,2,False,0.7804650368887951,0.7683384358962791,0.7739353286620556,0.630457755469271,5.461538461538462,0
target_nll__max__spread4_p1 + top1_surprisal__max__flat_top5_p1 + kl_to_final__std__organic_all_p1,3,False,0.7804414321037204,0.7654770338530285,0.7723836791995017,0.6308401489521566,6.615384615384615,0
entropy_excess_over_top1__max__flat_top5_p1 + target_nll__cvar80__organic_all_p1,2,False,0.7803461251453266,0.7649684955489129,0.77206586305495,0.633425756399257,6.0,0
entropy_excess_over_top1__max__flat_top8_p1 + top1_surprisal__max__spread4_p1 + kl_to_final__std__organic_all_p1,3,False,0.7803439518856861,0.7674565915160155,0.7734046039943249,0.6304884005054288,6.615384615384615,0
top1_surprisal__max__spread8_p1 + entropy_excess_over_top1__max__flat_top8_p1 + target_nll__max__spread8_p1 + top1_surprisal__max__spread4_p1 + kl_to_final__std__organic_all_p1,5,True,0.7802980454581524,0.7474001438917453,0.7625837907685485,0.6183944496498412,4.538461538461538,6
entropy_excess_over_top1__max__flat_top8_p1 + target_nll__max__spread8_p1 + top1_surprisal__max__spread4_p1 + top1_surprisal__max__flat_top5_p1 + kl_to_final__std__organic_all_p1,5,True,0.780207854849914,0.7486343614080732,0.7632067429966151,0.6193530772691046,4.538461538461538,6
target_nll__max__spread4_p1,1,False,0.7801395795639859,0.7626085990576078,0.7706998208297823,0.6302837944167282,4.923076923076923,1
target_nll__max__spread4_p1 + target_nll__cvar80__organic_all_p1,2,False,0.7801186484439905,0.7611487065786348,0.7699040643626451,0.6352223005498558,6.0,0
top1_surprisal__max__spread8_p1 + top1_surprisal__max__flat_top5_p1,2,False,0.7800664163756325,0.7625713586800834,0.7706460006934138,0.625931594116574,5.923076923076923,0
target_nll__max__spread4_p1 + entropy_excess_over_top1__max__flat_top8_p1 + top1_surprisal__max__spread4_p1 + top1_surprisal__max__flat_top5_p1 + kl_to_final__std__organic_all_p1,5,True,0.780033187675459,0.7488372148091976,0.7632353561320875,0.6185742970844922,4.538461538461538,6
entropy_excess_over_top1__max__flat_top8_p1 + entropy_excess_over_top1__max__flat_top5_p1,2,False,0.7800028087272883,0.7683171321083113,0.7737105213170697,0.6297560717503153,5.923076923076923,0
kl_to_final__max__spread4_p1 + target_gap__max__spread8_p1,2,False,0.7799846637023379,0.7628882272814224,0.7707788902449217,0.6299516017602721,5.461538461538462,0
top1_surprisal__max__spread8_p1 + target_nll__max__spread4_p1 + entropy_excess_over_top1__max__flat_top8_p1 + top1_surprisal__max__spread4_p1 + kl_to_final__std__organic_all_p1,5,True,0.779952822787473,0.7478176167209004,0.7626492502900877,0.6170081095852329,4.538461538461538,6
top1_surprisal__max__flat_top8_p1 + top1_surprisal__max__spread4_p1 + top1_surprisal__max__flat_top3_p2,3,False,0.7799341119866118,0.7580369016788514,0.7681433064362793,0.623110063625769,6.923076923076923,0
top1_surprisal__max__spread8_p1 + top1_surprisal__max__spread4_p1,2,False,0.7799191233685917,0.7654476481371439,0.7721267905516581,0.6308409420323096,5.923076923076923,0
target_nll__max__spread4_p1 + target_nll__max__spread8_p1 + top1_surprisal__max__flat_top5_p1 + top1_surprisal__max__flat_top3_p2 + kl_to_final__std__organic_all_p1,5,True,0.7798597572370243,0.7420249019011396,0.759487142825394,0.6143083108902013,4.461538461538462,7
top1_surprisal__max__flat_top8_p1 + target_nll__max__spread4_p1 + entropy_excess_over_top1__max__flat_top8_p1 + top1_surprisal__max__spread4_p1 + top1_surprisal__max__flat_top3_p2,5,True,0.7798534820310071,0.7343132903896477,0.7553318403779674,0.6017691307267247,4.769230769230769,3
top1_surprisal__max__spread8_p1 + top1_surprisal__max__spread4_p1 + top1_surprisal__max__flat_top5_p1,3,False,0.7798379445525345,0.7569863251551369,0.7675332264154744,0.6230437014101488,6.923076923076923,0
top1_surprisal__max__spread8_p1 + top1_surprisal__max__flat_top8_p1 + entropy_excess_over_top1__max__flat_top8_p1 + target_nll__max__spread8_p1 + kl_to_final__std__organic_all_p1,5,True,0.7797768420563097,0.7444204383149036,0.760738778503245,0.614081205556547,4.538461538461538,6
top1_surprisal__max__spread8_p1 + entropy_excess_over_top1__max__flat_top8_p1 + target_nll__max__spread8_p1 + top1_surprisal__max__flat_top5_p1 + kl_to_final__std__organic_all_p1,5,True,0.7797275422152774,0.7440659345856002,0.7605251381069896,0.6145416911552556,4.538461538461538,6
target_nll__max__spread8_p1 + target_nll__cvar80__organic_all_p1,2,False,0.7796987360476524,0.7623164239002425,0.7703390295067393,0.6357551713200746,6.0,0
entropy_excess_over_top1__max__flat_top8_p1,1,False,0.7796632417527168,0.7672671397121311,0.7729884175770169,0.6317552653008629,4.923076923076923,1
top1_surprisal__max__spread8_p1 + entropy_excess_over_top1__max__flat_top8_p1 + kl_to_final__std__organic_all_p1,3,False,0.7796410714994906,0.7683339239760683,0.7735526074484173,0.629669118461779,6.615384615384615,0
top1_surprisal__max__flat_top8_p1 + target_nll__max__spread4_p1 + entropy_excess_over_top1__max__flat_top8_p1 + target_nll__max__spread8_p1 + kl_to_final__std__organic_all_p1,5,True,0.7796100763416035,0.7453481163463049,0.7611613286518273,0.616698740229494,4.538461538461538,6
target_nll__max__spread8_p1,1,False,0.7796095727744605,0.7650007625764808,0.7717432903601638,0.6329660702548139,4.923076923076923,1
top1_surprisal__max__spread8_p1 + top1_surprisal__max__flat_top8_p1 + target_nll__max__spread4_p1 + entropy_excess_over_top1__max__flat_top8_p1 + kl_to_final__std__organic_all_p1,5,True,0.7795912693617338,0.7445626736175825,0.7607297178071909,0.6124885523918494,4.538461538461538,6
top1_surprisal__max__spread8_p1 + target_nll__max__spread4_p1 + entropy_excess_over_top1__max__flat_top8_p1 + top1_surprisal__max__flat_top5_p1 + kl_to_final__std__organic_all_p1,5,True,0.7795759189753649,0.7452436326675417,0.7610893032711524,0.6156395768927023,4.538461538461538,6
kl_to_final__std__organic_all_p1 + kl_to_final__max__spread4_p1,2,False,0.7795660061064345,0.7517928546848588,0.7646112322640477,0.6180356816828385,5.615384615384615,0
top1_surprisal__max__spread8_p1 + top1_surprisal__max__spread4_p1 + top1_surprisal__max__flat_top3_p2,3,False,0.7795353891626166,0.7578140135951257,0.7678392638570445,0.6249374385428557,6.923076923076923,0
top1_surprisal__max__spread4_p1 + top1_surprisal__max__flat_top3_p2,2,False,0.7795309772807317,0.7639613731080768,0.7711473442646868,0.6304328313458014,5.923076923076923,0
top1_surprisal__max__flat_top8_p1 + target_nll__max__spread4_p1 + target_nll__max__spread8_p1 + top1_surprisal__max__spread4_p1 + top1_surprisal__max__flat_top3_p2,5,True,0.779523783320523,0.7371539723807008,0.7567092697375417,0.6116603308638277,5.0,0
target_nll__max__spread4_p1 + entropy_excess_over_top1__max__flat_top8_p1 + target_nll__max__spread8_p1 + top1_surprisal__max__flat_top5_p1 + kl_to_final__std__organic_all_p1,5,True,0.7795176495073078,0.7442464928725405,0.760525488242433,0.6163648016520942,4.538461538461538,6
top1_surprisal__max__flat_top8_p1 + top1_surprisal__max__flat_top5_p1,2,False,0.7795124379347517,0.7600897140051946,0.7690540481265286,0.6202770761673045,5.923076923076923,0
top1_surprisal__max__spread8_p1 + target_nll__max__spread4_p1 + entropy_excess_over_top1__max__flat_top8_p1 + target_nll__max__spread8_p1 + kl_to_final__std__organic_all_p1,5,True,0.7794767300978628,0.7431896496821997,0.7599375329509674,0.6163658611773749,4.538461538461538,6
target_gap__max__spread8_p1 + target_nll__cvar80__organic_all_p1,2,False,0.7794619212107872,0.7609941770645369,0.7695177512858833,0.6347369013804289,5.923076923076923,0
top1_surprisal__max__flat_top8_p1 + top1_surprisal__max__spread4_p1 + kl_to_final__std__organic_all_p1,3,False,0.7794355277107045,0.7649445789476134,0.771632709145963,0.626705128456847,6.615384615384615,0
top1_surprisal__max__flat_top5_p1 + top1_surprisal__max__flat_top3_p2,2,False,0.7793842683443035,0.7607878731373547,0.7693708247713311,0.6224554470292486,5.923076923076923,0
top1_surprisal__max__spread8_p1 + top1_surprisal__max__flat_top5_p1 + top1_surprisal__max__flat_top3_p2,3,False,0.7793806015529293,0.7543847124405465,0.7659212766462618,0.6210008170793724,6.923076923076923,0
top1_surprisal__max__spread4_p1,1,False,0.7793479804624526,0.7665602349637196,0.77246227134775,0.6322066621595333,4.923076923076923,1
top1_surprisal__max__spread8_p1 + top1_surprisal__max__flat_top8_p1 + target_nll__max__spread4_p1 + target_nll__max__spread8_p1 + kl_to_final__std__organic_all_p1,5,True,0.7792588351273574,0.7445271495224188,0.7605571582631595,0.6137160200719797,4.538461538461538,6
top1_surprisal__max__spread8_p1 + target_nll__max__spread4_p1 + target_nll__max__spread8_p1 + top1_surprisal__max__flat_top5_p1 + top1_surprisal__max__flat_top3_p2,5,True,0.7792490705980549,0.7349735293984109,0.7554083945674775,0.6103101413639415,5.0,0
top1_surprisal__max__flat_top8_p1 + entropy_excess_over_top1__max__flat_top8_p1 + kl_to_final__std__organic_all_p1,3,False,0.7792479761925843,0.7665804496180153,0.7724270003447397,0.6255775890249134,6.615384615384615,0
top1_surprisal__max__flat_top8_p1 + top1_surprisal__max__flat_top5_p1 + top1_surprisal__max__flat_top3_p2,3,False,0.7792189658280702,0.7525093575294276,0.7648368690518781,0.6158675093217814,6.923076923076923,0
top1_surprisal__max__spread8_p1 + top1_surprisal__max__flat_top8_p1 + kl_to_final__std__organic_all_p1,3,False,0.7792003808431297,0.7639756047677079,0.7710024244948256,0.6240390524706274,6.615384615384615,0
top1_surprisal__max__flat_top5_p1,1,False,0.7791899710985705,0.7662440304172744,0.7722190799624878,0.6293931691367891,4.923076923076923,1
target_nll__max__flat_top8_p1 + kl_to_final__max__spread4_p1,2,False,0.7791785899205964,0.7603226205463977,0.7690253756421819,0.6276177581895918,5.538461538461538,0
top1_surprisal__max__spread8_p1 + target_nll__max__spread4_p1 + target_nll__max__spread8_p1 + top1_surprisal__max__flat_top5_p1 + kl_to_final__std__organic_all_p1,5,True,0.7791634677588078,0.7437985407365001,0.760120814746796,0.6125360745609437,4.538461538461538,6
target_nll__max__spread4_p1 + target_nll__max__spread8_p1 + top1_surprisal__max__spread4_p1 + top1_surprisal__max__flat_top3_p2 + kl_to_final__std__organic_all_p1,5,True,0.7790496658048683,0.7407061293101728,0.7584031461538785,0.6146308432792913,4.461538461538462,7
top1_surprisal__max__flat_top8_p1 + target_nll__max__spread4_p1 + target_nll__max__spread8_p1 + top1_surprisal__max__flat_top5_p1 + top1_surprisal__max__flat_top3_p2,5,True,0.7790454843467245,0.7329104209084442,0.7542035271107275,0.6066416865509198,5.0,0
top1_surprisal__max__flat_top8_p1 + entropy_excess_over_top1__max__flat_top8_p1 + target_nll__max__spread8_p1 + top1_surprisal__max__flat_top5_p1 + kl_to_final__std__organic_all_p1,5,True,0.7790183470801509,0.7400692718901966,0.758045768131714,0.6083979515095378,4.538461538461538,6
top1_surprisal__max__flat_top8_p1 + target_nll__max__spread4_p1 + entropy_excess_over_top1__max__flat_top8_p1 + top1_surprisal__max__flat_top5_p1 + kl_to_final__std__organic_all_p1,5,True,0.7790094784666352,0.7407205200926811,0.7583923470345061,0.6077152201945623,4.538461538461538,6
target_nll__max__flat_top8_p1 + target_nll__cvar80__organic_all_p1,2,False,0.7790046358904147,0.761843021688228,0.769763766704622,0.6335191053940251,6.0,0
top1_surprisal__max__flat_top8_p1 + target_nll__max__spread4_p1 + target_nll__max__spread8_p1 + top1_surprisal__max__spread4_p1 + kl_to_final__std__organic_all_p1,5,True,0.7789582648017467,0.743393546538586,0.7598080318908138,0.6144428312949944,4.538461538461538,6
top1_surprisal__max__spread8_p1 + top1_surprisal__max__flat_top8_p1 + target_nll__max__spread4_p1 + entropy_excess_over_top1__max__flat_top8_p1 + top1_surprisal__max__flat_top3_p2,5,True,0.7789365676096004,0.7318433459957702,0.7535786790483071,0.5989163458979825,4.769230769230769,3
top1_surprisal__max__spread8_p1 + top1_surprisal__max__flat_top8_p1 + top1_surprisal__max__spread4_p1,3,False,0.7788629253420423,0.7578538101573328,0.767550324857968,0.6220257694071265,6.923076923076923,0
kl_to_final__std__organic_all_p1 + target_nll__cvar80__organic_all_p1,2,False,0.778827982204164,0.7600204723568412,0.7687008615171441,0.6313705629141962,5.615384615384615,0
top1_surprisal__max__flat_top8_p1 + target_nll__max__spread4_p1 + target_nll__max__spread8_p1 + top1_surprisal__max__flat_top5_p1 + kl_to_final__std__organic_all_p1,5,True,0.7788262966713672,0.7422613136355088,0.7591374596520589,0.6114244660090853,4.538461538461538,6
target_nll__max__spread4_p1 + entropy_excess_over_top1__max__flat_top8_p1 + target_nll__max__spread8_p1 + top1_surprisal__max__spread4_p1 + kl_to_final__std__organic_all_p1,5,True,0.77872070134634,0.740527162285667,0.7581549495444391,0.6166401907180117,4.538461538461538,6
target_nll__max__spread8_p1 + top1_surprisal__max__flat_top3_p2 + kl_to_final__std__organic_all_p1,3,False,0.7786977976866926,0.7667372026048284,0.7722574772579964,0.6324416458154892,6.615384615384615,0
top1_surprisal__max__spread4_p1 + top1_surprisal__max__flat_top5_p1 + top1_surprisal__max__flat_top3_p2,3,False,0.778653194320146,0.7563119327636377,0.7666232842512568,0.6230781563076719,6.923076923076923,0
top1_surprisal__max__flat_top8_p1 + target_nll__max__spread4_p1 + target_nll__max__spread8_p1 + top1_surprisal__max__spread4_p1 + top1_surprisal__max__flat_top5_p1,5,True,0.7785831609490899,0.7354173979556189,0.7553400577987592,0.6083520544072979,5.0,0
target_nll__max__spread4_p1 + target_nll__max__spread8_p1 + top1_surprisal__max__spread4_p1 + top1_surprisal__max__flat_top5_p1 + kl_to_final__std__organic_all_p1,5,True,0.7785700967320518,0.7420859361847708,0.758924779514285,0.6135135127370172,4.538461538461538,6
top1_surprisal__max__spread8_p1 + target_nll__max__spread4_p1 + target_nll__max__spread8_p1 + top1_surprisal__max__spread4_p1 + top1_surprisal__max__flat_top3_p2,5,True,0.7784228506266944,0.7366420142995602,0.755925477219776,0.6110774556871107,5.0,0
top1_surprisal__max__flat_top3_p2 + kl_to_final__max__spread4_p1,2,False,0.7783798192183374,0.762042419550378,0.7695827578586669,0.627556732060108,5.538461538461538,0
top1_surprisal__max__spread8_p1 + target_nll__max__spread4_p1 + target_nll__max__spread8_p1 + top1_surprisal__max__spread4_p1 + kl_to_final__std__organic_all_p1,5,True,0.7783596067869712,0.7434864131453679,0.7595817332876463,0.6137775355426629,4.538461538461538,6
target_nll__max__spread4_p1 + target_nll__max__spread8_p1 + top1_surprisal__max__spread4_p1 + top1_surprisal__max__flat_top5_p1 + top1_surprisal__max__flat_top3_p2,5,True,0.7783157171603267,0.7362957708064416,0.7556895922005423,0.6110533273932902,5.0,0
top1_surprisal__max__flat_top3_p2,1,False,0.7782793016886801,0.7663200585772189,0.7718397092440472,0.6319792126023048,4.923076923076923,1
top1_surprisal__max__spread8_p1 + top1_surprisal__max__flat_top8_p1 + target_nll__max__spread4_p1 + target_nll__max__spread8_p1 + top1_surprisal__max__spread4_p1,5,True,0.7782525767285801,0.7364004738262718,0.7557168290119525,0.6084101999568614,5.0,0
target_nll__max__spread4_p1 + entropy_excess_over_top1__max__flat_top8_p1 + top1_surprisal__max__spread4_p1 + top1_surprisal__max__flat_top5_p1 + top1_surprisal__max__flat_top3_p2,5,True,0.7781724091648582,0.7326507858343237,0.7536607658330321,0.6001295839592038,4.769230769230769,3
kl_to_final__std__organic_all_p1 + target_gap__max__spread8_p1,2,False,0.7781713197327336,0.7624068467064743,0.7696827573339786,0.6324508545533413,5.538461538461538,0
top1_surprisal__max__spread8_p1 + target_nll__max__spread4_p1 + target_nll__max__spread8_p1 + top1_surprisal__max__spread4_p1 + top1_surprisal__max__flat_top5_p1,5,True,0.7780369711046,0.7360517242257174,0.7554295304775095,0.6092423378521313,5.0,0
kl_to_final__std__organic_all_p1,1,False,0.7779558913884473,0.758322316125508,0.7673839662468646,0.6273386989704941,4.615384615384615,5
entropy_excess_over_top1__max__flat_top5_p1,1,False,0.7779461257179978,0.7689972100030478,0.7731274787945632,0.6323455899706933,4.923076923076923,1
target_nll__max__flat_top8_p1,1,False,0.7779376117956184,0.7651101840503879,0.7710305353174174,0.6335801810816899,4.923076923076923,1
kl_to_final__max__spread4_p1,1,False,0.7779372061563982,0.7635921649621793,0.7702129532056651,0.6295463724524931,4.538461538461538,6
top1_surprisal__max__spread8_p1 + target_nll__max__spread4_p1 + entropy_excess_over_top1__max__flat_top8_p1 + top1_surprisal__max__spread4_p1 + top1_surprisal__max__flat_top3_p2,5,True,0.7777907654972264,0.7367683122133657,0.7557017521905321,0.6049631016770267,4.6923076923076925,4
top1_surprisal__max__flat_top8_p1 + top1_surprisal__max__flat_top5_p1 + kl_to_final__std__organic_all_p1,3,False,0.7777718888425028,0.7620584437492154,0.7693108030230403,0.6209194028789049,6.615384615384615,0
top1_surprisal__max__spread8_p1 + top1_surprisal__max__flat_top8_p1 + top1_surprisal__max__flat_top5_p1,3,False,0.7777694924971099,0.7524021581288357,0.7641101586065009,0.6160715699421337,6.923076923076923,0
top1_surprisal__max__spread8_p1 + top1_surprisal__max__spread4_p1 + kl_to_final__std__organic_all_p1,3,False,0.7777665065277594,0.7657966132129405,0.7713211793582414,0.6253908156851871,6.615384615384615,0
top1_surprisal__max__flat_top8_p1 + top1_surprisal__max__spread4_p1 + top1_surprisal__max__flat_top5_p1,3,False,0.7777289029540319,0.756350881702104,0.7662176607414555,0.6203237956060371,6.923076923076923,0
top1_surprisal__max__spread8_p1 + target_nll__max__spread4_p1 + entropy_excess_over_top1__max__flat_top8_p1 + top1_surprisal__max__flat_top5_p1 + top1_surprisal__max__flat_top3_p2,5,True,0.777700829809338,0.7307509099923312,0.7524201037540266,0.5970377991471507,4.769230769230769,3
target_gap__max__spread8_p1,1,False,0.7776668932306499,0.7637039308798711,0.7701483750417689,0.6313011961020816,4.923076923076923,1
target_nll__cvar80__organic_all_p1,1,False,0.7776459435427837,0.7571786135534728,0.7666250735485393,0.6288690524739129,5.0,0
entropy_excess_over_top1__max__flat_top8_p1 + top1_surprisal__max__flat_top5_p1 + kl_to_final__std__organic_all_p1,3,False,0.777617515373591,0.7665477070082366,0.7716568493307078,0.6256040445716183,6.615384615384615,0
top1_surprisal__max__spread4_p1 + top1_surprisal__max__flat_top5_p1 + kl_to_final__std__organic_all_p1,3,False,0.7775849923421975,0.7649214331733971,0.7707661527897665,0.6251921794571846,6.615384615384615,0
top1_surprisal__max__flat_top8_p1 + entropy_excess_over_top1__max__flat_top8_p1 + target_nll__max__spread8_p1 + top1_surprisal__max__spread4_p1 + top1_surprisal__max__flat_top3_p2,5,True,0.7775646077130726,0.7294529087030465,0.7516583082461353,0.5970213578965002,4.923076923076923,1
top1_surprisal__max__organic_top8_p1,1,False,0.7775372495263269,0.7630704470682738,0.7697474328181445,0.626336805376098,4.923076923076923,1
top1_surprisal__max__spread8_p1 + top1_surprisal__max__flat_top8_p1 + entropy_excess_over_top1__max__flat_top8_p1 + target_nll__max__spread8_p1 + top1_surprisal__max__flat_top3_p2,5,True,0.7774676704741621,0.7264898042356887,0.7500180501919071,0.5925238680360823,4.923076923076923,1
kl_to_final__max__spread8_p1,1,False,0.7773499246379116,0.7627070947258786,0.7694653239160476,0.6289667696686853,4.538461538461538,6
entropy__max__flat_top8_p1,1,False,0.7773119306025983,0.7692258719649285,0.7729578990284686,0.6270254639719407,4.923076923076923,1
top1_surprisal__max__spread8_p1 + top1_surprisal__max__flat_top5_p1 + kl_to_final__std__organic_all_p1,3,False,0.777305547225029,0.7639659880681163,0.7701227076789989,0.6229506037229792,6.615384615384615,0
kl_to_final__max__organic_top8_p1,1,False,0.7772933289025268,0.7615172654197567,0.7687985254887274,0.625392682729871,4.461538461538462,7
top1_surprisal__max__spread8_p1 + top1_surprisal__max__flat_top8_p1 + target_nll__max__spread4_p1 + target_nll__max__spread8_p1 + top1_surprisal__max__flat_top5_p1,5,True,0.7772499136672062,0.7327450467205914,0.7532857545421058,0.6044087615010879,5.0,0
top1_surprisal__max__spread8_p1 + top1_surprisal__max__flat_top8_p1 + target_nll__max__spread4_p1 + entropy_excess_over_top1__max__flat_top8_p1 + top1_surprisal__max__spread4_p1,5,True,0.7772235723398971,0.7339524355376797,0.7539237294463954,0.5991958292485515,4.769230769230769,3
entropy_excess_over_top1__max__spread4_p1,1,False,0.7772148838198868,0.7702698848033261,0.7734752689648156,0.6350634467180505,4.923076923076923,1
entropy_excess_over_top1__max__spread8_p1,1,False,0.7771159178393163,0.7700158939910261,0.7732928280748522,0.6339491524084067,4.923076923076923,1
top1_surprisal__max__flat_top8_p1 + kl_to_final__std__organic_all_p1,2,False,0.7770611135517274,0.7639387299816011,0.7699952147062746,0.6261264967151233,5.615384615384615,0
kl_to_final__max__spread4_p1 + target_nll__cvar80__organic_all_p1,2,False,0.7769413844606649,0.7612267467999005,0.7684796564894842,0.6301601944999818,5.538461538461538,0
top1_surprisal__max__flat_top8_p1 + top1_surprisal__max__flat_top3_p2 + kl_to_final__std__organic_all_p1,3,False,0.7769354438807978,0.7631883813269171,0.7695331794287082,0.6229894146598879,6.615384615384615,0
top1_surprisal__max__spread8_p1 + target_nll__max__spread4_p1 + entropy_excess_over_top1__max__flat_top8_p1 + top1_surprisal__max__spread4_p1 + top1_surprisal__max__flat_top5_p1,5,True,0.7769283712871613,0.7334020979794554,0.7534911471983966,0.5999160673568464,4.769230769230769,3
top1_surprisal__max__flat_top8_p1 + target_nll__max__spread4_p1 + entropy_excess_over_top1__max__flat_top8_p1 + top1_surprisal__max__flat_top5_p1 + top1_surprisal__max__flat_top3_p2,5,True,0.7767703542738656,0.7273550726517846,0.7501621257081297,0.5881767661862354,4.769230769230769,3
target_nll__max__spread8_p1 + kl_to_final__std__organic_all_p1,2,False,0.7767126096730137,0.7634317573581083,0.7695613815034492,0.629839244075142,5.615384615384615,0
top1_surprisal__max__spread8_p1 + entropy_excess_over_top1__max__flat_top8_p1 + target_nll__max__spread8_p1 + top1_surprisal__max__spread4_p1 + top1_surprisal__max__flat_top3_p2,5,True,0.7765203775275151,0.7280166947718403,0.750403009889844,0.5954161181275457,4.846153846153846,2
entropy_excess_over_top1__max__flat_top8_p1 + top1_surprisal__max__flat_top3_p2 + kl_to_final__std__organic_all_p1,3,False,0.7764988478347102,0.7662972588338857,0.7710056845265739,0.6272207914477147,6.615384615384615,0
top1_surprisal__max__spread8_p1 + entropy_excess_over_top1__max__flat_top8_p1 + target_nll__max__spread8_p1 + top1_surprisal__max__flat_top5_p1 + top1_surprisal__max__flat_top3_p2,5,True,0.7764354012469298,0.7246456832840423,0.7485486300361442,0.5899218366729964,4.846153846153846,2
top1_surprisal__max__spread8_p1 + top1_surprisal__max__flat_top8_p1 + entropy_excess_over_top1__max__flat_top8_p1 + top1_surprisal__max__spread4_p1 + top1_surprisal__max__flat_top3_p2,5,True,0.7763820436670925,0.7216723317256682,0.7469229680063255,0.5869761834460842,4.846153846153846,2
top1_surprisal__max__spread8_p1 + kl_to_final__std__organic_all_p1,2,False,0.7763445588113681,0.7658547341060258,0.7706961916623375,0.6288254960829579,5.615384615384615,0
top1_surprisal__max__spread8_p1 + top1_surprisal__max__flat_top8_p1 + target_nll__max__spread8_p1 + top1_surprisal__max__flat_top5_p1 + kl_to_final__std__organic_all_p1,5,True,0.7763051886717361,0.7221217493770352,0.7471294905899742,0.5938145667603278,4.153846153846154,10
top1_surprisal__max__spread4_p1 + kl_to_final__std__organic_all_p1,2,False,0.7762545935981412,0.7647102733634955,0.7700384211641012,0.6287886665807499,5.615384615384615,0
target_nll__max__spread4_p1 + kl_to_final__std__organic_all_p1,2,False,0.7762213519961431,0.7610025922539484,0.7680266352118844,0.6276498414084296,5.615384615384615,0
top1_surprisal__max__spread8_p1 + top1_surprisal__max__flat_top8_p1 + target_nll__max__spread8_p1 + top1_surprisal__max__flat_top3_p2 + kl_to_final__std__organic_all_p1,5,True,0.7761680936092065,0.7274565161138536,0.7499387826501704,0.5957201445124003,4.3076923076923075,9
top1_surprisal__max__spread8_p1 + top1_surprisal__max__flat_top8_p1 + target_nll__max__spread4_p1 + top1_surprisal__max__flat_top3_p2 + kl_to_final__std__organic_all_p1,5,True,0.7759714810232227,0.7296609785497299,0.7510350566144189,0.5946631126728413,4.230769230769231,9
top1_surprisal__max__spread8_p1 + top1_surprisal__max__flat_top3_p2 + kl_to_final__std__organic_all_p1,3,False,0.7759114071919004,0.7647735562110054,0.7699141028175724,0.6245486206686505,6.615384615384615,0
entropy_excess_over_top1__max__flat_top8_p1 + target_nll__max__spread8_p1 + top1_surprisal__max__spread4_p1 + top1_surprisal__max__flat_top5_p1 + top1_surprisal__max__flat_top3_p2,5,True,0.7758740925204699,0.7278838457690883,0.7500331904235721,0.5960914852096798,4.846153846153846,2
top1_surprisal__max__spread8_p1 + entropy_excess_over_top1__max__flat_top8_p1 + top1_surprisal__max__spread4_p1 + top1_surprisal__max__flat_top5_p1 + kl_to_final__std__organic_all_p1,5,True,0.7757662145761861,0.7334979589656069,0.7530063846320281,0.6032994950117652,4.230769230769231,10
top1_surprisal__max__flat_top8_p1 + entropy_excess_over_top1__max__flat_top8_p1 + target_nll__max__spread8_p1 + top1_surprisal__max__flat_top5_p1 + top1_surprisal__max__flat_top3_p2,5,True,0.7757586375538085,0.7208484468352472,0.7461916117822756,0.5808461038694185,4.846153846153846,2
top1_surprisal__max__flat_top8_p1 + target_nll__max__spread4_p1 + entropy_excess_over_top1__max__flat_top8_p1 + top1_surprisal__max__spread4_p1 + top1_surprisal__max__flat_top5_p1,5,True,0.7757494765946144,0.7324628679619009,0.752441302715461,0.5967381284384781,4.769230769230769,3
top1_surprisal__max__spread8_p1 + top1_surprisal__max__flat_top8_p1 + entropy_excess_over_top1__max__flat_top8_p1 + top1_surprisal__max__spread4_p1 + kl_to_final__std__organic_all_p1,5,True,0.7757457727094517,0.7338651989768665,0.753194694545752,0.6021350850073565,4.230769230769231,10
top1_surprisal__max__flat_top8_p1 + target_nll__max__spread8_p1 + top1_surprisal__max__spread4_p1 + top1_surprisal__max__flat_top3_p2 + kl_to_final__std__organic_all_p1,5,True,0.775729047736804,0.727144093908659,0.7495679187524182,0.5955264479012091,4.384615384615385,8
top1_surprisal__max__spread8_p1 + entropy_excess_over_top1__max__flat_top8_p1 + top1_surprisal__max__spread4_p1 + top1_surprisal__max__flat_top5_p1 + top1_surprisal__max__flat_top3_p2,5,True,0.7755508493157324,0.7190722954772336,0.7451393203257713,0.5815986854975714,4.846153846153846,2
top1_surprisal__max__flat_top8_p1 + entropy_excess_over_top1__max__flat_top8_p1 + top1_surprisal__max__spread4_p1 + top1_surprisal__max__flat_top5_p1 + top1_surprisal__max__flat_top3_p2,5,True,0.7754466577653155,0.7202809054586209,0.7457420219078645,0.5853949415026806,4.846153846153846,2
kl_to_final__std__organic_all_p1 + target_nll__max__flat_top8_p1,2,False,0.775398952588093,0.7622998702940685,0.7683456005836184,0.6292104564167396,5.615384615384615,0
top1_surprisal__max__flat_top8_p1 + target_nll__max__spread4_p1 + top1_surprisal__max__spread4_p1 + top1_surprisal__max__flat_top3_p2 + kl_to_final__std__organic_all_p1,5,True,0.7753652449711721,0.7259522699481751,0.7487582584203274,0.5934031652564348,4.3076923076923075,8
top1_surprisal__max__spread4_p1 + top1_surprisal__max__flat_top3_p2 + kl_to_final__std__organic_all_p1,3,False,0.7752649477378147,0.765074391805505,0.7697777253127247,0.6254573816733109,6.615384615384615,0
top1_surprisal__max__spread8_p1 + top1_surprisal__max__flat_top8_p1 + entropy_excess_over_top1__max__flat_top8_p1 + top1_surprisal__max__flat_top5_p1 + top1_surprisal__max__flat_top3_p2,5,True,0.7750464276539315,0.7155302640457225,0.7429992626341265,0.5771622114592222,4.846153846153846,2
top1_surprisal__max__spread8_p1 + target_nll__max__spread8_p1 + top1_surprisal__max__flat_top5_p1 + top1_surprisal__max__flat_top3_p2 + kl_to_final__std__organic_all_p1,5,True,0.7750350770722413,0.7246378254371617,0.7478980954225831,0.5934796659020228,4.230769230769231,9
top1_surprisal__max__flat_top5_p1 + kl_to_final__std__organic_all_p1,2,False,0.7750053593048963,0.7637966276357471,0.7689698884061236,0.6241843301598974,5.615384615384615,0
top1_surprisal__max__spread8_p1 + target_nll__max__spread4_p1 + top1_surprisal__max__flat_top5_p1 + top1_surprisal__max__flat_top3_p2 + kl_to_final__std__organic_all_p1,5,True,0.7748272432923757,0.7247214831364871,0.7478472185930513,0.591342064494694,4.153846153846154,9
top1_surprisal__max__spread8_p1 + top1_surprisal__max__flat_top8_p1 + target_nll__max__spread4_p1 + entropy_excess_over_top1__max__flat_top8_p1 + top1_surprisal__max__flat_top5_p1,5,True,0.7746931208598576,0.7268129938015548,0.7489115139823099,0.5897031038821088,4.6923076923076925,3
top1_surprisal__max__flat_top8_p1 + target_nll__max__spread4_p1 + top1_surprisal__max__flat_top5_p1 + top1_surprisal__max__flat_top3_p2 + kl_to_final__std__organic_all_p1,5,True,0.7746618499816366,0.7236711805735011,0.7472053356849483,0.58822617903487,4.153846153846154,9
top1_surprisal__max__flat_top5_p1 + top1_surprisal__max__flat_top3_p2 + kl_to_final__std__organic_all_p1,3,False,0.7746554363559849,0.7628232315280086,0.7682842491409209,0.6216446739764525,6.615384615384615,0
top1_surprisal__max__spread8_p1 + target_nll__max__spread8_p1 + top1_surprisal__max__spread4_p1 + top1_surprisal__max__flat_top3_p2 + kl_to_final__std__organic_all_p1,5,True,0.7745962453321495,0.7281623052033599,0.7495933544935706,0.5964154213367246,4.3076923076923075,9
top1_surprisal__max__flat_top8_p1 + target_nll__max__spread8_p1 + top1_surprisal__max__flat_top5_p1 + top1_surprisal__max__flat_top3_p2 + kl_to_final__std__organic_all_p1,5,True,0.7744545596795424,0.7227252378901882,0.7466003094852746,0.5890450105383856,4.230769230769231,9
top1_surprisal__max__spread8_p1 + top1_surprisal__max__flat_top8_p1 + entropy_excess_over_top1__max__flat_top8_p1 + target_nll__max__spread8_p1 + top1_surprisal__max__spread4_p1,5,True,0.7744184914584192,0.7291625669294654,0.7500499167120593,0.5946068119154387,4.923076923076923,1
top1_surprisal__max__flat_top8_p1 + entropy_excess_over_top1__max__flat_top8_p1 + target_nll__max__spread8_p1 + top1_surprisal__max__spread4_p1 + top1_surprisal__max__flat_top5_p1,5,True,0.7743344230046327,0.727455987121001,0.749092188298062,0.592696725427513,4.846153846153846,2
top1_surprisal__max__spread8_p1 + entropy_excess_over_top1__max__flat_top8_p1 + target_nll__max__spread8_p1 + top1_surprisal__max__spread4_p1 + top1_surprisal__max__flat_top5_p1,5,True,0.7742846704799184,0.728510055972137,0.7496368011295746,0.5950066037379311,4.846153846153846,2
top1_surprisal__max__spread8_p1 + top1_surprisal__max__flat_top8_p1 + entropy_excess_over_top1__max__flat_top8_p1 + top1_surprisal__max__flat_top5_p1 + kl_to_final__std__organic_all_p1,5,True,0.7741985538148207,0.7288544985820341,0.7497825240740893,0.5971456711617715,4.230769230769231,10
top1_surprisal__max__spread8_p1 + top1_surprisal__max__flat_top8_p1 + entropy_excess_over_top1__max__flat_top8_p1 + top1_surprisal__max__spread4_p1 + top1_surprisal__max__flat_top5_p1,5,True,0.7741169241829723,0.7200794138106791,0.745019803213276,0.5858254172797117,4.846153846153846,2
top1_surprisal__max__spread8_p1 + target_nll__max__spread4_p1 + top1_surprisal__max__spread4_p1 + top1_surprisal__max__flat_top3_p2 + kl_to_final__std__organic_all_p1,5,True,0.7740669321330215,0.7270154963467679,0.7487315436327312,0.5927575378803311,4.230769230769231,9
target_nll__max__spread8_p1 + top1_surprisal__max__spread4_p1 + top1_surprisal__max__flat_top5_p1 + top1_surprisal__max__flat_top3_p2 + kl_to_final__std__organic_all_p1,5,True,0.7740163035284774,0.7275749986118912,0.7490094470349309,0.5968313315152473,4.3076923076923075,9
target_nll__max__spread4_p1 + top1_surprisal__max__spread4_p1 + top1_surprisal__max__flat_top5_p1 + top1_surprisal__max__flat_top3_p2 + kl_to_final__std__organic_all_p1,5,True,0.7738143417844023,0.7275425528544661,0.7488987631298213,0.5944549544846931,4.153846153846154,10
entropy_excess_over_top1__max__flat_top8_p1 + kl_to_final__std__organic_all_p1,2,False,0.7736149945718163,0.763609266653387,0.7682272949234314,0.622104525368121,5.615384615384615,0
top1_surprisal__max__flat_top8_p1 + entropy_excess_over_top1__max__flat_top8_p1 + top1_surprisal__max__spread4_p1 + top1_surprisal__max__flat_top3_p2 + kl_to_final__std__organic_all_p1,5,True,0.7736016931851647,0.7369362210774147,0.753858746665607,0.6015086856437961,4.3076923076923075,9
top1_surprisal__max__spread8_p1 + top1_surprisal__max__flat_top8_p1 + target_nll__max__spread8_p1 + top1_surprisal__max__spread4_p1 + kl_to_final__std__organic_all_p1,5,True,0.773519829281946,0.7252223692045108,0.7475135046248653,0.5936393628194507,4.384615384615385,8
top1_surprisal__max__flat_top8_p1 + target_nll__max__spread4_p1 + top1_surprisal__max__spread4_p1 + top1_surprisal__max__flat_top5_p1 + kl_to_final__std__organic_all_p1,5,True,0.7734889092043148,0.728641966460087,0.7493405554189613,0.5936161160232288,4.230769230769231,9
top1_surprisal__max__spread8_p1 + top1_surprisal__max__flat_top8_p1 + entropy_excess_over_top1__max__flat_top8_p1 + top1_surprisal__max__flat_top3_p2 + kl_to_final__std__organic_all_p1,5,True,0.7733960913303483,0.7341521569656618,0.7522647420570555,0.5991976141587614,4.3076923076923075,9
top1_surprisal__max__spread8_p1 + target_nll__max__spread8_p1 + top1_surprisal__max__spread4_p1 + top1_surprisal__max__flat_top5_p1 + kl_to_final__std__organic_all_p1,5,True,0.7732969192686948,0.7240023077899738,0.746753666933999,0.593336971029164,4.384615384615385,8
top1_surprisal__max__flat_top8_p1 + target_nll__max__spread8_p1 + top1_surprisal__max__spread4_p1 + top1_surprisal__max__flat_top5_p1 + kl_to_final__std__organic_all_p1,5,True,0.7732270766464455,0.7240424159938287,0.7467430286027288,0.5918158819817996,4.384615384615385,8
top1_surprisal__max__spread8_p1 + top1_surprisal__max__flat_top8_p1 + target_nll__max__spread4_p1 + top1_surprisal__max__spread4_p1 + kl_to_final__std__organic_all_p1,5,True,0.773223611713823,0.7275777606697583,0.7486450765362498,0.5918921818174037,4.3076923076923075,8
top1_surprisal__max__spread8_p1 + top1_surprisal__max__flat_top8_p1 + target_nll__max__spread4_p1 + top1_surprisal__max__spread4_p1 + top1_surprisal__max__flat_top3_p2,5,True,0.7731122435269123,0.7184371262284224,0.7436717957508022,0.5771472876677348,4.769230769230769,3
top1_surprisal__max__spread8_p1 + top1_surprisal__max__flat_top8_p1 + entropy_excess_over_top1__max__flat_top8_p1 + target_nll__max__spread8_p1 + top1_surprisal__max__flat_top5_p1,5,True,0.7728912234013642,0.7216615354912854,0.7453060068343988,0.5825677619626047,4.923076923076923,1
top1_surprisal__max__spread8_p1 + entropy_excess_over_top1__max__flat_top8_p1 + top1_surprisal__max__spread4_p1 + top1_surprisal__max__flat_top3_p2 + kl_to_final__std__organic_all_p1,5,True,0.7728672630337489,0.7353982032449213,0.7526916154551494,0.6015572705386855,4.3076923076923075,9
top1_surprisal__max__spread8_p1 + target_nll__max__spread4_p1 + top1_surprisal__max__spread4_p1 + top1_surprisal__max__flat_top5_p1 + kl_to_final__std__organic_all_p1,5,True,0.7727206833052124,0.7275296598787787,0.7483870553063633,0.5933075894840213,4.230769230769231,9
top1_surprisal__max__spread8_p1 + entropy_excess_over_top1__max__flat_top8_p1 + top1_surprisal__max__flat_top5_p1 + top1_surprisal__max__flat_top3_p2 + kl_to_final__std__organic_all_p1,5,True,0.7723761700181281,0.7329540123475605,0.7511488543493611,0.5991014213461586,4.3076923076923075,9
top1_surprisal__max__spread8_p1 + top1_surprisal__max__flat_top8_p1 + target_nll__max__spread4_p1 + top1_surprisal__max__flat_top5_p1 + kl_to_final__std__organic_all_p1,5,True,0.7723034472169313,0.7199955197321781,0.7441376401097564,0.5847196276078612,4.153846153846154,9
entropy_excess_over_top1__max__flat_top8_p1 + top1_surprisal__max__spread4_p1 + top1_surprisal__max__flat_top5_p1 + top1_surprisal__max__flat_top3_p2 + kl_to_final__std__organic_all_p1,5,True,0.7719421043661446,0.7349650687298289,0.7520313928696669,0.6002769909588996,4.3076923076923075,9
top1_surprisal__max__spread8_p1 + top1_surprisal__max__flat_top8_p1 + target_nll__max__spread4_p1 + top1_surprisal__max__flat_top5_p1 + top1_surprisal__max__flat_top3_p2,5,True,0.7718574666460665,0.7187909012029811,0.7432831621767129,0.5824352229878061,4.6923076923076925,4
top1_surprisal__max__flat_top8_p1 + target_nll__max__spread4_p1 + top1_surprisal__max__spread4_p1 + top1_surprisal__max__flat_top5_p1 + top1_surprisal__max__flat_top3_p2,5,True,0.7717668732053112,0.716432445301324,0.7419714120262412,0.5746058416027424,4.769230769230769,3
top1_surprisal__max__spread8_p1 + target_nll__max__spread4_p1 + top1_surprisal__max__spread4_p1 + top1_surprisal__max__flat_top5_p1 + top1_surprisal__max__flat_top3_p2,5,True,0.7716923515952899,0.7209984812562455,0.7443956521819584,0.5863752203551645,4.6923076923076925,4
top1_surprisal__max__flat_top8_p1 + entropy_excess_over_top1__max__flat_top8_p1 + top1_surprisal__max__flat_top5_p1 + top1_surprisal__max__flat_top3_p2 + kl_to_final__std__organic_all_p1,5,True,0.7716688681402749,0.7314755559921495,0.7500263154451307,0.5940919176148084,4.3076923076923075,9
top1_surprisal__max__flat_top3_p2 + kl_to_final__std__organic_all_p1,2,False,0.7716223828849698,0.7636166001183587,0.7673115767798714,0.6248007272896046,5.615384615384615,0
kl_to_final__std__organic_all_p1 + entropy_excess_over_top1__max__flat_top5_p1,2,False,0.7715232296147746,0.7649440228098227,0.7679805797967236,0.6198536857947582,5.615384615384615,0
top1_surprisal__max__spread8_p1 + top1_surprisal__max__flat_top8_p1 + top1_surprisal__max__spread4_p1 + top1_surprisal__max__flat_top3_p2 + kl_to_final__std__organic_all_p1,5,True,0.771179160670604,0.7222879143186584,0.7448531049426331,0.5920921464952319,4.076923076923077,12
top1_surprisal__max__spread8_p1 + top1_surprisal__max__flat_top8_p1 + top1_surprisal__max__spread4_p1 + top1_surprisal__max__flat_top5_p1 + top1_surprisal__max__flat_top3_p2,5,True,0.7707215606636648,0.7251485321941898,0.74618223764164,0.5939623734093019,5.0,0
top1_surprisal__max__spread8_p1 + top1_surprisal__max__spread4_p1 + top1_surprisal__max__flat_top5_p1 + top1_surprisal__max__flat_top3_p2 + kl_to_final__std__organic_all_p1,5,True,0.770612806187908,0.7211988340880059,0.7440052827494992,0.5917703304012693,4.076923076923077,12
top1_surprisal__max__flat_top8_p1 + top1_surprisal__max__spread4_p1 + top1_surprisal__max__flat_top5_p1 + top1_surprisal__max__flat_top3_p2 + kl_to_final__std__organic_all_p1,5,True,0.7702601165713476,0.7210633299916697,0.7437695391822902,0.5894994220287055,4.076923076923077,12
top1_surprisal__max__spread8_p1 + top1_surprisal__max__flat_top8_p1 + target_nll__max__spread8_p1 + top1_surprisal__max__spread4_p1 + top1_surprisal__max__flat_top3_p2,5,True,0.7701805411780415,0.7175203604068547,0.7418250592243255,0.574372083746785,4.769230769230769,3
top1_surprisal__max__flat_top8_p1 + entropy_excess_over_top1__max__flat_top8_p1 + top1_surprisal__max__spread4_p1 + top1_surprisal__max__flat_top5_p1 + kl_to_final__std__organic_all_p1,5,True,0.7700260087777054,0.7338927855142108,0.7505696577896698,0.5965378184245733,4.3076923076923075,9
top1_surprisal__max__spread8_p1 + top1_surprisal__max__flat_top8_p1 + top1_surprisal__max__flat_top5_p1 + top1_surprisal__max__flat_top3_p2 + kl_to_final__std__organic_all_p1,5,True,0.7700027529796097,0.7198231998246686,0.7429829935884876,0.588059961563192,4.076923076923077,12
top1_surprisal__max__flat_top8_p1 + target_nll__max__spread8_p1 + top1_surprisal__max__spread4_p1 + top1_surprisal__max__flat_top5_p1 + top1_surprisal__max__flat_top3_p2,5,True,0.7693469789118765,0.715624186743508,0.7404193215904472,0.5728459245015413,4.769230769230769,3
top1_surprisal__max__spread8_p1 + top1_surprisal__max__flat_top8_p1 + top1_surprisal__max__spread4_p1 + top1_surprisal__max__flat_top5_p1 + kl_to_final__std__organic_all_p1,5,True,0.7690125557857986,0.7239994095859588,0.7447747078320387,0.5912125645262436,4.0,13
top1_surprisal__max__spread8_p1 + top1_surprisal__max__flat_top8_p1 + target_nll__max__spread8_p1 + top1_surprisal__max__flat_top5_p1 + top1_surprisal__max__flat_top3_p2,5,True,0.7689905782995113,0.7207464573803726,0.7430129747276673,0.5820891173319186,4.615384615384615,5
top1_surprisal__max__spread8_p1 + target_nll__max__spread8_p1 + top1_surprisal__max__spread4_p1 + top1_surprisal__max__flat_top5_p1 + top1_surprisal__max__flat_top3_p2,5,True,0.7689475011906471,0.7213893124934284,0.7433392457382986,0.5853677759543957,4.6923076923076925,4
top1_surprisal__max__spread8_p1 + top1_surprisal__max__flat_top8_p1 + target_nll__max__spread4_p1 + top1_surprisal__max__spread4_p1 + top1_surprisal__max__flat_top5_p1,5,True,0.7688517477719455,0.7163543777052411,0.7405839331206432,0.5742407034827343,4.769230769230769,3
top1_surprisal__max__spread8_p1 + top1_surprisal__max__flat_top8_p1 + target_nll__max__spread8_p1 + top1_surprisal__max__spread4_p1 + top1_surprisal__max__flat_top5_p1,5,True,0.767203064792973,0.7160620645514283,0.7396656031244488,0.5724797697637233,4.769230769230769,3
