cell,group,n,cap,at_cap,med_len,med_ans,ans_frac,unusable,verdict
epr_triviaqa_mistral24b,QA,1000,64,6.0,13.0,10.0,90.0,0.0,healthy
inside_coqa_llama7b,QA,5000,256,73.4,256.0,8.0,3.515625,45.06,UNREPAIRABLE — re-generate
losnet_hotpotqa_mistral7b,QA,500,512,1.0,213.0,44.0,20.081546910149527,0.0,N/A (answers last)
sciq_llama8b,QA,1000,512,0.0,5.0,4.0,75.0,0.0,healthy
se_nq_open_llama8b,QA,10000,128,2.55,22.0,19.0,94.73684210526315,0.0,healthy
se_squad_v2_llama8b,QA,10000,256,0.0,5.0,4.0,80.0,0.0,healthy
seiclr_triviaqa_opt30b,QA,5000,64,99.66000000000001,64.0,3.0,4.6875,0.02,CROP
semenergy_triviaqa_qwen3_8b,QA,5000,64,0.42,11.0,6.0,54.54545454545454,0.0,healthy
spilled_triviaqa_llama8b,QA,500,256,0.4,8.0,7.0,85.71428571428571,0.0,healthy
truthfulqa_llama8b,QA,8170,128,21.08935128518972,53.0,35.0,95.65217391304348,0.0,healthy
ars_gsm8k_r1distill8b,math,500,8192,0.0,433.5,9.0,1.5679632867132869,0.0,N/A (answers last)
internalstates_gsm8k_qwen25_7b,math,500,2048,0.2,324.5,16.0,5.544367050272562,0.0,N/A (answers last)
lapeigvals_gsm8k_llama3b,math,1319,2048,0.0,214.0,24.0,10.989010989010989,0.0,N/A (answers last)
lapeigvals_gsm8k_llama8b,math,500,2048,0.4,234.0,24.0,9.981549815498155,0.0,N/A (answers last)
lapeigvals_gsm8k_mistral24b,math,1319,2048,0.0,242.0,14.0,6.222222222222222,0.0,N/A (answers last)
lapeigvals_gsm8k_nemo,math,1319,2048,0.0,257.0,10.0,4.405286343612335,0.1516300227445034,N/A (answers last)
lapeigvals_gsm8k_phi35,math,1319,2048,0.0758150113722517,295.0,17.0,5.818181818181818,0.0,N/A (answers last)
noise_gsm8k_mistral7b,math,1319,2048,0.0758150113722517,295.0,18.0,6.0046189376443415,0.0,N/A (answers last)
noise_gsm8k_phi3mini,math,1319,2048,0.0,249.0,17.0,7.531380753138076,0.0,N/A (answers last)
math500_dsmath7b,math,300,2048,3.0,433.0,50.5,12.6662499565927,3.0,N/A (answers last)
math500_qwenmath7b,math,300,2048,72.0,2048.0,52.0,3.3203125,0.33333333333333337,N/A (answers last) — TRUNCATED 72%
math500_r1distill8b,math,300,2048,63.33333333333333,2048.0,39.5,3.0598250679347827,0.33333333333333337,N/A (answers last) — TRUNCATED 63%
math500_r1distill8b_mn4096,math,300,4096,51.0,4096.0,36.0,1.7789156487229798,0.0,N/A (answers last) — TRUNCATED 51%
trace_gsm8k_llama8b_k10,math,5000,2048,0.18,232.0,23.0,9.66285064750538,0.0,N/A (answers last)
trace_math500_qwenmath15b_k10,math,3000,2048,1.7666666666666668,467.0,47.0,10.386719403366884,0.0,N/A (answers last)
