held_out_environment,projector_overlap_on_smaller_span,reference_mechanism_rank,candidate_mechanism_rank,rank_ratio,minimum_principal_cosine,candidate_block_sizes
ars_gsm8k_r1distill8b,0.9896244313988481,204,204,1.0,0.9078330264089114,"[3, 19, 1, 1, 1, 1, 1, 1, 1, 1]"
internalstates_gsm8k_qwen25_7b,0.9133172555740923,204,204,1.0,0.03062486490896624,"[3, 19, 1, 1, 1, 1, 1, 1, 1, 1]"
lapeigvals_gsm8k_llama3b,0.9903303032427466,204,186,0.9117647058823529,0.9225039565188987,"[3, 18, 1, 1, 1, 1, 1, 1, 1, 1, 1]"
lapeigvals_gsm8k_llama8b,0.9934722521257758,204,186,0.9117647058823529,0.9042171840877176,"[3, 18, 1, 1, 1, 1, 1, 1, 1, 1, 1]"
lapeigvals_gsm8k_mistral24b,0.9066044060555923,204,204,1.0,0.0280383990535258,"[19, 3, 1, 1, 1, 1, 1, 1, 1, 1]"
lapeigvals_gsm8k_nemo,0.892363294870366,204,184,0.9019607843137255,0.10840486121563751,"[1, 18, 1, 1, 1, 2, 1, 1, 1, 1, 1, 1]"
lapeigvals_gsm8k_phi35,0.913558910339996,204,204,1.0,0.04083883961563814,"[3, 19, 1, 1, 1, 1, 1, 1, 1, 1]"
noise_gsm8k_mistral7b,0.8877610039313626,204,186,0.9117647058823529,0.1023606094186008,"[3, 18, 1, 1, 1, 1, 1, 1, 1, 1, 1]"
noise_gsm8k_phi3mini,0.8774084338449938,204,184,0.9019607843137255,0.06607877943057075,"[1, 18, 1, 1, 1, 1, 1, 1, 2, 1, 1, 1]"
trace_gsm8k_llama8b_k10,0.9970460071145015,204,186,0.9117647058823529,0.9788139304960772,"[3, 18, 1, 1, 1, 1, 1, 1, 1, 1, 1]"
losnet_hotpotqa_mistral7b,0.8022627923186821,204,202,0.9901960784313726,0.005064468909438277,"[1, 19, 1, 1, 1, 2, 1, 1, 1, 1, 1]"
math500_dsmath7b,0.9660637353805469,204,186,0.9117647058823529,0.6164080838129912,"[3, 18, 1, 1, 1, 1, 1, 1, 1, 1, 1]"
math500_qwenmath7b,0.8969297571039565,204,241,0.8464730290456431,0.16939788803056155,"[21, 1, 1, 2, 1, 1, 1, 1, 1]"
math500_r1distill8b,0.9865949774478266,204,223,0.9147982062780269,0.6146865839393764,"[3, 20, 1, 1, 1, 1, 1, 1, 1]"
math500_r1distill8b_mn4096,0.9343095263165428,204,204,1.0,0.4386160240919211,"[3, 19, 1, 1, 1, 1, 1, 1, 1, 1]"
trace_math500_qwenmath15b_k10,0.9824726017283822,204,204,1.0,0.08203787098548534,"[3, 19, 1, 1, 1, 1, 1, 1, 1, 1]"
se_nq_open_llama8b,0.9994198099129286,204,243,0.8395061728395061,0.9945103070041235,"[3, 21, 1, 1, 1, 1, 1, 1]"
sciq_llama8b,0.8629802327217126,204,186,0.9117647058823529,0.14780384732635268,"[3, 18, 1, 1, 1, 1, 1, 1, 1, 1, 1]"
se_squad_v2_llama8b,0.9952588780608113,204,223,0.9147982062780269,0.9683356833628454,"[3, 20, 1, 1, 1, 1, 1, 1, 1]"
epr_triviaqa_mistral24b,0.922662222311008,204,204,1.0,0.2438621874202125,"[3, 19, 1, 1, 1, 1, 1, 1, 1, 1]"
seiclr_triviaqa_opt30b,0.9613555433543729,204,330,0.6181818181818182,0.48046046207337184,"[1, 25, 1, 1, 1, 1]"
semenergy_triviaqa_qwen3_8b,0.8786374004613547,204,202,0.9901960784313726,0.08796226864976868,"[19, 1, 1, 2, 1, 1, 1, 1, 1, 1, 1]"
truthfulqa_llama8b,0.9330859525843702,204,204,1.0,0.41288163087178525,"[19, 3, 1, 1, 1, 1, 1, 1, 1, 1]"
