lane,cell,split,graph_family,k,n_edges,n_components,target_smoothness_z,length_smoothness_z,target_smoothness_effect,length_smoothness_effect,target_smoother_than_length,target_aligned
global24,ars_gsm8k_r1distill8b,leave_family_out,union_knn,3,1065,1,4.352360181220059,16.66521899051406,0.1455459887418799,0.5844016825886079,False,True
global24,ars_gsm8k_r1distill8b,leave_family_out,mutual_knn,3,435,126,4.05617904968899,12.540557894961726,0.15697692645026168,0.5416778320133198,False,True
global24,ars_gsm8k_r1distill8b,leave_family_out,union_knn,5,1751,1,8.836089459879567,21.343184804956675,0.16240615356649504,0.5653591597505409,False,True
global24,ars_gsm8k_r1distill8b,leave_family_out,mutual_knn,5,749,40,4.2253485060111275,16.15635410014136,0.1551176504617317,0.5517793701782047,False,True
global24,ars_gsm8k_r1distill8b,leave_family_out,union_knn,7,2417,1,8.876918355414414,29.884233100678955,0.16330854116276236,0.5617367859524748,False,True
global24,ars_gsm8k_r1distill8b,leave_family_out,mutual_knn,7,1083,17,4.343654840261017,19.677592708888856,0.12756312601238454,0.5522379815223861,False,True
global24,ars_gsm8k_r1distill8b,leave_family_out,union_knn,10,3393,1,11.397826795346678,29.704143871419905,0.16388364785558238,0.53302354205952,False,True
global24,ars_gsm8k_r1distill8b,leave_family_out,mutual_knn,10,1607,8,5.260836450212715,23.981102543261514,0.14107149957936257,0.5651316465170507,False,True
global24,ars_gsm8k_r1distill8b,leave_family_out,union_knn,15,5112,1,10.928504172268156,38.434175494267095,0.1534093897562011,0.5142990956013008,False,True
global24,ars_gsm8k_r1distill8b,leave_family_out,mutual_knn,15,2388,3,8.409846711680276,22.448205152593783,0.1530596083380577,0.5558914245089801,False,True
global24,ars_gsm8k_r1distill8b,leave_family_out,union_knn,25,8385,1,12.404251611468323,44.14276223062713,0.15057215334388568,0.4751013253690387,False,True
global24,ars_gsm8k_r1distill8b,leave_family_out,mutual_knn,25,4115,2,13.521039253758287,31.09805065542379,0.16740413584876895,0.5177581059817755,False,True
global24,epr_triviaqa_mistral24b,leave_family_out,union_knn,3,1381,1,6.204800723069933,29.70437083575278,0.16703741428879149,0.8850995319830726,False,True
global24,epr_triviaqa_mistral24b,leave_family_out,mutual_knn,3,482,191,4.074037751346854,19.885793490323522,0.13832467096052325,0.7514662281247048,False,True
global24,epr_triviaqa_mistral24b,leave_family_out,union_knn,5,2220,1,8.159970639260115,33.47960368996397,0.16418265015175681,0.8795806218953576,False,True
global24,epr_triviaqa_mistral24b,leave_family_out,mutual_knn,5,885,53,4.444311347087488,24.300692841752696,0.1576828244436573,0.8410715672637546,False,True
global24,epr_triviaqa_mistral24b,leave_family_out,union_knn,7,3092,1,9.47390599699441,43.94382526859368,0.160895158426976,0.8764106300436083,False,True
global24,epr_triviaqa_mistral24b,leave_family_out,mutual_knn,7,1255,28,5.509278284629557,30.496981523251623,0.14221547363655884,0.8478217555216896,False,True
global24,epr_triviaqa_mistral24b,leave_family_out,union_knn,10,4367,1,9.48414149086288,56.23338658822838,0.15272934158078044,0.8633592306919275,False,True
global24,epr_triviaqa_mistral24b,leave_family_out,mutual_knn,10,1843,12,6.017228961958972,39.178555714915234,0.1473627732182939,0.8616743240744552,False,True
global24,epr_triviaqa_mistral24b,leave_family_out,union_knn,15,6494,1,9.758950064072142,76.40527600739632,0.1506195838364694,0.8454683434681902,False,True
global24,epr_triviaqa_mistral24b,leave_family_out,mutual_knn,15,2821,5,6.663797541039414,50.94563605103497,0.14802492900361566,0.8596266847977739,False,True
global24,epr_triviaqa_mistral24b,leave_family_out,union_knn,25,10795,1,19.566974026298475,89.46079583121595,0.15316491267038926,0.8118208677692642,False,True
global24,epr_triviaqa_mistral24b,leave_family_out,mutual_knn,25,4730,2,11.132354458371005,50.69367809853196,0.15453359961764612,0.8482459559901041,False,True
global24,internalstates_gsm8k_qwen25_7b,leave_family_out,union_knn,3,1097,1,5.753440155301804,11.43417982059095,0.17095797549330505,0.3427292965178457,False,True
global24,internalstates_gsm8k_qwen25_7b,leave_family_out,mutual_knn,3,403,141,3.4663954856335133,7.2802630513351545,0.13754143903554375,0.30155859249407163,False,True
global24,internalstates_gsm8k_qwen25_7b,leave_family_out,union_knn,5,1766,1,6.959204976562617,15.245730694978262,0.17403277572951872,0.33014372758051647,False,True
global24,internalstates_gsm8k_qwen25_7b,leave_family_out,mutual_knn,5,734,55,3.2907758379252225,11.01645914682607,0.13752503627444548,0.31071210134477734,False,True
global24,internalstates_gsm8k_qwen25_7b,leave_family_out,union_knn,7,2439,1,6.457207118960492,16.0542271035395,0.14962062639878648,0.3246295113463905,False,True
global24,internalstates_gsm8k_qwen25_7b,leave_family_out,mutual_knn,7,1061,32,4.517806607046646,10.998766492749132,0.1428624313551307,0.3087427805922309,False,True
global24,internalstates_gsm8k_qwen25_7b,leave_family_out,union_knn,10,3459,1,7.786301797194646,18.021048130109936,0.1481781077491939,0.3107591312866232,False,True
global24,internalstates_gsm8k_qwen25_7b,leave_family_out,mutual_knn,10,1541,12,5.51643861831338,14.077137603710971,0.15057272480745668,0.32043478272023534,False,True
global24,internalstates_gsm8k_qwen25_7b,leave_family_out,union_knn,15,5146,1,10.31260288091909,19.63490913063495,0.13467023140391557,0.288948915866855,False,True
global24,internalstates_gsm8k_qwen25_7b,leave_family_out,mutual_knn,15,2354,7,7.738862898365585,16.100598953117725,0.1507180954881329,0.3043090369314266,False,True
global24,internalstates_gsm8k_qwen25_7b,leave_family_out,union_knn,25,8530,1,10.90027666279164,27.345101229193915,0.11724900116465659,0.2802681677706822,False,True
global24,internalstates_gsm8k_qwen25_7b,leave_family_out,mutual_knn,25,3970,3,10.880749397491778,16.31038892592257,0.13528120998080334,0.27714211513989356,False,True
global24,lapeigvals_gsm8k_llama3b,leave_family_out,union_knn,3,2921,1,7.86605223073526,33.45816636206824,0.12766373561587385,0.5932024706597425,False,True
global24,lapeigvals_gsm8k_llama3b,leave_family_out,mutual_knn,3,1036,389,3.532344915294871,24.660579373052467,0.10068904564933413,0.5069415008131144,False,True
global24,lapeigvals_gsm8k_llama3b,leave_family_out,union_knn,5,4715,1,10.45062644270587,33.58289839132634,0.12885932509901632,0.5854371958349918,False,True
global24,lapeigvals_gsm8k_llama3b,leave_family_out,mutual_knn,5,1880,126,5.093179722593618,25.434895500944332,0.10020446759525883,0.5558791138554775,False,True
global24,lapeigvals_gsm8k_llama3b,leave_family_out,union_knn,7,6524,1,9.441193150903404,49.19202949348201,0.1318394266924429,0.5779466026233395,False,True
global24,lapeigvals_gsm8k_llama3b,leave_family_out,mutual_knn,7,2709,59,6.614866406857945,30.124157435617406,0.11182213899160659,0.5834783799627267,False,True
global24,lapeigvals_gsm8k_llama3b,leave_family_out,union_knn,10,9204,1,14.41807244629083,48.692638385970916,0.1307921786789869,0.5592345762462911,False,True
global24,lapeigvals_gsm8k_llama3b,leave_family_out,mutual_knn,10,3986,30,6.874095199518029,34.88969567956017,0.11760891634423525,0.5765209244041402,False,True
global24,lapeigvals_gsm8k_llama3b,leave_family_out,union_knn,15,13718,1,16.93854685032266,59.652466783814454,0.13431432854478975,0.5346891934156583,False,True
global24,lapeigvals_gsm8k_llama3b,leave_family_out,mutual_knn,15,6067,8,9.04939562549809,40.149663953923955,0.1273029892399005,0.580268298633169,False,True
global24,lapeigvals_gsm8k_llama3b,leave_family_out,union_knn,25,22675,1,22.12118653673212,69.04868814328012,0.13915862853961602,0.5078008153360827,False,True
global24,lapeigvals_gsm8k_llama3b,leave_family_out,mutual_knn,25,10300,3,14.739027927705944,55.77024690386689,0.1393455588778154,0.553076169377003,False,True
global24,lapeigvals_gsm8k_llama8b,leave_family_out,union_knn,3,1105,1,9.570392083974053,22.174171421038942,0.28822115413068217,0.712294554672068,False,True
global24,lapeigvals_gsm8k_llama8b,leave_family_out,mutual_knn,3,395,144,4.558549255098266,7.229055809359001,0.22082986581390848,0.25527914353649395,False,True
global24,lapeigvals_gsm8k_llama8b,leave_family_out,union_knn,5,1790,1,11.611483388402897,30.194779111676297,0.29809775123374205,0.6904545857120704,False,True
global24,lapeigvals_gsm8k_llama8b,leave_family_out,mutual_knn,5,710,42,6.970205048876639,14.03656565387606,0.2222465462638722,0.5361353725284052,False,True
global24,lapeigvals_gsm8k_llama8b,leave_family_out,union_knn,7,2472,1,12.374222157678625,33.0407888493536,0.30511422217631357,0.6787459272863622,False,True
global24,lapeigvals_gsm8k_llama8b,leave_family_out,mutual_knn,7,1028,24,9.341076965579866,21.287668493736664,0.26275461709009346,0.5369453585203383,False,True
global24,lapeigvals_gsm8k_llama8b,leave_family_out,union_knn,10,3490,1,17.58919366307609,45.483179990074014,0.2979905665093973,0.6493669341428635,False,True
global24,lapeigvals_gsm8k_llama8b,leave_family_out,mutual_knn,10,1510,11,9.593925269982664,26.682000945890273,0.2782676492572992,0.5583867088637591,False,True
global24,lapeigvals_gsm8k_llama8b,leave_family_out,union_knn,15,5211,1,23.506978476114202,44.774644242026326,0.3030758062326344,0.6019171725662162,False,True
global24,lapeigvals_gsm8k_llama8b,leave_family_out,mutual_knn,15,2289,6,12.837268839375684,30.218024443984273,0.27643247143359356,0.53134539771458,False,True
global24,lapeigvals_gsm8k_llama8b,leave_family_out,union_knn,25,8619,1,25.900769595053593,53.948212343690464,0.3028445617747523,0.5182309276081383,False,True
global24,lapeigvals_gsm8k_llama8b,leave_family_out,mutual_knn,25,3881,4,17.378984439633758,28.970303843446388,0.28372963406444685,0.4946517446066491,False,True
global24,lapeigvals_gsm8k_mistral24b,leave_family_out,union_knn,3,2965,1,15.636245296326715,39.85484732743588,0.2639021017807926,0.6466345136114338,False,True
global24,lapeigvals_gsm8k_mistral24b,leave_family_out,mutual_knn,3,992,403,8.120638048046532,17.765513687196115,0.23218645565303886,0.4720911674126791,False,True
global24,lapeigvals_gsm8k_mistral24b,leave_family_out,union_knn,5,4855,1,17.66732185711594,40.866934984069715,0.2676292644066238,0.6223202009888682,False,True
global24,lapeigvals_gsm8k_mistral24b,leave_family_out,mutual_knn,5,1740,171,9.815588449949027,25.21479095339443,0.2373345790055908,0.5233156771303981,False,True
global24,lapeigvals_gsm8k_mistral24b,leave_family_out,union_knn,7,6710,1,19.843150701364493,44.114293569746664,0.2648892388668119,0.6064103407885498,False,True
global24,lapeigvals_gsm8k_mistral24b,leave_family_out,mutual_knn,7,2523,94,12.54561723794399,28.03916704412327,0.24065019923226771,0.5589601109333227,False,True
global24,lapeigvals_gsm8k_mistral24b,leave_family_out,union_knn,10,9439,1,23.968480429586467,52.260787880877245,0.27063484342964694,0.5773764035046497,False,True
global24,lapeigvals_gsm8k_mistral24b,leave_family_out,mutual_knn,10,3751,51,15.083044903529975,33.2143699864982,0.2582903715656686,0.5679320493525664,False,True
global24,lapeigvals_gsm8k_mistral24b,leave_family_out,union_knn,15,14087,1,31.135322214119636,62.55976424004101,0.2632434371124743,0.5501043585840585,False,True
global24,lapeigvals_gsm8k_mistral24b,leave_family_out,mutual_knn,15,5698,19,19.197323924637175,36.72994353660602,0.2620935098321853,0.5689906078223499,False,True
global24,lapeigvals_gsm8k_mistral24b,leave_family_out,union_knn,25,23342,1,42.308053491052476,65.70929974465612,0.26742019572737297,0.5037889185879884,False,True
global24,lapeigvals_gsm8k_mistral24b,leave_family_out,mutual_knn,25,9633,10,25.944436697439507,49.83253876690961,0.2728144516403087,0.560360028772189,False,True
global24,lapeigvals_gsm8k_nemo,leave_family_out,union_knn,3,2945,1,10.500459525705011,21.12579982815111,0.19894605112988328,0.3964474168982022,False,True
global24,lapeigvals_gsm8k_nemo,leave_family_out,mutual_knn,3,1012,387,9.556533062665146,9.143094238125501,0.18304786401401646,0.29568774106752177,False,True
global24,lapeigvals_gsm8k_nemo,leave_family_out,union_knn,5,4787,1,13.345694418380292,27.230372677536845,0.18601183427401058,0.3748446294516405,False,True
global24,lapeigvals_gsm8k_nemo,leave_family_out,mutual_knn,5,1808,122,8.288615869437876,12.871449315324092,0.19803799921793983,0.3184594397272017,False,True
global24,lapeigvals_gsm8k_nemo,leave_family_out,union_knn,7,6633,1,13.155280252405097,34.44611462107769,0.1813385389198352,0.3703308477677154,False,True
global24,lapeigvals_gsm8k_nemo,leave_family_out,mutual_knn,7,2600,60,8.122752376101404,15.257333359574163,0.18030658415670506,0.32388637339412657,False,True
global24,lapeigvals_gsm8k_nemo,leave_family_out,union_knn,10,9389,1,17.891038397817358,33.63914390573954,0.1850582304291607,0.3521894094537171,False,True
global24,lapeigvals_gsm8k_nemo,leave_family_out,mutual_knn,10,3801,25,11.426463432901546,24.51035162069015,0.18921746549949087,0.374815125108497,False,True
global24,lapeigvals_gsm8k_nemo,leave_family_out,union_knn,15,13849,1,23.443328377526687,40.30641403038763,0.18991556680788177,0.3306087820972927,False,True
global24,lapeigvals_gsm8k_nemo,leave_family_out,mutual_knn,15,5936,9,12.524987441754586,26.330783527609203,0.1859218290909143,0.36782459139173906,False,True
global24,lapeigvals_gsm8k_nemo,leave_family_out,union_knn,25,22839,1,30.894436792226358,49.841359813711044,0.1949645443616414,0.3142146995224385,False,True
global24,lapeigvals_gsm8k_nemo,leave_family_out,mutual_knn,25,10136,3,18.98428178274965,30.930289606992073,0.1849051340864966,0.3529685805896984,False,True
global24,lapeigvals_gsm8k_phi35,leave_family_out,union_knn,3,2913,1,10.565517692546782,22.64422912912673,0.22583021759956726,0.4610862977372051,False,True
global24,lapeigvals_gsm8k_phi35,leave_family_out,mutual_knn,3,1044,370,8.51895676487847,12.813729127015344,0.20425261128297412,0.34579761884302557,False,True
global24,lapeigvals_gsm8k_phi35,leave_family_out,union_knn,5,4707,1,16.166565523660605,27.996171529947873,0.21759141885053102,0.4416307862215991,False,True
global24,lapeigvals_gsm8k_phi35,leave_family_out,mutual_knn,5,1888,117,10.02867538240587,16.19148726736582,0.22924292848763592,0.34188133101152723,False,True
global24,lapeigvals_gsm8k_phi35,leave_family_out,union_knn,7,6487,1,14.923409349576954,34.03454021388285,0.20841501081496583,0.41834750965563583,False,True
global24,lapeigvals_gsm8k_phi35,leave_family_out,mutual_knn,7,2746,54,11.601995488029488,18.62616292238288,0.2441791015868406,0.3313333728964354,False,True
global24,lapeigvals_gsm8k_phi35,leave_family_out,union_knn,10,9189,1,19.07533112505631,31.56660746747256,0.20623752270402138,0.4000548651860834,False,True
global24,lapeigvals_gsm8k_phi35,leave_family_out,mutual_knn,10,4001,26,15.79506088030927,23.80212375460457,0.24219803398437584,0.32670909412025423,False,True
global24,lapeigvals_gsm8k_phi35,leave_family_out,union_knn,15,13686,1,20.817687165202393,48.783421191343024,0.20007032390802326,0.37899379134181416,False,True
global24,lapeigvals_gsm8k_phi35,leave_family_out,mutual_knn,15,6099,12,13.744596825688312,30.358506785338708,0.21244112666259893,0.41693261654828906,False,True
global24,lapeigvals_gsm8k_phi35,leave_family_out,union_knn,25,22579,1,27.01521646818513,63.58006792041985,0.19525823508038845,0.3519975158344972,False,True
global24,lapeigvals_gsm8k_phi35,leave_family_out,mutual_knn,25,10396,4,18.65220693462284,41.23936932343092,0.2057151185933316,0.421321514370986,False,True
global24,losnet_hotpotqa_mistral7b,leave_family_out,union_knn,3,1098,1,0.9212121270326985,24.418304695178325,0.023850194772870415,0.7269913469331624,False,False
global24,losnet_hotpotqa_mistral7b,leave_family_out,mutual_knn,3,402,141,-0.08011948351516222,13.182472280488254,-0.003414931211289941,0.6177940861250626,False,False
global24,losnet_hotpotqa_mistral7b,leave_family_out,union_knn,5,1784,1,1.2490753592459563,36.16268767303863,0.03369376733851253,0.6946404752646672,False,False
global24,losnet_hotpotqa_mistral7b,leave_family_out,mutual_knn,5,716,41,0.4997433125870788,18.20055271566269,0.01918814935810125,0.6932803516514107,False,False
global24,losnet_hotpotqa_mistral7b,leave_family_out,union_knn,7,2463,1,1.297912857312011,30.220644454488045,0.03036049597437692,0.671558576339507,False,False
global24,losnet_hotpotqa_mistral7b,leave_family_out,mutual_knn,7,1037,17,1.737136580468993,19.965850084708293,0.045517819295482424,0.6889843936615676,False,False
global24,losnet_hotpotqa_mistral7b,leave_family_out,union_knn,10,3493,1,1.1580105695519427,36.93197114446275,0.02039617821015693,0.6485757669290549,False,False
global24,losnet_hotpotqa_mistral7b,leave_family_out,mutual_knn,10,1507,7,0.3204841970739117,25.685451123188557,0.009606357114491445,0.7054163348025614,False,False
global24,losnet_hotpotqa_mistral7b,leave_family_out,union_knn,15,5199,1,0.9430817033762302,42.648620936026155,0.011439791978749204,0.6179625969665692,False,False
global24,losnet_hotpotqa_mistral7b,leave_family_out,mutual_knn,15,2301,6,0.9386352170074144,29.855177087601835,0.02018946398090357,0.6731186001382237,False,False
global24,losnet_hotpotqa_mistral7b,leave_family_out,union_knn,25,8483,1,1.1175730200709506,52.5933551722149,0.013416718096351789,0.5650471797184996,False,False
global24,losnet_hotpotqa_mistral7b,leave_family_out,mutual_knn,25,4017,4,0.45388129538342076,35.50276310024824,0.00801666648668164,0.620371759971792,False,False
global24,math500_dsmath7b,leave_family_out,union_knn,3,631,1,3.5528614515035004,20.824327428878952,0.13738460050814533,0.8470229248943133,False,True
global24,math500_dsmath7b,leave_family_out,mutual_knn,3,269,70,2.5685219188292767,15.032286058539189,0.16330054228845556,0.7795925854794891,False,True
global24,math500_dsmath7b,leave_family_out,union_knn,5,1017,1,5.24789267545665,28.465210656822844,0.14416400118427986,0.8316446031180598,False,True
global24,math500_dsmath7b,leave_family_out,mutual_knn,5,483,19,3.20241958251234,16.284516727908926,0.1518749012102448,0.7989938998700002,False,True
global24,math500_dsmath7b,leave_family_out,union_knn,7,1419,1,5.173628637027702,24.291117108456,0.1379907781005122,0.8092211808250211,False,True
global24,math500_dsmath7b,leave_family_out,mutual_knn,7,681,12,3.059077768913343,21.977661171329128,0.13649830520446046,0.8097550847251129,False,True
global24,math500_dsmath7b,leave_family_out,union_knn,10,2040,1,5.193650612153995,27.297850156544015,0.13714253235424054,0.7864200950660899,False,True
global24,math500_dsmath7b,leave_family_out,mutual_knn,10,960,6,4.157457403240683,29.32188441179971,0.13828051414894135,0.7926575877978141,False,True
global24,math500_dsmath7b,leave_family_out,union_knn,15,3013,1,8.842354381944343,36.532803024478405,0.151116434792288,0.7536642473173756,False,True
global24,math500_dsmath7b,leave_family_out,mutual_knn,15,1487,4,4.896037720024727,28.888831178803763,0.1262877806865492,0.7780604822891343,False,True
global24,math500_dsmath7b,leave_family_out,union_knn,25,4997,1,9.135410146540965,50.9192141674541,0.14714804772938714,0.6905681843679428,False,True
global24,math500_dsmath7b,leave_family_out,mutual_knn,25,2503,4,6.644503995092186,34.470928812950525,0.1623625303042715,0.7558039613788986,False,True
global24,noise_gsm8k_mistral7b,leave_family_out,union_knn,3,2939,1,16.18015770382041,56.31282501958438,0.28383894523587755,0.8302117202019028,False,True
global24,noise_gsm8k_mistral7b,leave_family_out,mutual_knn,3,1018,380,8.511456855141974,24.759268362744454,0.24568747633358703,0.6938605997153623,False,True
global24,noise_gsm8k_mistral7b,leave_family_out,union_knn,5,4803,1,19.958881319744314,58.4130624678144,0.2962594961042374,0.820131986918956,False,True
global24,noise_gsm8k_mistral7b,leave_family_out,mutual_knn,5,1792,132,13.790430752287996,28.70766790875794,0.2797675465978921,0.7478689927379887,False,True
global24,noise_gsm8k_mistral7b,leave_family_out,union_knn,7,6647,1,21.735412008374276,62.32515063452387,0.28681921845825614,0.8193107924342016,False,True
global24,noise_gsm8k_mistral7b,leave_family_out,mutual_knn,7,2586,67,15.600237634673837,30.30085810225343,0.2884746759154465,0.7730969937252711,False,True
global24,noise_gsm8k_mistral7b,leave_family_out,union_knn,10,9348,1,27.96677557620195,79.96039500764769,0.28347179859046,0.8042746121017583,False,True
global24,noise_gsm8k_mistral7b,leave_family_out,mutual_knn,10,3842,28,17.818002711502338,40.91527568197542,0.29106843777109853,0.8095748682094847,False,True
global24,noise_gsm8k_mistral7b,leave_family_out,union_knn,15,13849,1,39.659439947237786,96.29812801427846,0.2760701956826478,0.7728866298386532,False,True
global24,noise_gsm8k_mistral7b,leave_family_out,mutual_knn,15,5936,12,17.757890409131925,49.01862737103509,0.26778080147530725,0.8071908474428373,False,True
global24,noise_gsm8k_mistral7b,leave_family_out,union_knn,25,22816,1,51.183780474375276,126.01622556576565,0.27515596978961115,0.7325881046968232,False,True
global24,noise_gsm8k_mistral7b,leave_family_out,mutual_knn,25,10159,5,25.018386036373947,78.48875358516028,0.273808599249135,0.8010572357957926,False,True
global24,noise_gsm8k_phi3mini,leave_family_out,union_knn,3,2913,1,4.904724727909687,23.907546253081808,0.09498166661157742,0.39971551075201917,False,True
global24,noise_gsm8k_phi3mini,leave_family_out,mutual_knn,3,1044,375,3.319959271195541,17.003272554863866,0.08871474260671731,0.3797650404019476,False,True
global24,noise_gsm8k_phi3mini,leave_family_out,union_knn,5,4719,1,7.401293697834747,28.85509213359221,0.11572588089989323,0.3929529398055331,False,True
global24,noise_gsm8k_phi3mini,leave_family_out,mutual_knn,5,1876,128,5.0409695055105175,19.412133317406106,0.10200548467748058,0.41337091306161583,False,True
global24,noise_gsm8k_phi3mini,leave_family_out,union_knn,7,6540,1,9.296312570694258,28.482528772528738,0.10893312775191812,0.3757518899314067,False,True
global24,noise_gsm8k_phi3mini,leave_family_out,mutual_knn,7,2693,61,5.179639805207489,21.820378435522407,0.1103606992552252,0.410795112979875,False,True
global24,noise_gsm8k_phi3mini,leave_family_out,union_knn,10,9241,1,9.872984935977595,30.815277469209633,0.10962495309078515,0.3582424287709084,False,True
global24,noise_gsm8k_phi3mini,leave_family_out,mutual_knn,10,3949,32,5.630673820924868,24.41747293894882,0.11012518909079382,0.39600987762059814,False,True
global24,noise_gsm8k_phi3mini,leave_family_out,union_knn,15,13677,1,11.182624336159593,41.15012267183063,0.10859378512026995,0.33304833504686115,False,True
global24,noise_gsm8k_phi3mini,leave_family_out,mutual_knn,15,6108,13,7.549486468998694,28.61111028638221,0.10652491692338657,0.3858195028556951,False,True
global24,noise_gsm8k_phi3mini,leave_family_out,union_knn,25,22441,1,15.243890372428751,41.88808818062154,0.10803593202716136,0.29017267227232896,False,True
global24,noise_gsm8k_phi3mini,leave_family_out,mutual_knn,25,10534,5,10.054527528293121,29.706264896098126,0.1134993823043014,0.3388499469508894,False,True
global24,sciq_llama8b,leave_family_out,union_knn,3,442,1,3.251452247835713,18.322133093583012,0.1674864566891492,0.8237037944701386,False,True
global24,sciq_llama8b,leave_family_out,mutual_knn,3,152,67,3.0822093476697616,8.63466169289346,0.1910504660605931,0.6976877474659531,False,True
global24,sciq_llama8b,leave_family_out,union_knn,5,694,1,4.606577328170899,21.214709320510153,0.16870826592608873,0.8304036942573488,False,True
global24,sciq_llama8b,leave_family_out,mutual_knn,5,296,18,2.9936215568731073,14.516972789872002,0.18766429259648604,0.8108285298332956,False,True
global24,sciq_llama8b,leave_family_out,union_knn,7,955,1,4.604710660583032,23.789120920274716,0.15862111260623069,0.8229806903723316,False,True
global24,sciq_llama8b,leave_family_out,mutual_knn,7,431,6,4.194623150691376,17.561241199993326,0.19865773965112965,0.8296723306567303,False,True
global24,sciq_llama8b,leave_family_out,union_knn,10,1352,1,6.672320089516446,25.813881319715733,0.14733021247960565,0.7947608706176585,False,True
global24,sciq_llama8b,leave_family_out,mutual_knn,10,628,2,4.4044386217090965,20.34034826598544,0.20091211010454288,0.8326108399578686,False,True
global24,sciq_llama8b,leave_family_out,union_knn,15,2009,1,6.650006995351197,26.312302681010145,0.13745848542939876,0.7716552790342645,False,True
global24,sciq_llama8b,leave_family_out,mutual_knn,15,961,1,5.26773706521899,21.36832292612343,0.15555298650926372,0.8089938821481018,False,True
global24,sciq_llama8b,leave_family_out,union_knn,25,3322,1,10.354949159019435,38.16133429827293,0.1386443537157999,0.7184409349240991,False,True
global24,sciq_llama8b,leave_family_out,mutual_knn,25,1628,1,7.185742071976126,30.386950397658175,0.1631899149396272,0.7749784197841266,False,True
global24,se_nq_open_llama8b,leave_family_out,union_knn,3,17543,388,68.31432776350017,146.10406731506657,0.5056030464015917,0.9448136427546426,False,True
global24,se_nq_open_llama8b,leave_family_out,mutual_knn,3,5850,3436,36.690908005870426,85.88544661470166,0.3565831454141117,0.7399359577915684,False,True
global24,se_nq_open_llama8b,leave_family_out,union_knn,5,28825,179,82.80305154047173,150.04470002077971,0.4735559154660239,0.95104714494175,False,True
global24,se_nq_open_llama8b,leave_family_out,mutual_knn,5,11242,1536,54.57390329570012,93.65371323958875,0.40956104915207214,0.8475571317458087,False,True
global24,se_nq_open_llama8b,leave_family_out,union_knn,7,40201,88,85.81781214073891,181.8271350539172,0.4377890261355373,0.9492418833818341,False,True
global24,se_nq_open_llama8b,leave_family_out,mutual_knn,7,16642,863,55.96053169935861,105.5482304312943,0.420394075574671,0.8926508108993721,False,True
global24,se_nq_open_llama8b,leave_family_out,union_knn,10,58380,10,82.69179824337553,222.62517786568876,0.3962300994891291,0.9466870795424416,False,True
global24,se_nq_open_llama8b,leave_family_out,mutual_knn,10,24092,449,51.32798302830163,122.94233604912118,0.41110601744100483,0.9158348347195366,False,True
global24,se_nq_open_llama8b,leave_family_out,union_knn,15,88373,3,108.47797758565036,267.05864700664864,0.3508530563665042,0.942578980912538,False,True
global24,se_nq_open_llama8b,leave_family_out,mutual_knn,15,36399,221,58.006969699584815,193.16075927943635,0.37981357960857265,0.9307439289867975,False,True
global24,se_nq_open_llama8b,leave_family_out,union_knn,25,147412,1,112.30665856501726,317.1341383676612,0.30538200393738474,0.9335526994163377,False,True
global24,se_nq_open_llama8b,leave_family_out,mutual_knn,25,61960,57,75.35913272459906,213.91172143691665,0.34194262541016823,0.937937851634528,False,True
global24,se_squad_v2_llama8b,leave_family_out,union_knn,3,6060,255,54.89323484418604,64.83227668036281,0.7959984488542003,0.8746669080882494,False,True
global24,se_squad_v2_llama8b,leave_family_out,mutual_knn,3,1594,1651,26.289137353512416,33.83781177672636,0.40048553313482815,0.5962307649957986,False,True
global24,se_squad_v2_llama8b,leave_family_out,union_knn,5,9650,152,79.68346709827792,71.26641219465522,0.792933197228537,0.8801932414083201,False,True
global24,se_squad_v2_llama8b,leave_family_out,mutual_knn,5,3538,935,41.4120945593702,55.55952263074256,0.5423721393168057,0.7150003999233264,False,True
global24,se_squad_v2_llama8b,leave_family_out,union_knn,7,13394,94,93.81700323238786,88.08830629969297,0.748553841405153,0.8729176866061401,False,True
global24,se_squad_v2_llama8b,leave_family_out,mutual_knn,7,5613,563,60.29332129114073,50.728797474902116,0.6229187208679462,0.7642074771573956,False,True
global24,se_squad_v2_llama8b,leave_family_out,union_knn,10,19439,16,87.80195129322956,104.27282609344532,0.6661758945395512,0.8646267197031235,False,True
global24,se_squad_v2_llama8b,leave_family_out,mutual_knn,10,8413,295,50.0040697373814,71.00523395462933,0.6426976643888603,0.7915347012006563,False,True
global24,se_squad_v2_llama8b,leave_family_out,union_knn,15,30051,11,90.67528810037628,122.37727721375572,0.5850704830689951,0.8486028201349038,False,True
global24,se_squad_v2_llama8b,leave_family_out,mutual_knn,15,12466,182,62.21698072916974,88.48740457773626,0.5813933813000818,0.8107791508405578,False,True
global24,se_squad_v2_llama8b,leave_family_out,union_knn,25,50179,3,124.83775413073926,196.79064394218912,0.4995107761894154,0.8213994373028143,False,True
global24,se_squad_v2_llama8b,leave_family_out,mutual_knn,25,21668,64,79.0484292426641,117.33170687733625,0.5229680334090449,0.8587206668963375,False,True
global24,seiclr_triviaqa_opt30b,leave_family_out,union_knn,3,10397,539,79.18210267817247,68.6117208525573,0.8179821197494451,0.8365598718755721,False,True
global24,seiclr_triviaqa_opt30b,leave_family_out,mutual_knn,3,2400,3182,34.39813816495539,57.24423101876824,0.4041587561275164,0.5700369343520733,False,True
global24,seiclr_triviaqa_opt30b,leave_family_out,union_knn,5,16010,363,100.90693038396064,99.00093090916371,0.828022920253014,0.8512193173286652,False,True
global24,seiclr_triviaqa_opt30b,leave_family_out,mutual_knn,5,5908,2017,60.32575706546389,62.57596571420514,0.5528973827481707,0.6082797623461308,False,True
global24,seiclr_triviaqa_opt30b,leave_family_out,union_knn,7,21285,276,109.71431708306052,101.45280925527324,0.8040488924937635,0.8408258957955175,False,True
global24,seiclr_triviaqa_opt30b,leave_family_out,mutual_knn,7,10096,1252,56.82059345270104,71.92433689956356,0.6590701786034517,0.706904627199373,False,True
global24,seiclr_triviaqa_opt30b,leave_family_out,union_knn,10,31721,51,96.1986692863756,132.99264376345357,0.7261163363952823,0.8174985753102099,False,True
global24,seiclr_triviaqa_opt30b,leave_family_out,mutual_knn,10,15020,662,94.28394530653406,97.54276312477893,0.6998718585606717,0.7630242195943925,False,True
global24,seiclr_triviaqa_opt30b,leave_family_out,union_knn,15,49622,36,134.56960191896547,169.1609095819118,0.6341627815335706,0.7861321222006122,False,True
global24,seiclr_triviaqa_opt30b,leave_family_out,mutual_knn,15,22119,385,97.18299611105219,135.047964129766,0.6565515788668617,0.7619571864168387,False,True
global24,seiclr_triviaqa_opt30b,leave_family_out,union_knn,25,83118,1,142.98277837160103,173.70853228964083,0.5304412432268834,0.7463496461679414,False,True
global24,seiclr_triviaqa_opt30b,leave_family_out,mutual_knn,25,38623,142,100.60125330671397,120.42589892390228,0.5566794491113712,0.8118190591154822,False,True
global24,semenergy_triviaqa_qwen3_8b,leave_family_out,union_knn,3,9191,518,91.4920345188659,94.58530037051479,0.8610572949485218,0.93629468694607,False,True
global24,semenergy_triviaqa_qwen3_8b,leave_family_out,mutual_knn,3,1925,2991,38.75383866383429,57.321435831222885,0.3996298873522808,0.5809358611402933,False,True
global24,semenergy_triviaqa_qwen3_8b,leave_family_out,union_knn,5,13867,376,88.98275379818816,98.88548027760254,0.8999384818487004,0.9680508409161384,False,True
global24,semenergy_triviaqa_qwen3_8b,leave_family_out,mutual_knn,5,5061,2013,79.13745960324253,73.54047360037708,0.5878033966630172,0.7454069356295316,False,True
global24,semenergy_triviaqa_qwen3_8b,leave_family_out,union_knn,7,18163,285,116.41706359804073,141.65288246166594,0.8899508819114821,0.9726677299089647,False,True
global24,semenergy_triviaqa_qwen3_8b,leave_family_out,mutual_knn,7,8989,1270,80.4590715964319,88.61571912299864,0.7173085651459894,0.8403617822683346,False,True
global24,semenergy_triviaqa_qwen3_8b,leave_family_out,union_knn,10,27199,34,130.87262314424558,139.99251051165427,0.8016389089315211,0.9670799779497802,False,True
global24,semenergy_triviaqa_qwen3_8b,leave_family_out,mutual_knn,10,13591,643,91.38577250439805,142.81903722117488,0.7883125526342475,0.9137622721627847,False,True
global24,semenergy_triviaqa_qwen3_8b,leave_family_out,union_knn,15,44010,26,118.42445632458241,199.8399677232988,0.6956045133296129,0.9576090282575755,False,True
global24,semenergy_triviaqa_qwen3_8b,leave_family_out,mutual_knn,15,18740,411,110.1239830011434,114.50096453247588,0.7414201239284759,0.929714031247383,False,True
global24,semenergy_triviaqa_qwen3_8b,leave_family_out,union_knn,25,74641,1,160.88036125517888,292.36968854851455,0.5777784471840225,0.9446094716916613,False,True
global24,semenergy_triviaqa_qwen3_8b,leave_family_out,mutual_knn,25,32029,172,111.70571864184521,157.3986404356374,0.6340259167025482,0.9421588066586266,False,True
global24,spilled_triviaqa_llama8b,leave_family_out,union_knn,3,561,1,2.3249865489995116,16.722474652826577,0.10851314864464154,0.669016662823419,False,True
global24,spilled_triviaqa_llama8b,leave_family_out,mutual_knn,3,207,74,2.271567003092955,6.451919696157399,0.1082725607752126,0.4096091703012935,False,True
global24,spilled_triviaqa_llama8b,leave_family_out,union_knn,5,905,1,3.601460620245877,28.048550849855598,0.14625170044251837,0.7601019791428769,False,True
global24,spilled_triviaqa_llama8b,leave_family_out,mutual_knn,5,375,30,1.269950155861148,10.044132086578902,0.0840496660986805,0.4679532189090218,False,False
global24,spilled_triviaqa_llama8b,leave_family_out,union_knn,7,1259,1,4.82808162903499,20.835575132869238,0.12385656100031588,0.7421357083216891,False,True
global24,spilled_triviaqa_llama8b,leave_family_out,mutual_knn,7,533,18,2.2695254901184576,11.334277521265061,0.07853815389159585,0.4873043143251391,False,True
global24,spilled_triviaqa_llama8b,leave_family_out,union_knn,10,1809,1,4.551101648116146,29.646190710733674,0.11752926331118116,0.7162095991530026,False,True
global24,spilled_triviaqa_llama8b,leave_family_out,mutual_knn,10,751,12,3.8665200617799167,15.423059390207325,0.13381581427202632,0.5002715677213456,False,True
global24,spilled_triviaqa_llama8b,leave_family_out,union_knn,15,2691,1,7.178925012636481,43.3387357444062,0.11209274730942169,0.6869369628232718,False,True
global24,spilled_triviaqa_llama8b,leave_family_out,mutual_knn,15,1149,8,12.412326724196742,18.465018459761264,0.18258878187508767,0.5071269277006819,False,True
global24,spilled_triviaqa_llama8b,leave_family_out,union_knn,25,4408,1,5.8515863693674355,39.07643276023467,0.08481292129189599,0.625101602307242,False,True
global24,spilled_triviaqa_llama8b,leave_family_out,mutual_knn,25,1992,1,8.016765854412146,25.898295423595737,0.1590086082192375,0.777705779406748,False,True
global24,trace_gsm8k_llama8b_k10,leave_family_out,union_knn,3,11185,1,32.77934975769699,103.81863683262695,0.3195226776749481,0.8299934805274247,False,True
global24,trace_gsm8k_llama8b_k10,leave_family_out,mutual_knn,3,3815,1505,17.794853896314464,60.072755675691795,0.2602891128019547,0.6780230155164312,False,True
global24,trace_gsm8k_llama8b_k10,leave_family_out,union_knn,5,18231,1,43.54824686852228,123.80956728378916,0.32176557469299155,0.840982340073599,False,True
global24,trace_gsm8k_llama8b_k10,leave_family_out,mutual_knn,5,6769,550,29.29404632730747,62.04163114176211,0.29739522101854454,0.7678480341555529,False,True
global24,trace_gsm8k_llama8b_k10,leave_family_out,union_knn,7,25247,1,46.977539676863785,110.70941586203661,0.3207098425798165,0.8394441839747134,False,True
global24,trace_gsm8k_llama8b_k10,leave_family_out,mutual_knn,7,9753,260,29.148730842151032,84.83229797230645,0.3007215873706812,0.7902760590590109,False,True
global24,trace_gsm8k_llama8b_k10,leave_family_out,union_knn,10,35731,1,61.436077780813974,140.29244573414522,0.31630261175777635,0.8324273700686736,False,True
global24,trace_gsm8k_llama8b_k10,leave_family_out,mutual_knn,10,14269,131,32.626146624776545,83.11500887377618,0.3102801928643931,0.8151303727688225,False,True
global24,trace_gsm8k_llama8b_k10,leave_family_out,union_knn,15,53099,1,65.12394483937203,158.74936132484933,0.31449209965945857,0.818897965819827,False,True
global24,trace_gsm8k_llama8b_k10,leave_family_out,mutual_knn,15,21901,52,35.599941414048,105.47224807937413,0.31035433399730533,0.8366278731343477,False,True
global24,trace_gsm8k_llama8b_k10,leave_family_out,union_knn,25,87602,1,86.13509484666687,256.4908705686342,0.31350409359160797,0.788809932246318,False,True
global24,trace_gsm8k_llama8b_k10,leave_family_out,mutual_knn,25,37398,13,53.9427723191798,160.19237322119125,0.31497355968607305,0.8342086867608648,False,True
global24,trace_math500_qwenmath15b_k10,leave_family_out,union_knn,3,6680,1,10.75496773370696,74.67208616238354,0.11159061806768873,0.8801114965141366,False,True
global24,trace_math500_qwenmath15b_k10,leave_family_out,mutual_knn,3,2320,901,5.1419770310129325,36.746601917431185,0.09060901175800307,0.7419209889757555,False,True
global24,trace_math500_qwenmath15b_k10,leave_family_out,union_knn,5,10921,1,9.527733024588796,92.36335691685835,0.10250133513573995,0.870730708121706,False,True
global24,trace_math500_qwenmath15b_k10,leave_family_out,mutual_knn,5,4079,329,8.520975692256744,56.878312114025384,0.12187290330457715,0.8122007980161838,False,True
global24,trace_math500_qwenmath15b_k10,leave_family_out,union_knn,7,15120,1,12.347001238701173,113.90581188368247,0.09785268030012959,0.8583700411709696,False,True
global24,trace_math500_qwenmath15b_k10,leave_family_out,mutual_knn,7,5880,175,8.753340271797587,67.44589573201183,0.1172622911306502,0.8286474776226602,False,True
global24,trace_math500_qwenmath15b_k10,leave_family_out,union_knn,10,21312,1,12.341045711950555,124.93744343961183,0.09424990055016046,0.8459292885468237,False,True
global24,trace_math500_qwenmath15b_k10,leave_family_out,mutual_knn,10,8688,88,8.864681763346445,75.83542529306958,0.1027304711459463,0.8593673701841974,False,True
global24,trace_math500_qwenmath15b_k10,leave_family_out,union_knn,15,31550,1,17.317811342178718,113.82014373958064,0.09492823702435901,0.8247417097742518,False,True
global24,trace_math500_qwenmath15b_k10,leave_family_out,mutual_knn,15,13450,34,11.163574179222202,89.29161935611313,0.09961984413783367,0.8802111024818273,False,True
global24,trace_math500_qwenmath15b_k10,leave_family_out,union_knn,25,52127,1,21.802204567076952,178.57479739548612,0.0907848521100521,0.7922043989586326,False,True
global24,trace_math500_qwenmath15b_k10,leave_family_out,mutual_knn,25,22873,14,13.69395011796296,129.3582620860792,0.09607686049500075,0.8715283313994956,False,True
global24,truthfulqa_llama8b,leave_family_out,union_knn,3,16639,104,36.01147106263128,123.59811591495264,0.2806603847609111,0.9481172572171227,False,True
global24,truthfulqa_llama8b,leave_family_out,mutual_knn,3,5720,2426,17.71043218834267,77.23207423494671,0.19029046299699853,0.7459809232572685,False,True
global24,truthfulqa_llama8b,leave_family_out,union_knn,5,27297,43,33.107210172431024,153.5972365323363,0.24833572314821098,0.9566621391903135,False,True
global24,truthfulqa_llama8b,leave_family_out,mutual_knn,5,10289,877,22.684560448807023,94.50739591667597,0.21919550215267364,0.8541228148755893,False,True
global24,truthfulqa_llama8b,leave_family_out,union_knn,7,37832,28,49.840357991631635,159.96980232033673,0.22594924809845732,0.9590839745937617,False,True
global24,truthfulqa_llama8b,leave_family_out,mutual_knn,7,14985,437,26.923727337959736,122.3556651672675,0.21809976843891185,0.899282040575627,False,True
global24,truthfulqa_llama8b,leave_family_out,union_knn,10,53811,3,49.03855044052004,189.6673907674537,0.1937029397268653,0.9584084307237146,False,True
global24,truthfulqa_llama8b,leave_family_out,mutual_knn,10,21962,207,35.12172162801473,134.24344213398118,0.20684082213802493,0.926528248114434,False,True
global24,truthfulqa_llama8b,leave_family_out,union_knn,15,80368,2,39.45355756854947,307.6510108395073,0.16171569868611269,0.9571104590053406,False,True
global24,truthfulqa_llama8b,leave_family_out,mutual_knn,15,33571,87,31.245018405375635,174.61313638444855,0.18322307557399076,0.9393340544653151,False,True
global24,truthfulqa_llama8b,leave_family_out,union_knn,25,133342,1,45.78521046654953,330.2717384699335,0.12956220539084112,0.9529920413021312,False,True
global24,truthfulqa_llama8b,leave_family_out,mutual_knn,25,56928,21,34.58539392145136,198.6290172186545,0.14828411065770933,0.9464274603215144,False,True
processbench,qwen3_4b__gsm8k,development_model,union_knn,3,860,1,4.130453599819998,12.481807566414625,0.1421919038018577,0.3981663154620808,False,True
processbench,qwen3_4b__gsm8k,development_model,mutual_knn,3,340,98,2.174126162111367,6.760763627158263,0.11708404506025162,0.3575303033496934,False,True
processbench,qwen3_4b__gsm8k,development_model,union_knn,5,1407,1,8.326019858311756,14.170978079206822,0.1881955531480567,0.395760290920595,False,True
processbench,qwen3_4b__gsm8k,development_model,mutual_knn,5,593,31,4.193311436418124,9.92698969085397,0.14838561773627892,0.3770621110782244,False,True
processbench,qwen3_4b__gsm8k,development_model,union_knn,7,1938,1,7.913034237667253,15.071243370156449,0.18514671669657684,0.3783241747168893,False,True
processbench,qwen3_4b__gsm8k,development_model,mutual_knn,7,862,15,4.471770308245511,10.688862517019066,0.15657238658662123,0.338809757982383,False,True
processbench,qwen3_4b__gsm8k,development_model,union_knn,10,2753,1,10.040073038171526,21.255986340542105,0.20542775981809328,0.3803794087282753,False,True
processbench,qwen3_4b__gsm8k,development_model,mutual_knn,10,1247,7,7.486201543080859,10.430565083852551,0.17634040388932246,0.33798600458788125,False,True
processbench,qwen3_4b__gsm8k,development_model,union_knn,15,4121,1,12.349592056288216,23.33669279868503,0.21091832607507857,0.35738709804378266,False,True
processbench,qwen3_4b__gsm8k,development_model,mutual_knn,15,1879,5,7.806013169191171,14.865090318322983,0.18316616386415488,0.3291978180933932,False,True
processbench,qwen3_4b__gsm8k,development_model,union_knn,25,6832,1,17.280218657395114,28.68458496781995,0.21048469488200297,0.31920505873784144,False,True
processbench,qwen3_4b__gsm8k,development_model,mutual_knn,25,3168,2,11.32292879449825,23.852693583744877,0.21427475819054032,0.327800983494926,False,True
processbench,qwen3_4b__math,development_model,union_knn,3,2189,1,10.962861859002267,41.20411372324178,0.275521684196401,0.8752752755836286,False,True
processbench,qwen3_4b__math,development_model,mutual_knn,3,811,273,5.959080473852033,22.434203058486368,0.1909154783638786,0.7213605309693886,False,True
processbench,qwen3_4b__math,development_model,union_knn,5,3565,1,17.542268245794205,54.58584539657081,0.28833398549195977,0.8753446820861432,False,True
processbench,qwen3_4b__math,development_model,mutual_knn,5,1435,92,6.479047732637396,28.98006756497472,0.23689377389569344,0.7798544136387567,False,True
processbench,qwen3_4b__math,development_model,union_knn,7,4955,1,20.133784377836776,54.00116555375583,0.2882369329472613,0.8660141341953136,False,True
processbench,qwen3_4b__math,development_model,mutual_knn,7,2045,47,12.204183577342809,38.77628099347911,0.2812958049871643,0.8032150631596924,False,True
processbench,qwen3_4b__math,development_model,union_knn,10,6982,1,25.313528068196515,86.16027467336362,0.2808054479616588,0.8642291983112472,False,True
processbench,qwen3_4b__math,development_model,mutual_knn,10,3018,25,20.5199756551874,42.35359848102486,0.27745260194628996,0.8529995471494857,False,True
processbench,qwen3_4b__math,development_model,union_knn,15,10421,1,27.70069811742884,87.12554172582043,0.2678674828199288,0.854376701921619,False,True
processbench,qwen3_4b__math,development_model,mutual_knn,15,4579,10,16.177320529800063,54.566302027867266,0.26878721055699323,0.8668823412125743,False,True
processbench,qwen3_4b__math,development_model,union_knn,25,17282,1,37.669557564769875,115.49507894748427,0.25954431269237777,0.8304639587828013,False,True
processbench,qwen3_4b__math,development_model,mutual_knn,25,7718,5,21.324567366860197,77.6488839639288,0.2690828774400064,0.8596255396068726,False,True
processbench,qwen3_4b__olympiadbench,development_model,union_knn,3,2171,1,8.84814853421555,31.14165756573113,0.2193989094114831,0.6144103039020108,False,True
processbench,qwen3_4b__olympiadbench,development_model,mutual_knn,3,829,260,7.912129832212527,17.611027993872096,0.23394620042494635,0.515404699579315,False,True
processbench,qwen3_4b__olympiadbench,development_model,union_knn,5,3530,1,11.687376424072044,35.37802505621175,0.21561677205877075,0.5801245373811437,False,True
processbench,qwen3_4b__olympiadbench,development_model,mutual_knn,5,1470,77,8.227202399633281,20.917614335243165,0.22749943931332692,0.5416871106267638,False,True
processbench,qwen3_4b__olympiadbench,development_model,union_knn,7,4860,1,15.702543486862137,34.91576854655716,0.2253772224617128,0.56192820814763,False,True
processbench,qwen3_4b__olympiadbench,development_model,mutual_knn,7,2140,39,10.616635783910274,25.90343152409079,0.22150427111667287,0.5419317415912529,False,True
processbench,qwen3_4b__olympiadbench,development_model,union_knn,10,6825,1,18.794918404977704,40.84048702181689,0.22542042756072883,0.544978947026462,False,True
processbench,qwen3_4b__olympiadbench,development_model,mutual_knn,10,3175,28,12.538063237177905,28.095585910516284,0.22573102049645372,0.5526163286782203,False,True
processbench,qwen3_4b__olympiadbench,development_model,union_knn,15,10100,1,20.74175348333656,44.7007453921868,0.220216279253629,0.516578234399965,False,True
processbench,qwen3_4b__olympiadbench,development_model,mutual_knn,15,4900,15,15.842147975419723,35.66581929834295,0.21453829489600065,0.5381699993066437,False,True
processbench,qwen3_4b__olympiadbench,development_model,union_knn,25,16676,1,26.04953208914836,61.52437907227379,0.21316142874430968,0.48267124954646096,False,True
processbench,qwen3_4b__olympiadbench,development_model,mutual_knn,25,8324,3,21.56281525035348,45.39219178263745,0.21805914203200916,0.517517415630047,False,True
processbench,qwen3_4b__omnimath,development_model,union_knn,3,2180,1,12.983294765215863,28.477496949702953,0.3248335577517264,0.654832179786647,False,True
processbench,qwen3_4b__omnimath,development_model,mutual_knn,3,820,270,8.392669437084534,19.20519215322984,0.25466201195528654,0.5723664472206381,False,True
processbench,qwen3_4b__omnimath,development_model,union_knn,5,3552,1,17.44891300943419,34.68878667164815,0.325149002579578,0.6408023786502989,False,True
processbench,qwen3_4b__omnimath,development_model,mutual_knn,5,1448,94,10.61112960005438,24.44300832663724,0.29911825001293035,0.6124355551103434,False,True
processbench,qwen3_4b__omnimath,development_model,union_knn,7,4890,1,18.916898165755466,42.6699452271935,0.3204225820839176,0.627323532070467,False,True
processbench,qwen3_4b__omnimath,development_model,mutual_knn,7,2110,53,16.413222458620428,27.072640990827725,0.30885677530065775,0.6143948518458016,False,True
processbench,qwen3_4b__omnimath,development_model,union_knn,10,6920,1,25.223277182107214,48.791663837116204,0.3100361562272109,0.6145566056418179,False,True
processbench,qwen3_4b__omnimath,development_model,mutual_knn,10,3080,25,16.667417374086487,38.87374661077856,0.31600396845806,0.622280977043784,False,True
processbench,qwen3_4b__omnimath,development_model,union_knn,15,10361,1,32.973796871839696,56.365611474088006,0.31029992311350413,0.5837205560226378,False,True
processbench,qwen3_4b__omnimath,development_model,mutual_knn,15,4639,15,20.907832245826132,34.79675040248248,0.3147489168347609,0.6171000869812612,False,True
processbench,qwen3_4b__omnimath,development_model,union_knn,25,17084,1,40.283481190775596,71.37352055353684,0.305548301480516,0.5423065279439484,False,True
processbench,qwen3_4b__omnimath,development_model,mutual_knn,25,7916,8,23.973840829544486,41.63745994271646,0.3066576919723015,0.5936303459354222,False,True
processbench,qwen3_8b__gsm8k,model_validation,union_knn,3,870,1,6.265321497973866,13.076960609669658,0.2209195397229609,0.44926222353741413,False,True
processbench,qwen3_8b__gsm8k,model_validation,mutual_knn,3,330,110,5.039140304652103,9.416591396510443,0.23371032018118643,0.3633873710052461,False,True
processbench,qwen3_8b__gsm8k,model_validation,union_knn,5,1429,1,7.095270570056399,17.376235415006597,0.21655785718138082,0.4419205548059737,False,True
processbench,qwen3_8b__gsm8k,model_validation,mutual_knn,5,571,43,5.886411886242961,9.554644491296903,0.2510618587833111,0.38698876403144816,False,True
processbench,qwen3_8b__gsm8k,model_validation,union_knn,7,1970,1,8.717328422620936,19.393181110317542,0.22141119246564991,0.4083917591652263,False,True
processbench,qwen3_8b__gsm8k,model_validation,mutual_knn,7,830,21,5.900949116054407,12.16608077687132,0.20658158921102376,0.39591839186478683,False,True
processbench,qwen3_8b__gsm8k,model_validation,union_knn,10,2796,1,11.059591715667237,21.567772122059495,0.2247731042650859,0.3990368687564993,False,True
processbench,qwen3_8b__gsm8k,model_validation,mutual_knn,10,1204,9,7.281047885589044,14.037714329015488,0.20730559831787726,0.3583512431838738,False,True
processbench,qwen3_8b__gsm8k,model_validation,union_knn,15,4157,1,11.608108146357633,25.129350548544906,0.20919936995697314,0.37549149350077005,False,True
processbench,qwen3_8b__gsm8k,model_validation,mutual_knn,15,1843,7,8.425902143714547,14.58813687930483,0.20615685066179995,0.3505578976322572,False,True
processbench,qwen3_8b__gsm8k,model_validation,union_knn,25,6821,1,20.495378681283636,31.70425040143339,0.2060435209720708,0.3514549419530905,False,True
processbench,qwen3_8b__gsm8k,model_validation,mutual_knn,25,3179,2,12.139349287319376,16.047982371105796,0.2102900966413798,0.33773091802922484,False,True
processbench,qwen3_8b__math,model_validation,union_knn,3,2171,1,14.520716636633402,44.95822884338765,0.2747473793833212,0.8882645434049125,False,True
processbench,qwen3_8b__math,model_validation,mutual_knn,3,829,278,10.90655963459977,23.334717604176287,0.26949674553010866,0.7071399623815865,False,True
processbench,qwen3_8b__math,model_validation,union_knn,5,3550,1,15.187344342197317,51.634667099552026,0.2764621394513091,0.8823236240213685,False,True
processbench,qwen3_8b__math,model_validation,mutual_knn,5,1450,91,11.944840304364035,30.23975488224461,0.27770119784711905,0.785818527635677,False,True
processbench,qwen3_8b__math,model_validation,union_knn,7,4902,1,20.081324341086116,61.73153888681225,0.2818529105317299,0.8792891127690007,False,True
processbench,qwen3_8b__math,model_validation,mutual_knn,7,2098,44,10.50529098685959,34.00140970130236,0.27037563297589595,0.8431963118547297,False,True
processbench,qwen3_8b__math,model_validation,union_knn,10,6943,1,24.182103814124137,70.0955919345594,0.27156646040640714,0.8695872817674993,False,True
processbench,qwen3_8b__math,model_validation,mutual_knn,10,3057,22,16.258267773028876,38.99556070884279,0.26516030026069465,0.8768831906404744,False,True
processbench,qwen3_8b__math,model_validation,union_knn,15,10344,1,24.91607815129323,78.97577646221934,0.26445569366947075,0.8601781547852956,False,True
processbench,qwen3_8b__math,model_validation,mutual_knn,15,4656,9,16.812701447971442,61.168914209228795,0.27201896021446187,0.8794694431608866,False,True
processbench,qwen3_8b__math,model_validation,union_knn,25,17055,1,38.75565808077229,107.04248783463673,0.265234508086395,0.8362350632883483,False,True
processbench,qwen3_8b__math,model_validation,mutual_knn,25,7945,3,24.595902889668718,75.75692297351434,0.27588970423777875,0.8690454934101866,False,True
processbench,qwen3_8b__olympiadbench,model_validation,union_knn,3,2158,1,10.368550880628336,29.51893929175379,0.2508776253210204,0.5782794224312597,False,True
processbench,qwen3_8b__olympiadbench,model_validation,mutual_knn,3,842,261,5.774313545929753,16.102467467431147,0.1897779033529487,0.4386573326419663,False,True
processbench,qwen3_8b__olympiadbench,model_validation,union_knn,5,3509,1,14.44048040081871,34.560941838252155,0.2457084875100876,0.572852769043632,False,True
processbench,qwen3_8b__olympiadbench,model_validation,mutual_knn,5,1491,66,9.303015265145385,17.12200941607581,0.22468460657195727,0.5315646065659674,False,True
processbench,qwen3_8b__olympiadbench,model_validation,union_knn,7,4818,1,15.96779226502821,46.656428053903035,0.24474080561881417,0.5595009852852599,False,True
processbench,qwen3_8b__olympiadbench,model_validation,mutual_knn,7,2182,29,11.6768855445135,25.71648957665616,0.2556918059965632,0.546095214106978,False,True
processbench,qwen3_8b__olympiadbench,model_validation,union_knn,10,6802,1,17.139766765264554,50.09242024039901,0.2402517466793735,0.5416658102745473,False,True
processbench,qwen3_8b__olympiadbench,model_validation,mutual_knn,10,3198,16,9.653924432441706,37.67466418627192,0.24114480795796692,0.5444392616471225,False,True
processbench,qwen3_8b__olympiadbench,model_validation,union_knn,15,10091,1,28.33976801469435,43.82851832522049,0.23394946979697598,0.5125643994066718,False,True
processbench,qwen3_8b__olympiadbench,model_validation,mutual_knn,15,4909,4,15.794980806388827,36.6444227077431,0.24145503182659112,0.5411506551294213,False,True
processbench,qwen3_8b__olympiadbench,model_validation,union_knn,25,16639,1,29.575965521025317,49.312239374851785,0.2205627134435094,0.47140965795208295,False,True
processbench,qwen3_8b__olympiadbench,model_validation,mutual_knn,25,8361,3,20.02430418781726,45.42553521603534,0.2289542788144406,0.5163253300310863,False,True
processbench,qwen3_8b__omnimath,model_validation,union_knn,3,2178,1,19.167841164847648,31.027910266876443,0.3445324336559086,0.7343672549264426,False,True
processbench,qwen3_8b__omnimath,model_validation,mutual_knn,3,822,267,12.0176233811562,18.466431883078215,0.3060181007218778,0.6340656831706357,False,True
processbench,qwen3_8b__omnimath,model_validation,union_knn,5,3539,1,14.87549198714246,40.246667976361906,0.32780547460176734,0.7176370005849361,False,True
processbench,qwen3_8b__omnimath,model_validation,mutual_knn,5,1461,75,12.993982119602778,29.889396278068787,0.32941491674609097,0.7001469679571626,False,True
processbench,qwen3_8b__omnimath,model_validation,union_knn,7,4893,1,21.831875942734683,48.45137034706675,0.3275131858575324,0.699010379836457,False,True
processbench,qwen3_8b__omnimath,model_validation,mutual_knn,7,2107,40,19.11690887759507,33.202717896432155,0.3475670412864418,0.7131441419344515,False,True
processbench,qwen3_8b__omnimath,model_validation,union_knn,10,6921,1,22.92503766508899,51.5765369426864,0.3217108623338229,0.6821436609060793,False,True
processbench,qwen3_8b__omnimath,model_validation,mutual_knn,10,3079,20,21.682698817364994,38.82449762004472,0.33626094546667407,0.7090870997842856,False,True
processbench,qwen3_8b__omnimath,model_validation,union_knn,15,10288,1,32.68410993671429,66.21356914979437,0.31191964092377406,0.6518293785828801,False,True
processbench,qwen3_8b__omnimath,model_validation,mutual_knn,15,4712,12,16.667735108307255,47.462963754876554,0.32115210972346525,0.7033474956279513,False,True
processbench,qwen3_8b__omnimath,model_validation,union_knn,25,16815,1,36.12243467610061,76.37834690495247,0.30337118388140977,0.6046955953812376,False,True
processbench,qwen3_8b__omnimath,model_validation,mutual_knn,25,8185,4,25.88002103726558,55.667837397690924,0.3144127997836823,0.6703479203767452,False,True
ragtruth,ragtruth_dev__original30_full,development,union_knn,3,1340,2,11.623370560188388,25.921802565779515,0.32665497221488377,0.7682580097567692,False,True
ragtruth,ragtruth_dev__original30_full,development,mutual_knn,3,532,150,9.31247369145383,17.211754818334782,0.30195558162975633,0.6297513912111925,False,True
ragtruth,ragtruth_dev__original30_full,development,union_knn,5,2217,1,14.535630875917633,30.730286779653994,0.3132476103043673,0.7682207518246003,False,True
ragtruth,ragtruth_dev__original30_full,development,mutual_knn,5,903,57,9.329457359203507,22.261061921948194,0.31455411961367,0.6822108536677911,False,True
ragtruth,ragtruth_dev__original30_full,development,union_knn,7,3067,1,17.756419514321426,39.32185050637297,0.3018482395162149,0.7455597868352553,False,True
ragtruth,ragtruth_dev__original30_full,development,mutual_knn,7,1301,34,9.023521802766153,25.620970555997058,0.3104174311406852,0.7280577036920465,False,True
ragtruth,ragtruth_dev__original30_full,development,union_knn,10,4340,1,20.01495259961869,43.12724684798878,0.2942207133198763,0.7216392916648845,False,True
ragtruth,ragtruth_dev__original30_full,development,mutual_knn,10,1900,17,12.941825483944628,36.624240389672885,0.29514842306683325,0.7512646981077512,False,True
ragtruth,ragtruth_dev__original30_full,development,union_knn,15,6438,1,20.98956230079321,50.9914817577993,0.28182907656217204,0.6954955376092572,False,True
ragtruth,ragtruth_dev__original30_full,development,mutual_knn,15,2922,11,14.313843501390808,38.241934637487674,0.29802315804590407,0.7437682925813568,False,True
ragtruth,ragtruth_dev__original30_full,development,union_knn,25,10592,1,27.406476771328368,68.02346606557826,0.27891193145634086,0.6402826089567408,False,True
ragtruth,ragtruth_dev__original30_full,development,mutual_knn,25,5008,8,19.845530555063114,39.19729626090316,0.2947498651792175,0.7007775413467049,False,True
ragtruth,ragtruth_dev__hybrid,development,union_knn,3,1427,1,12.206766811227597,14.49906724543254,0.29429447400249603,0.30941260827399136,False,True
ragtruth,ragtruth_dev__hybrid,development,mutual_knn,3,445,226,6.224730838130177,8.342037428106547,0.25541891015810286,0.2946376423421007,False,True
ragtruth,ragtruth_dev__hybrid,development,union_knn,5,2322,1,14.410572399922561,13.193176016490625,0.30612031896695824,0.28334427335847767,True,True
ragtruth,ragtruth_dev__hybrid,development,mutual_knn,5,798,98,8.794682602717348,9.89592065142967,0.28717725650524256,0.30310189621369554,False,True
ragtruth,ragtruth_dev__hybrid,development,union_knn,7,3222,1,17.905880312241393,15.735485948491608,0.31037763673359053,0.27572001191630374,True,True
ragtruth,ragtruth_dev__hybrid,development,mutual_knn,7,1146,55,10.789811397988762,11.240806181168736,0.29394620641718094,0.334841846007523,False,True
ragtruth,ragtruth_dev__hybrid,development,union_knn,10,4504,1,20.92400201145942,18.687250977966773,0.3062617995738797,0.25849276814199856,True,True
ragtruth,ragtruth_dev__hybrid,development,mutual_knn,10,1736,24,11.157332486986741,12.580952336255958,0.31390342849144964,0.300972765981131,True,True
ragtruth,ragtruth_dev__hybrid,development,union_knn,15,6639,1,24.377798050026843,17.5638543864083,0.30723314641346244,0.22651316365341442,True,True
ragtruth,ragtruth_dev__hybrid,development,mutual_knn,15,2721,14,18.40373335426193,14.1945386408993,0.3175273026080823,0.2922193020961389,True,True
ragtruth,ragtruth_dev__hybrid,development,union_knn,25,10920,1,28.458385362165636,22.678571619052583,0.30052917760600245,0.19349644638956795,True,True
ragtruth,ragtruth_dev__hybrid,development,mutual_knn,25,4680,10,19.019295875083067,16.099655404219938,0.3082539042928321,0.2677217082420842,True,True
ragtruth,ragtruth_test__original30_full,test_validation,union_knn,3,3854,2,23.22378833499116,50.323887114239284,0.30980007091377193,0.9395040233575029,False,True
ragtruth,ragtruth_test__original30_full,test_validation,mutual_knn,3,1540,421,13.037347521905959,32.10366785300918,0.2650231841518297,0.7966997395595666,False,True
ragtruth,ragtruth_test__original30_full,test_validation,union_knn,5,6276,2,27.411515498713815,65.03779732973706,0.3102796104520255,0.9415095743220512,False,True
ragtruth,ragtruth_test__original30_full,test_validation,mutual_knn,5,2718,120,12.928901359944941,51.241112714556046,0.27816440711172,0.872183008679837,False,True
ragtruth,ragtruth_test__original30_full,test_validation,union_knn,7,8710,1,26.55806022025668,90.36972921858741,0.3135763832216153,0.9394289859274167,False,True
ragtruth,ragtruth_test__original30_full,test_validation,mutual_knn,7,3884,67,19.062095522658584,47.38156780218684,0.28495362893527565,0.9057672482909593,False,True
ragtruth,ragtruth_test__original30_full,test_validation,union_knn,10,12331,1,32.26546357243266,103.50127685502483,0.31175686967406063,0.9350444887393086,False,True
ragtruth,ragtruth_test__original30_full,test_validation,mutual_knn,10,5663,30,23.232859333101317,66.57000068742941,0.295735496266972,0.91767981313561,False,True
ragtruth,ragtruth_test__original30_full,test_validation,union_knn,15,18319,1,44.25964683131575,105.63676900509891,0.3123743202254088,0.9251566260987956,False,True
ragtruth,ragtruth_test__original30_full,test_validation,mutual_knn,15,8675,16,33.09632851476993,82.48199611022629,0.30143094705132073,0.9249636556410266,False,True
ragtruth,ragtruth_test__original30_full,test_validation,union_knn,25,30191,1,54.16983027380402,131.5007275064821,0.3055481780736753,0.9098087973612836,False,True
ragtruth,ragtruth_test__original30_full,test_validation,mutual_knn,25,14803,5,39.38338655155085,109.7900527815567,0.303094184545416,0.9237055922335006,False,True
ragtruth,ragtruth_test__hybrid,test_validation,union_knn,3,4198,2,21.29284598912501,28.27970140542081,0.3685036727407352,0.4840792491662131,False,True
ragtruth,ragtruth_test__hybrid,test_validation,mutual_knn,3,1199,698,15.304814542242463,21.426521733063684,0.2876388186263702,0.4067586092610848,False,True
ragtruth,ragtruth_test__hybrid,test_validation,union_knn,5,6848,2,25.53295861122082,46.03466669086647,0.36905192909098994,0.4641898256751806,False,True
ragtruth,ragtruth_test__hybrid,test_validation,mutual_knn,5,2149,320,14.874704443036679,21.744604078553543,0.34420973248136383,0.4510847032804575,False,True
ragtruth,ragtruth_test__hybrid,test_validation,union_knn,7,9467,2,39.329437787825995,43.23246943899623,0.36620567897798934,0.44840860914327163,False,True
ragtruth,ragtruth_test__hybrid,test_validation,mutual_knn,7,3130,188,24.117394650534568,30.002469308103766,0.3638783508243094,0.4639316834420921,False,True
ragtruth,ragtruth_test__hybrid,test_validation,union_knn,10,13327,1,42.182197771741535,51.161032602757146,0.3589961979072736,0.4338285665986938,False,True
ragtruth,ragtruth_test__hybrid,test_validation,mutual_knn,10,4670,111,21.259082673887473,32.35434979191704,0.37578765420249594,0.4704297473777299,False,True
ragtruth,ragtruth_test__hybrid,test_validation,union_knn,15,19764,1,49.04515300046541,62.79183691231045,0.35211292827519497,0.4196776012486267,False,True
ragtruth,ragtruth_test__hybrid,test_validation,mutual_knn,15,7233,53,27.580992170915863,36.135238972214715,0.37016724944670404,0.45866074297630993,False,True
ragtruth,ragtruth_test__hybrid,test_validation,union_knn,25,32489,1,64.40472529665887,59.064793580081634,0.34170310207287957,0.38633910550826567,False,True
ragtruth,ragtruth_test__hybrid,test_validation,mutual_knn,25,12508,22,47.1351280328133,42.51261413018708,0.36024359438173764,0.4395886192931083,False,True
