abstentions,access_tier,auprc,auroc,base_candidate,budget,calibration_f1,candidate,clean_abstention,coverage,detector_auprc,detector_auroc,exact_error,f1,family,fidelity,late_location_rate,locator,mean_absolute_step_error,model,n,n_error,primary,requested_n,task,threshold,within_one
,A,,,,,0.3716405605935697,finalist_global_detector_local_locator,0.5555555555555556,,0.8773100192036465,0.8347222222222221,0.525,0.5398457583547558,gsm8k,,,,,qwen3_8b,76,,0.5398457583547558,,local,-0.17784578467156104,0.675
,A,,,gl_liu_v1_replay,,0.3271510249616511,gl_liu_v1_replay,0.7777777777777778,,0.873141028494858,0.829861111111111,0.3,0.4329896907216495,gsm8k,registered_incumbent_replay,,peak,,qwen3_8b,76,,0.4329896907216495,,local,0.005726928983488259,0.525
,A,,,step272_twohead,,0.32981366459627326,step272_twohead,0.6944444444444444,,0.887565170942091,0.85625,0.35,0.4654255319148936,gsm8k,registered_incumbent_replay,,peak,,qwen3_8b,76,,0.4654255319148936,,local,-0.09046654336912238,0.55
,A,,,max_entropy,,0.2949610815239656,max_entropy__peak,0.5555555555555556,,0.8574971289141756,0.8340277777777778,0.3,0.3896103896103896,gsm8k,transparent_same_trace_baseline,0.4,peak,1.4,qwen3_8b,76,,0.3896103896103896,,local,1.767224133014679,0.6
,A,,,max_entropy,,0.3716405605935697,max_entropy__persistent_q90_3,0.5833333333333334,,0.8574971289141756,0.8340277777777778,0.375,0.45652173913043476,gsm8k,transparent_same_trace_baseline,0.225,persistent_q90_3,1.175,qwen3_8b,76,,0.45652173913043476,,local,1.8165793418884277,0.625
,A,,,max_entropy,,0.38219044523886897,max_entropy__step_top5mean,0.5833333333333334,,0.8574971289141756,0.8340277777777778,0.45,0.5080645161290323,gsm8k,transparent_same_trace_baseline,0.3,step_top5mean,1.225,qwen3_8b,76,,0.5080645161290323,,local,1.8191918730735779,0.6
,A,,,mind_the_gap,,0.29013693193093865,mind_the_gap,0.6666666666666666,,0.8289051398777226,0.8222222222222223,0.25,0.36363636363636365,gsm8k,protocol_reproduction,,paper_evidence_drop,,qwen3_8b,76,,0.36363636363636365,,local,0.4457353771886261,0.5
0,B,,,qwen_prm,,,qwen_prm,1.0,1.0,,,0.675,0.8059701492537313,gsm8k,exact_local_competitor_run,,native_prediction,,qwen3_8b,76,,0.8059701492537313,76,local,,0.775
0,B,,,qwen72b_critic,,,qwen72b_critic,0.9444444444444444,1.0,,,0.55,0.6951672862453532,gsm8k,critic_protocol_different_model,,native_prediction,,qwen3_8b,76,,0.6951672862453532,76,local,,0.625
0,B,,,qwen3_judge_control,,,qwen3_judge_control,0.4444444444444444,1.0,,,0.075,0.12834224598930483,gsm8k,exact_local_competitor_run,,native_prediction,,qwen3_8b,76,,0.12834224598930483,76,local,,0.3
,A,,,,,0.39883345156459366,finalist_global_detector_local_locator,0.6216216216216216,,0.8334747350861409,0.761011011011011,0.26851851851851855,0.3750351419735733,math,,,,,qwen3_8b,182,,0.3750351419735733,,local,-0.1661636851846857,0.46296296296296297
,A,,,gl_liu_v1_replay,,0.36368654944933615,gl_liu_v1_replay,0.6216216216216216,,0.8165478277041858,0.7525025025025025,0.3055555555555556,0.40971659919028347,math,registered_incumbent_replay,,peak,,qwen3_8b,182,,0.40971659919028347,,local,-0.40053544039386,0.5277777777777778
,A,,,step272_twohead,,0.31802981529518387,step272_twohead,0.5405405405405406,,0.8391537601128585,0.767017017017017,0.23148148148148148,0.3241491085899514,math,registered_incumbent_replay,,peak,,qwen3_8b,182,,0.3241491085899514,,local,-0.343995573423375,0.4444444444444444
,A,,,max_entropy,,0.3080163222324602,max_entropy__peak,0.47297297297297297,,0.7842369326870735,0.7318568568568569,0.23148148148148148,0.3108348134991119,math,transparent_same_trace_baseline,0.4722222222222222,peak,1.5833333333333333,qwen3_8b,182,,0.3108348134991119,,local,2.0348258018493652,0.42592592592592593
,A,,,max_entropy,,0.33130094345677424,max_entropy__persistent_q90_3,0.47297297297297297,,0.7842369326870735,0.7318568568568569,0.24074074074074073,0.3190743338008415,math,transparent_same_trace_baseline,0.21296296296296297,persistent_q90_3,1.25,qwen3_8b,182,,0.3190743338008415,,local,2.026930809020996,0.5555555555555556
,A,,,max_entropy,,0.3822476735862563,max_entropy__step_top5mean,0.47297297297297297,,0.7842369326870735,0.7318568568568569,0.2962962962962963,0.3643461288223812,math,transparent_same_trace_baseline,0.37037037037037035,step_top5mean,1.4444444444444444,qwen3_8b,182,,0.3643461288223812,,local,2.026414155960083,0.5
,A,,,mind_the_gap,,0.29353688925338295,mind_the_gap,0.5945945945945946,,0.7979831577193723,0.7205955955955956,0.14814814814814814,0.2371967654986523,math,protocol_reproduction,,paper_evidence_drop,,qwen3_8b,182,,0.2371967654986523,,local,0.5206191790003547,0.3425925925925926
0,B,,,qwen_prm,,,qwen_prm,0.9459459459459459,1.0,,,0.7129629629629629,0.8130939809926082,math,exact_local_competitor_run,,native_prediction,,qwen3_8b,182,,0.8130939809926082,182,local,,0.8240740740740741
0,B,,,qwen72b_critic,,,qwen72b_critic,0.9054054054054054,1.0,,,0.46296296296296297,0.6126554498902707,math,critic_protocol_different_model,,native_prediction,,qwen3_8b,182,,0.6126554498902707,182,local,,0.5740740740740741
0,B,,,qwen3_judge_control,,,qwen3_judge_control,0.5405405405405406,1.0,,,0.05555555555555555,0.10075566750629722,math,exact_local_competitor_run,,native_prediction,,qwen3_8b,182,,0.10075566750629722,182,local,,0.12962962962962962
,A,,,,,0.34302431888827944,finalist_global_detector_local_locator,0.5308641975308642,,0.7871656618571149,0.7460157126823794,0.21818181818181817,0.3092598142043752,olympiadbench,,,,,qwen3_8b,191,,0.3092598142043752,,local,-0.24366336851464176,0.42727272727272725
,A,,,gl_liu_v1_replay,,0.31470813358578736,gl_liu_v1_replay,0.5185185185185185,,0.776773315167965,0.740179573512907,0.16363636363636364,0.24876604146100686,olympiadbench,registered_incumbent_replay,,peak,,qwen3_8b,191,,0.24876604146100686,,local,-0.6613002670140935,0.43636363636363634
,A,,,step272_twohead,,0.301118876054604,step272_twohead,0.5802469135802469,,0.8069955359560519,0.7636363636363636,0.12727272727272726,0.20875634517766492,olympiadbench,registered_incumbent_replay,,peak,,qwen3_8b,191,,0.20875634517766492,,local,-0.3967155312196391,0.34545454545454546
,A,,,max_entropy,,0.3058057099061123,max_entropy__peak,0.5925925925925926,,0.763404509335332,0.742648709315376,0.12727272727272726,0.20954162768942936,olympiadbench,transparent_same_trace_baseline,0.4090909090909091,peak,2.390909090909091,qwen3_8b,191,,0.20954162768942936,,local,2.188674211502075,0.34545454545454546
,A,,,max_entropy,,0.3096872616323417,max_entropy__persistent_q90_3,0.5925925925925926,,0.763404509335332,0.742648709315376,0.16363636363636364,0.2564559216384684,olympiadbench,transparent_same_trace_baseline,0.14545454545454545,persistent_q90_3,2.190909090909091,qwen3_8b,191,,0.2564559216384684,,local,2.188674211502075,0.36363636363636365
,A,,,max_entropy,,0.35353535353535354,max_entropy__step_top5mean,0.5925925925925926,,0.763404509335332,0.742648709315376,0.19090909090909092,0.28878384185646755,olympiadbench,transparent_same_trace_baseline,0.34545454545454546,step_top5mean,2.081818181818182,qwen3_8b,191,,0.28878384185646755,,local,2.188674211502075,0.4
,A,,,mind_the_gap,,0.2682710478614679,mind_the_gap,0.4444444444444444,,0.8107084138795476,0.7378226711560045,0.17272727272727273,0.24877250409165302,olympiadbench,protocol_reproduction,,paper_evidence_drop,,qwen3_8b,191,,0.24877250409165302,,local,0.5755543358459551,0.34545454545454546
0,B,,,qwen_prm,,,qwen_prm,0.8395061728395061,1.0,,,0.509090909090909,0.6338215712383488,olympiadbench,exact_local_competitor_run,,native_prediction,,qwen3_8b,191,,0.6338215712383488,191,local,,0.6636363636363637
0,B,,,qwen72b_critic,,,qwen72b_critic,0.9135802469135802,1.0,,,0.3090909090909091,0.46190563612997976,olympiadbench,critic_protocol_different_model,,native_prediction,,qwen3_8b,191,,0.46190563612997976,191,local,,0.4636363636363636
0,B,,,qwen3_judge_control,,,qwen3_judge_control,0.43209876543209874,1.0,,,0.045454545454545456,0.08225616921269095,olympiadbench,exact_local_competitor_run,,native_prediction,,qwen3_8b,191,,0.08225616921269095,191,local,,0.14545454545454545
,A,,,,,0.35172738559013655,finalist_global_detector_local_locator,0.5555555555555556,,0.9330174271530302,0.8267927501970055,0.22695035460992907,0.3222557905337362,omnimath,,,,,qwen3_8b,186,,0.3222557905337362,,local,-0.29708059556573263,0.475177304964539
,A,,,gl_liu_v1_replay,,0.2723029317669272,gl_liu_v1_replay,0.5111111111111111,,0.9230751711427425,0.8063041765169425,0.18439716312056736,0.27101744844776793,omnimath,registered_incumbent_replay,,peak,,qwen3_8b,186,,0.27101744844776793,,local,-0.8072191665047179,0.4397163120567376
,A,,,step272_twohead,,0.28566208377106844,step272_twohead,0.5777777777777777,,0.9310261346791691,0.8296296296296296,0.19858156028368795,0.29557450263905805,omnimath,registered_incumbent_replay,,peak,,qwen3_8b,186,,0.29557450263905805,,local,-0.7014593875176566,0.4326241134751773
,A,,,max_entropy,,0.2941233988461915,max_entropy__peak,0.4888888888888889,,0.903042234870864,0.8009456264775414,0.19148936170212766,0.2751911049339819,omnimath,transparent_same_trace_baseline,0.524822695035461,peak,2.297872340425532,qwen3_8b,186,,0.2751911049339819,,local,2.1438632011413574,0.45390070921985815
,A,,,max_entropy,,0.3494740660137831,max_entropy__persistent_q90_3,0.4888888888888889,,0.903042234870864,0.8009456264775414,0.2127659574468085,0.29649595687331537,omnimath,transparent_same_trace_baseline,0.20567375886524822,persistent_q90_3,2.1631205673758864,qwen3_8b,186,,0.29649595687331537,,local,2.1438632011413574,0.475177304964539
,A,,,max_entropy,,0.34171094834601945,max_entropy__step_top5mean,0.4888888888888889,,0.903042234870864,0.8009456264775414,0.2907801418439716,0.3646654538103901,omnimath,transparent_same_trace_baseline,0.48936170212765956,step_top5mean,2.2127659574468086,qwen3_8b,186,,0.3646654538103901,,local,2.1197502613067627,0.524822695035461
,A,,,mind_the_gap,,0.2905275900332896,mind_the_gap,0.5555555555555556,,0.899244830441985,0.7804570527974783,0.1347517730496454,0.21689497716894976,omnimath,protocol_reproduction,,paper_evidence_drop,,qwen3_8b,186,,0.21689497716894976,,local,0.5577145301934276,0.3475177304964539
0,B,,,qwen_prm,,,qwen_prm,0.8,1.0,,,0.5602836879432624,0.6590198123044838,omnimath,exact_local_competitor_run,,native_prediction,,qwen3_8b,186,,0.6590198123044838,186,local,,0.6524822695035462
4,B,,,qwen72b_critic,,,qwen72b_critic,0.8666666666666667,0.978494623655914,,,0.44525547445255476,0.5882789317507419,omnimath,critic_protocol_different_model,,native_prediction,,qwen3_8b,182,,0.5882789317507419,186,local,,0.5693430656934306
0,B,,,qwen3_judge_control,,,qwen3_judge_control,0.5555555555555556,1.0,,,0.028368794326241134,0.05398110661268556,omnimath,exact_local_competitor_run,,native_prediction,,qwen3_8b,186,,0.05398110661268556,186,local,,0.15602836879432624
,A,,,,,0.4110671936758894,finalist_global_detector_local_locator,0.6388888888888888,,0.850293229666331,0.8006944444444445,0.325,0.430835734870317,gsm8k,,,,,llama31_8b,76,,0.430835734870317,,local,-0.20283408408877937,0.5
,A,,,gl_liu_v1_replay,,0.41033713760986495,gl_liu_v1_replay,0.8055555555555556,,0.8414102255793593,0.7861111111111112,0.25,0.3815789473684211,gsm8k,registered_incumbent_replay,,peak,,llama31_8b,76,,0.3815789473684211,,local,-0.0817902033955048,0.45
,A,,,step272_twohead,,0.4481236203090508,step272_twohead,0.6388888888888888,,0.8284455575002203,0.7673611111111112,0.175,0.2747440273037542,gsm8k,registered_incumbent_replay,,peak,,llama31_8b,76,,0.2747440273037542,,local,-0.24475336630915712,0.45
,A,,,max_entropy,,0.3741662599642102,max_entropy__peak,0.5833333333333334,,0.7764008459792016,0.7340277777777777,0.325,0.41743119266055045,gsm8k,transparent_same_trace_baseline,0.45,peak,1.5,llama31_8b,76,,0.41743119266055045,,local,2.1016604900360107,0.5
,A,,,max_entropy,,0.3631561571475735,max_entropy__persistent_q90_3,0.5833333333333334,,0.7764008459792016,0.7340277777777777,0.35,0.4375,gsm8k,transparent_same_trace_baseline,0.2,persistent_q90_3,1.5,llama31_8b,76,,0.4375,,local,2.1016604900360107,0.475
,A,,,max_entropy,,0.3848620910840282,max_entropy__step_top5mean,0.5833333333333334,,0.7764008459792016,0.7340277777777777,0.375,0.45652173913043476,gsm8k,transparent_same_trace_baseline,0.375,step_top5mean,1.25,llama31_8b,76,,0.45652173913043476,,local,2.1016604900360107,0.525
,A,,,mind_the_gap,,0.2849564228874574,mind_the_gap,0.6944444444444444,,0.7894495867364539,0.7708333333333333,0.1,0.17482517482517484,gsm8k,protocol_reproduction,,paper_evidence_drop,,llama31_8b,76,,0.17482517482517484,,local,0.5019590204439563,0.425
0,B,,,qwen_prm,,,qwen_prm,1.0,1.0,,,0.675,0.8059701492537313,gsm8k,exact_local_competitor_run,,native_prediction,,llama31_8b,76,,0.8059701492537313,76,local,,0.775
0,B,,,qwen72b_critic,,,qwen72b_critic,0.9444444444444444,1.0,,,0.55,0.6951672862453532,gsm8k,critic_protocol_different_model,,native_prediction,,llama31_8b,76,,0.6951672862453532,76,local,,0.625
0,B,,,qwen3_judge_control,,,qwen3_judge_control,0.4444444444444444,1.0,,,0.075,0.12834224598930483,gsm8k,exact_local_competitor_run,,native_prediction,,llama31_8b,76,,0.12834224598930483,76,local,,0.3
,A,,,,,0.3603439500683078,finalist_global_detector_local_locator,0.6486486486486487,,0.8483523995531258,0.7675175175175175,0.25925925925925924,0.37045203969129,math,,,,,llama31_8b,182,,0.37045203969129,,local,-0.13263245581278982,0.4722222222222222
,A,,,gl_liu_v1_replay,,0.33398732752243415,gl_liu_v1_replay,0.5405405405405406,,0.8289254035678626,0.753003003003003,0.26851851851851855,0.35879987627590476,math,registered_incumbent_replay,,peak,,llama31_8b,182,,0.35879987627590476,,local,-0.47432644718925815,0.5925925925925926
,A,,,step272_twohead,,0.31634446397188054,step272_twohead,0.527027027027027,,0.8464239240863729,0.7738988988988988,0.2962962962962963,0.3793313069908814,math,registered_incumbent_replay,,peak,,llama31_8b,182,,0.3793313069908814,,local,-0.47356492630296926,0.5648148148148148
,A,,,max_entropy,,0.3228501798769874,max_entropy__peak,0.6351351351351351,,0.783549751645261,0.71996996996997,0.28703703703703703,0.3953867028493894,math,transparent_same_trace_baseline,0.3888888888888889,peak,1.4722222222222223,llama31_8b,182,,0.3953867028493894,,local,2.3823472261428833,0.46296296296296297
,A,,,max_entropy,,0.3669450743957077,max_entropy__persistent_q90_3,0.6486486486486487,,0.783549751645261,0.71996996996997,0.21296296296296297,0.32065059541097873,math,transparent_same_trace_baseline,0.19444444444444445,persistent_q90_3,1.4444444444444444,llama31_8b,182,,0.32065059541097873,,local,2.3884522914886475,0.4166666666666667
,A,,,max_entropy,,0.3263051860085449,max_entropy__step_top5mean,0.3918918918918919,,0.783549751645261,0.71996996996997,0.2777777777777778,0.3251121076233184,math,transparent_same_trace_baseline,0.37962962962962965,step_top5mean,1.5462962962962963,llama31_8b,182,,0.3251121076233184,,local,2.2522815465927124,0.5555555555555556
,A,,,mind_the_gap,,0.2801418439716312,mind_the_gap,0.47297297297297297,,0.7527796127635287,0.6973223223223224,0.24074074074074073,0.3190743338008415,math,protocol_reproduction,,paper_evidence_drop,,llama31_8b,182,,0.3190743338008415,,local,0.5727063065130882,0.42592592592592593
0,B,,,qwen_prm,,,qwen_prm,0.9459459459459459,1.0,,,0.7129629629629629,0.8130939809926082,math,exact_local_competitor_run,,native_prediction,,llama31_8b,182,,0.8130939809926082,182,local,,0.8240740740740741
0,B,,,qwen72b_critic,,,qwen72b_critic,0.9054054054054054,1.0,,,0.46296296296296297,0.6126554498902707,math,critic_protocol_different_model,,native_prediction,,llama31_8b,182,,0.6126554498902707,182,local,,0.5740740740740741
0,B,,,qwen3_judge_control,,,qwen3_judge_control,0.5405405405405406,1.0,,,0.05555555555555555,0.10075566750629722,math,exact_local_competitor_run,,native_prediction,,llama31_8b,182,,0.10075566750629722,182,local,,0.12962962962962962
,A,,,,,0.3427065026362039,finalist_global_detector_local_locator,0.6296296296296297,,0.8029957940304239,0.7545454545454545,0.2,0.3035714285714286,olympiadbench,,,,,llama31_8b,191,,0.3035714285714286,,local,-0.14391943876361052,0.4090909090909091
,A,,,gl_liu_v1_replay,,0.29870871085110934,gl_liu_v1_replay,0.6172839506172839,,0.7900051254221867,0.7414141414141414,0.18181818181818182,0.2808988764044944,olympiadbench,registered_incumbent_replay,,peak,,llama31_8b,191,,0.2808988764044944,,local,-0.34781605336263477,0.38181818181818183
,A,,,step272_twohead,,0.29310846176214017,step272_twohead,0.43209876543209874,,0.8199199856356629,0.7718294051627385,0.20909090909090908,0.28181340801680377,olympiadbench,registered_incumbent_replay,,peak,,llama31_8b,191,,0.28181340801680377,,local,-0.488048783176805,0.45454545454545453
,A,,,max_entropy,,0.28982450854861797,max_entropy__peak,0.5308641975308642,,0.7952190537967712,0.7382716049382717,0.18181818181818182,0.27086614173228346,olympiadbench,transparent_same_trace_baseline,0.43636363636363634,peak,2.1363636363636362,llama31_8b,191,,0.27086614173228346,,local,2.4528136253356934,0.4
,A,,,max_entropy,,0.2448580656127826,max_entropy__persistent_q90_3,0.41975308641975306,,0.7952190537967712,0.7382716049382717,0.19090909090909092,0.26245175519206027,olympiadbench,transparent_same_trace_baseline,0.11818181818181818,persistent_q90_3,2.1272727272727274,llama31_8b,191,,0.26245175519206027,,local,2.4322471618652344,0.4
,A,,,max_entropy,,0.3325620073758045,max_entropy__step_top5mean,0.5185185185185185,,0.7952190537967712,0.7382716049382717,0.2,0.28865979381443296,olympiadbench,transparent_same_trace_baseline,0.3181818181818182,step_top5mean,1.790909090909091,llama31_8b,191,,0.28865979381443296,,local,2.4489763975143433,0.43636363636363634
,A,,,mind_the_gap,,0.24277456647398846,mind_the_gap,0.5925925925925926,,0.7419445096143522,0.6780022446689113,0.21818181818181817,0.318936877076412,olympiadbench,protocol_reproduction,,paper_evidence_drop,,llama31_8b,191,,0.318936877076412,,local,0.6775731915759506,0.3090909090909091
0,B,,,qwen_prm,,,qwen_prm,0.8395061728395061,1.0,,,0.509090909090909,0.6338215712383488,olympiadbench,exact_local_competitor_run,,native_prediction,,llama31_8b,191,,0.6338215712383488,191,local,,0.6636363636363637
0,B,,,qwen72b_critic,,,qwen72b_critic,0.9135802469135802,1.0,,,0.3090909090909091,0.46190563612997976,olympiadbench,critic_protocol_different_model,,native_prediction,,llama31_8b,191,,0.46190563612997976,191,local,,0.4636363636363636
0,B,,,qwen3_judge_control,,,qwen3_judge_control,0.43209876543209874,1.0,,,0.045454545454545456,0.08225616921269095,olympiadbench,exact_local_competitor_run,,native_prediction,,llama31_8b,191,,0.08225616921269095,191,local,,0.14545454545454545
,A,,,,,0.331080148986067,finalist_global_detector_local_locator,0.4666666666666667,,0.9278589070510552,0.8156028368794327,0.19858156028368795,0.2786069651741294,omnimath,,,,,llama31_8b,186,,0.2786069651741294,,local,-0.24781163994990957,0.4326241134751773
,A,,,gl_liu_v1_replay,,0.2789295921018447,gl_liu_v1_replay,0.5111111111111111,,0.9256653382514699,0.8048857368006305,0.2198581560283688,0.30746011211729196,omnimath,registered_incumbent_replay,,peak,,llama31_8b,186,,0.30746011211729196,,local,-0.6311769166214113,0.4326241134751773
,A,,,step272_twohead,,0.28370163080189137,step272_twohead,0.5333333333333333,,0.9272112057498091,0.8141843971631205,0.14893617021276595,0.23284823284823283,omnimath,registered_incumbent_replay,,peak,,llama31_8b,186,,0.23284823284823283,,local,-0.518313517413096,0.375886524822695
,A,,,max_entropy,,0.32071056778568363,max_entropy__peak,0.4888888888888889,,0.9219966846365717,0.7847123719464145,0.14184397163120568,0.21989005497251374,omnimath,transparent_same_trace_baseline,0.5460992907801419,peak,2.2907801418439715,llama31_8b,186,,0.21989005497251374,,local,2.4409618377685547,0.41843971631205673
,A,,,max_entropy,,0.33599546335239355,max_entropy__persistent_q90_3,0.4444444444444444,,0.9219966846365717,0.7847123719464145,0.19858156028368795,0.2745098039215686,omnimath,transparent_same_trace_baseline,0.24113475177304963,persistent_q90_3,2.347517730496454,llama31_8b,186,,0.2745098039215686,,local,2.426840901374817,0.48226950354609927
,A,,,max_entropy,,0.33599546335239355,max_entropy__step_top5mean,0.4222222222222222,,0.9219966846365717,0.7847123719464145,0.22695035460992907,0.2952172857489682,omnimath,transparent_same_trace_baseline,0.48226950354609927,step_top5mean,2.1843971631205674,llama31_8b,186,,0.2952172857489682,,local,2.422567844390869,0.44680851063829785
,A,,,mind_the_gap,,0.2575534972852124,mind_the_gap,0.3333333333333333,,0.9124077152101843,0.779511426319937,0.18439716312056736,0.2374429223744292,omnimath,protocol_reproduction,,paper_evidence_drop,,llama31_8b,186,,0.2374429223744292,,local,0.6152566042353993,0.4326241134751773
0,B,,,qwen_prm,,,qwen_prm,0.8,1.0,,,0.5602836879432624,0.6590198123044838,omnimath,exact_local_competitor_run,,native_prediction,,llama31_8b,186,,0.6590198123044838,186,local,,0.6524822695035462
4,B,,,qwen72b_critic,,,qwen72b_critic,0.8666666666666667,0.978494623655914,,,0.44525547445255476,0.5882789317507419,omnimath,critic_protocol_different_model,,native_prediction,,llama31_8b,182,,0.5882789317507419,186,local,,0.5693430656934306
0,B,,,qwen3_judge_control,,,qwen3_judge_control,0.5555555555555556,1.0,,,0.028368794326241134,0.05398110661268556,omnimath,exact_local_competitor_run,,native_prediction,,llama31_8b,186,,0.05398110661268556,186,local,,0.15602836879432624
,A,0.59284850858711,0.5550935550935552,,16,,deepconf_w32,,,,,,,gsm8k,,,,,qwen3_8b,76,37,0.5550935550935552,,online_budget,,
,A,0.6320201672992156,0.6133056133056134,,32,,deepconf_w32,,,,,,,gsm8k,,,,,qwen3_8b,76,37,0.6133056133056134,,online_budget,,
,A,0.6849922986494787,0.6715176715176715,,64,,deepconf_w32,,,,,,,gsm8k,,,,,qwen3_8b,76,37,0.6715176715176715,,online_budget,,
,A,0.7095521737888002,0.6999306999307,,128,,deepconf_w32,,,,,,,gsm8k,,,,,qwen3_8b,76,37,0.6999306999307,,online_budget,,
,A,0.8471191117406653,0.7142857142857142,,256,,deepconf_w32,,,,,,,gsm8k,,,,,qwen3_8b,36,22,0.7142857142857142,,online_budget,,
,A,nan,nan,,512,,deepconf_w32,,,,,,,gsm8k,,,,,qwen3_8b,4,4,nan,,online_budget,,
,A,,,,,,deepconf_w32,,,,,,,gsm8k,,,,,qwen3_8b,0,,0.6857241857241858,,online,,
,A,0.59284850858711,0.5550935550935552,,16,,deepconf_w64,,,,,,,gsm8k,,,,,qwen3_8b,76,37,0.5550935550935552,,online_budget,,
,A,0.6320201672992156,0.6133056133056134,,32,,deepconf_w64,,,,,,,gsm8k,,,,,qwen3_8b,76,37,0.6133056133056134,,online_budget,,
,A,0.756454708381298,0.7318087318087317,,64,,deepconf_w64,,,,,,,gsm8k,,,,,qwen3_8b,76,37,0.7318087318087317,,online_budget,,
,A,0.7314534388835048,0.7089397089397089,,128,,deepconf_w64,,,,,,,gsm8k,,,,,qwen3_8b,76,37,0.7089397089397089,,online_budget,,
,A,0.8742331801252541,0.7824675324675324,,256,,deepconf_w64,,,,,,,gsm8k,,,,,qwen3_8b,36,22,0.7824675324675324,,online_budget,,
,A,nan,nan,,512,,deepconf_w64,,,,,,,gsm8k,,,,,qwen3_8b,4,4,nan,,online_budget,,
,A,,,,,,deepconf_w64,,,,,,,gsm8k,,,,,qwen3_8b,0,,0.7203742203742203,,online,,
,A,0.533625088092915,0.480942480942481,,16,,finalist_global_detector_local_locator,,,,,,,gsm8k,,,,,qwen3_8b,76,37,0.480942480942481,,online_budget,,
,A,0.5926020684552256,0.5696465696465696,,32,,finalist_global_detector_local_locator,,,,,,,gsm8k,,,,,qwen3_8b,76,37,0.5696465696465696,,online_budget,,
,A,0.7294745340581126,0.6999306999306999,,64,,finalist_global_detector_local_locator,,,,,,,gsm8k,,,,,qwen3_8b,76,37,0.6999306999306999,,online_budget,,
,A,0.7346139641649767,0.695079695079695,,128,,finalist_global_detector_local_locator,,,,,,,gsm8k,,,,,qwen3_8b,76,37,0.695079695079695,,online_budget,,
,A,0.8884966745503209,0.7824675324675325,,256,,finalist_global_detector_local_locator,,,,,,,gsm8k,,,,,qwen3_8b,36,22,0.7824675324675325,,online_budget,,
,A,nan,nan,,512,,finalist_global_detector_local_locator,,,,,,,gsm8k,,,,,qwen3_8b,4,4,nan,,online_budget,,
,A,,,,,,finalist_global_detector_local_locator,,,,,,,gsm8k,,,,,qwen3_8b,0,,0.6975051975051975,,online,,
,A,0.5709657187786332,0.5045045045045045,,16,,iu28_registered,,,,,,,gsm8k,,,,,qwen3_8b,76,37,0.5045045045045045,,online_budget,,
,A,0.7242289705418239,0.708939708939709,,32,,iu28_registered,,,,,,,gsm8k,,,,,qwen3_8b,76,37,0.708939708939709,,online_budget,,
,A,0.7576789813810796,0.7519057519057519,,64,,iu28_registered,,,,,,,gsm8k,,,,,qwen3_8b,76,37,0.7519057519057519,,online_budget,,
,A,0.733288072919746,0.7595287595287596,,128,,iu28_registered,,,,,,,gsm8k,,,,,qwen3_8b,76,37,0.7595287595287596,,online_budget,,
,A,0.8552578619336348,0.7987012987012987,,256,,iu28_registered,,,,,,,gsm8k,,,,,qwen3_8b,36,22,0.7987012987012987,,online_budget,,
,A,nan,nan,,512,,iu28_registered,,,,,,,gsm8k,,,,,qwen3_8b,4,4,nan,,online_budget,,
,A,,,,,,iu28_registered,,,,,,,gsm8k,,,,,qwen3_8b,0,,0.7557172557172558,,online,,
,A,0.6004459329485212,0.5363825363825364,,16,,max_entropy,,,,,,,gsm8k,,,,,qwen3_8b,76,37,0.5363825363825364,,online_budget,,
,A,0.7453823595199909,0.729036729036729,,32,,max_entropy,,,,,,,gsm8k,,,,,qwen3_8b,76,37,0.729036729036729,,online_budget,,
,A,0.7657978791378861,0.7602217602217602,,64,,max_entropy,,,,,,,gsm8k,,,,,qwen3_8b,76,37,0.7602217602217602,,online_budget,,
,A,0.7277295751626314,0.762993762993763,,128,,max_entropy,,,,,,,gsm8k,,,,,qwen3_8b,76,37,0.762993762993763,,online_budget,,
,A,0.8525650356469994,0.8051948051948051,,256,,max_entropy,,,,,,,gsm8k,,,,,qwen3_8b,36,22,0.8051948051948051,,online_budget,,
,A,nan,nan,,512,,max_entropy,,,,,,,gsm8k,,,,,qwen3_8b,4,4,nan,,online_budget,,
,A,,,,,,max_entropy,,,,,,,gsm8k,,,,,qwen3_8b,0,,0.7616077616077617,,online,,
,A,0.59284850858711,0.5550935550935552,,16,,mean_entropy,,,,,,,gsm8k,,,,,qwen3_8b,76,37,0.5550935550935552,,online_budget,,
,A,0.6320201672992156,0.6133056133056134,,32,,mean_entropy,,,,,,,gsm8k,,,,,qwen3_8b,76,37,0.6133056133056134,,online_budget,,
,A,0.756454708381298,0.7318087318087317,,64,,mean_entropy,,,,,,,gsm8k,,,,,qwen3_8b,76,37,0.7318087318087317,,online_budget,,
,A,0.7773524879244558,0.7657657657657658,,128,,mean_entropy,,,,,,,gsm8k,,,,,qwen3_8b,76,37,0.7657657657657658,,online_budget,,
,A,0.9086485063220124,0.8506493506493507,,256,,mean_entropy,,,,,,,gsm8k,,,,,qwen3_8b,36,22,0.8506493506493507,,online_budget,,
,A,nan,nan,,512,,mean_entropy,,,,,,,gsm8k,,,,,qwen3_8b,4,4,nan,,online_budget,,
,A,,,,,,mean_entropy,,,,,,,gsm8k,,,,,qwen3_8b,0,,0.7487872487872488,,online,,
,A,0.5462166461992439,0.47539847539847535,,16,,step272_twohead,,,,,,,gsm8k,,,,,qwen3_8b,76,37,0.47539847539847535,,online_budget,,
,A,0.6781300640872583,0.6708246708246708,,32,,step272_twohead,,,,,,,gsm8k,,,,,qwen3_8b,76,37,0.6708246708246708,,online_budget,,
,A,0.7618304964186795,0.7636867636867637,,64,,step272_twohead,,,,,,,gsm8k,,,,,qwen3_8b,76,37,0.7636867636867637,,online_budget,,
,A,0.7790839860491618,0.7726957726957726,,128,,step272_twohead,,,,,,,gsm8k,,,,,qwen3_8b,76,37,0.7726957726957726,,online_budget,,
,A,0.8942905085462429,0.8116883116883118,,256,,step272_twohead,,,,,,,gsm8k,,,,,qwen3_8b,36,22,0.8116883116883118,,online_budget,,
,A,nan,nan,,512,,step272_twohead,,,,,,,gsm8k,,,,,qwen3_8b,4,4,nan,,online_budget,,
,A,,,,,,step272_twohead,,,,,,,gsm8k,,,,,qwen3_8b,0,,0.7681912681912682,,online,,
,A,0.5718587022714929,0.49842995169082127,,16,,deepconf_w32,,,,,,,math,,,,,qwen3_8b,182,90,0.49842995169082127,,online_budget,,
,A,0.5530704628625032,0.5251207729468599,,32,,deepconf_w32,,,,,,,math,,,,,qwen3_8b,182,90,0.5251207729468599,,online_budget,,
,A,0.5804832555144845,0.6036231884057971,,64,,deepconf_w32,,,,,,,math,,,,,qwen3_8b,182,90,0.6036231884057971,,online_budget,,
,A,0.5583606218353174,0.5766073007452317,,128,,deepconf_w32,,,,,,,math,,,,,qwen3_8b,178,87,0.5766073007452317,,online_budget,,
,A,0.5837931761284083,0.5746835443037974,,256,,deepconf_w32,,,,,,,math,,,,,qwen3_8b,149,79,0.5746835443037974,,online_budget,,
,A,0.686354924864519,0.5715287517531557,,512,,deepconf_w32,,,,,,,math,,,,,qwen3_8b,77,46,0.5715287517531557,,online_budget,,
,A,,,,,,deepconf_w32,,,,,,,math,,,,,qwen3_8b,0,,0.5901152445755145,,online,,
,A,0.5718587022714929,0.49842995169082127,,16,,deepconf_w64,,,,,,,math,,,,,qwen3_8b,182,90,0.49842995169082127,,online_budget,,
,A,0.5530704628625032,0.5251207729468599,,32,,deepconf_w64,,,,,,,math,,,,,qwen3_8b,182,90,0.5251207729468599,,online_budget,,
,A,0.5786084357852569,0.5783816425120772,,64,,deepconf_w64,,,,,,,math,,,,,qwen3_8b,182,90,0.5783816425120772,,online_budget,,
,A,0.5469548736198119,0.5734495389667805,,128,,deepconf_w64,,,,,,,math,,,,,qwen3_8b,178,87,0.5734495389667805,,online_budget,,
,A,0.5634836383028268,0.5576853526220615,,256,,deepconf_w64,,,,,,,math,,,,,qwen3_8b,149,79,0.5576853526220615,,online_budget,,
,A,0.6841781412731034,0.5504908835904628,,512,,deepconf_w64,,,,,,,math,,,,,qwen3_8b,77,46,0.5504908835904628,,online_budget,,
,A,,,,,,deepconf_w64,,,,,,,math,,,,,qwen3_8b,0,,0.5759155907394289,,online,,
,A,0.5865989545183153,0.5818840579710144,,16,,finalist_global_detector_local_locator,,,,,,,math,,,,,qwen3_8b,182,90,0.5818840579710144,,online_budget,,
,A,0.5724650631862922,0.5449275362318841,,32,,finalist_global_detector_local_locator,,,,,,,math,,,,,qwen3_8b,182,90,0.5449275362318841,,online_budget,,
,A,0.5857360688249231,0.605072463768116,,64,,finalist_global_detector_local_locator,,,,,,,math,,,,,qwen3_8b,182,90,0.605072463768116,,online_budget,,
,A,0.5492205388944046,0.5619552860932171,,128,,finalist_global_detector_local_locator,,,,,,,math,,,,,qwen3_8b,178,87,0.5619552860932171,,online_budget,,
,A,0.5776980253204732,0.5672694394213382,,256,,finalist_global_detector_local_locator,,,,,,,math,,,,,qwen3_8b,149,79,0.5672694394213382,,online_budget,,
,A,0.6766034386757193,0.5490883590462833,,512,,finalist_global_detector_local_locator,,,,,,,math,,,,,qwen3_8b,77,46,0.5490883590462833,,online_budget,,
,A,,,,,,finalist_global_detector_local_locator,,,,,,,math,,,,,qwen3_8b,0,,0.5835138749306665,,online,,
,A,0.5730144306565066,0.5365942028985506,,16,,iu28_registered,,,,,,,math,,,,,qwen3_8b,182,90,0.5365942028985506,,online_budget,,
,A,0.5691325369338958,0.5408212560386473,,32,,iu28_registered,,,,,,,math,,,,,qwen3_8b,182,90,0.5408212560386473,,online_budget,,
,A,0.5679050463914345,0.5695652173913044,,64,,iu28_registered,,,,,,,math,,,,,qwen3_8b,182,90,0.5695652173913044,,online_budget,,
,A,0.541287485690332,0.535051155740811,,128,,iu28_registered,,,,,,,math,,,,,qwen3_8b,178,87,0.535051155740811,,online_budget,,
,A,0.5746917566962619,0.5732368896925858,,256,,iu28_registered,,,,,,,math,,,,,qwen3_8b,149,79,0.5732368896925858,,online_budget,,
,A,0.6770804155341407,0.5694249649368864,,512,,iu28_registered,,,,,,,math,,,,,qwen3_8b,77,46,0.5694249649368864,,online_budget,,
,A,,,,,,iu28_registered,,,,,,,math,,,,,qwen3_8b,0,,0.5523081865660577,,online,,
,A,0.5664105112158383,0.5297101449275362,,16,,max_entropy,,,,,,,math,,,,,qwen3_8b,182,90,0.5297101449275362,,online_budget,,
,A,0.5541292749024,0.533695652173913,,32,,max_entropy,,,,,,,math,,,,,qwen3_8b,182,90,0.533695652173913,,online_budget,,
,A,0.5376428348923447,0.5644927536231884,,64,,max_entropy,,,,,,,math,,,,,qwen3_8b,182,90,0.5644927536231884,,online_budget,,
,A,0.5149825783619645,0.5149677908298598,,128,,max_entropy,,,,,,,math,,,,,qwen3_8b,178,87,0.5149677908298598,,online_budget,,
,A,0.5757908016506215,0.5491862567811936,,256,,max_entropy,,,,,,,math,,,,,qwen3_8b,149,79,0.5491862567811936,,online_budget,,
,A,0.6998782280083635,0.6107994389901823,,512,,max_entropy,,,,,,,math,,,,,qwen3_8b,77,46,0.6107994389901823,,online_budget,,
,A,,,,,,max_entropy,,,,,,,math,,,,,qwen3_8b,0,,0.539730272226524,,online,,
,A,0.5718587022714929,0.49842995169082127,,16,,mean_entropy,,,,,,,math,,,,,qwen3_8b,182,90,0.49842995169082127,,online_budget,,
,A,0.5530704628625032,0.5251207729468599,,32,,mean_entropy,,,,,,,math,,,,,qwen3_8b,182,90,0.5251207729468599,,online_budget,,
,A,0.5786084357852569,0.5783816425120772,,64,,mean_entropy,,,,,,,math,,,,,qwen3_8b,182,90,0.5783816425120772,,online_budget,,
,A,0.5228994588753698,0.5443981306050272,,128,,mean_entropy,,,,,,,math,,,,,qwen3_8b,178,87,0.5443981306050272,,online_budget,,
,A,0.5749959335094987,0.5788426763110307,,256,,mean_entropy,,,,,,,math,,,,,qwen3_8b,149,79,0.5788426763110307,,online_budget,,
,A,0.7053925317708106,0.5953716690042077,,512,,mean_entropy,,,,,,,math,,,,,qwen3_8b,77,46,0.5953716690042077,,online_budget,,
,A,,,,,,mean_entropy,,,,,,,math,,,,,qwen3_8b,0,,0.5613898865585523,,online,,
,A,0.596641578922583,0.5670289855072463,,16,,step272_twohead,,,,,,,math,,,,,qwen3_8b,182,90,0.5670289855072463,,online_budget,,
,A,0.5638816625504409,0.5560386473429951,,32,,step272_twohead,,,,,,,math,,,,,qwen3_8b,182,90,0.5560386473429951,,online_budget,,
,A,0.587774587964395,0.6077294685990338,,64,,step272_twohead,,,,,,,math,,,,,qwen3_8b,182,90,0.6077294685990338,,online_budget,,
,A,0.5550917285412927,0.563597322218012,,128,,step272_twohead,,,,,,,math,,,,,qwen3_8b,178,87,0.563597322218012,,online_budget,,
,A,0.591380924219278,0.5839059674502712,,256,,step272_twohead,,,,,,,math,,,,,qwen3_8b,149,79,0.5839059674502712,,online_budget,,
,A,0.7238840406007995,0.6171107994389902,,512,,step272_twohead,,,,,,,math,,,,,qwen3_8b,77,46,0.6171107994389902,,online_budget,,
,A,,,,,,step272_twohead,,,,,,,math,,,,,qwen3_8b,0,,0.5856633954085229,,online,,
,A,0.4356037399579408,0.452300785634119,,16,,deepconf_w32,,,,,,,olympiadbench,,,,,qwen3_8b,191,81,0.452300785634119,,online_budget,,
,A,0.42907706672035,0.48282828282828283,,32,,deepconf_w32,,,,,,,olympiadbench,,,,,qwen3_8b,191,81,0.48282828282828283,,online_budget,,
,A,0.4470092552934848,0.5132435465768799,,64,,deepconf_w32,,,,,,,olympiadbench,,,,,qwen3_8b,191,81,0.5132435465768799,,online_budget,,
,A,0.4344697032060445,0.5326599326599326,,128,,deepconf_w32,,,,,,,olympiadbench,,,,,qwen3_8b,191,81,0.5326599326599326,,online_budget,,
,A,0.4596768651795891,0.5637485970819304,,256,,deepconf_w32,,,,,,,olympiadbench,,,,,qwen3_8b,191,81,0.5637485970819304,,online_budget,,
,A,0.48203607074499,0.5756275477365372,,512,,deepconf_w32,,,,,,,olympiadbench,,,,,qwen3_8b,138,59,0.5756275477365372,,online_budget,,
,A,,,,,,deepconf_w32,,,,,,,olympiadbench,,,,,qwen3_8b,0,,0.5229517396184062,,online,,
,A,0.4356037399579408,0.452300785634119,,16,,deepconf_w64,,,,,,,olympiadbench,,,,,qwen3_8b,191,81,0.452300785634119,,online_budget,,
,A,0.42907706672035,0.48282828282828283,,32,,deepconf_w64,,,,,,,olympiadbench,,,,,qwen3_8b,191,81,0.48282828282828283,,online_budget,,
,A,0.4203929384058095,0.5037037037037038,,64,,deepconf_w64,,,,,,,olympiadbench,,,,,qwen3_8b,191,81,0.5037037037037038,,online_budget,,
,A,0.42935442823974423,0.5425364758698092,,128,,deepconf_w64,,,,,,,olympiadbench,,,,,qwen3_8b,191,81,0.5425364758698092,,online_budget,,
,A,0.46383395288711354,0.5694725028058362,,256,,deepconf_w64,,,,,,,olympiadbench,,,,,qwen3_8b,191,81,0.5694725028058362,,online_budget,,
,A,0.5001156784247267,0.6018021883715942,,512,,deepconf_w64,,,,,,,olympiadbench,,,,,qwen3_8b,138,59,0.6018021883715942,,online_budget,,
,A,,,,,,deepconf_w64,,,,,,,olympiadbench,,,,,qwen3_8b,0,,0.5231200897867565,,online,,
,A,0.4064270558146412,0.43984287317620646,,16,,finalist_global_detector_local_locator,,,,,,,olympiadbench,,,,,qwen3_8b,191,81,0.43984287317620646,,online_budget,,
,A,0.43742762679829994,0.4979797979797979,,32,,finalist_global_detector_local_locator,,,,,,,olympiadbench,,,,,qwen3_8b,191,81,0.4979797979797979,,online_budget,,
,A,0.4284949243066488,0.5095398428731762,,64,,finalist_global_detector_local_locator,,,,,,,olympiadbench,,,,,qwen3_8b,191,81,0.5095398428731762,,online_budget,,
,A,0.42164364450165537,0.5114478114478115,,128,,finalist_global_detector_local_locator,,,,,,,olympiadbench,,,,,qwen3_8b,191,81,0.5114478114478115,,online_budget,,
,A,0.4686826327243556,0.5629629629629629,,256,,finalist_global_detector_local_locator,,,,,,,olympiadbench,,,,,qwen3_8b,191,81,0.5629629629629629,,online_budget,,
,A,0.48556406985361217,0.5925767002789102,,512,,finalist_global_detector_local_locator,,,,,,,olympiadbench,,,,,qwen3_8b,138,59,0.5925767002789102,,online_budget,,
,A,,,,,,finalist_global_detector_local_locator,,,,,,,olympiadbench,,,,,qwen3_8b,0,,0.5104938271604939,,online,,
,A,0.4095646890534732,0.4367003367003367,,16,,iu28_registered,,,,,,,olympiadbench,,,,,qwen3_8b,191,81,0.4367003367003367,,online_budget,,
,A,0.444082319114135,0.5221099887766555,,32,,iu28_registered,,,,,,,olympiadbench,,,,,qwen3_8b,191,81,0.5221099887766555,,online_budget,,
,A,0.4626974512518454,0.5593714927048261,,64,,iu28_registered,,,,,,,olympiadbench,,,,,qwen3_8b,191,81,0.5593714927048261,,online_budget,,
,A,0.502878772282677,0.57003367003367,,128,,iu28_registered,,,,,,,olympiadbench,,,,,qwen3_8b,191,81,0.57003367003367,,online_budget,,
,A,0.5434906021353925,0.6255892255892257,,256,,iu28_registered,,,,,,,olympiadbench,,,,,qwen3_8b,191,81,0.6255892255892257,,online_budget,,
,A,0.5121601364588734,0.5668311521132803,,512,,iu28_registered,,,,,,,olympiadbench,,,,,qwen3_8b,138,59,0.5668311521132803,,online_budget,,
,A,,,,,,iu28_registered,,,,,,,olympiadbench,,,,,qwen3_8b,0,,0.5647025813692481,,online,,
,A,0.4238256209556794,0.4551066217732884,,16,,max_entropy,,,,,,,olympiadbench,,,,,qwen3_8b,191,81,0.4551066217732884,,online_budget,,
,A,0.45528963300958425,0.5188552188552189,,32,,max_entropy,,,,,,,olympiadbench,,,,,qwen3_8b,191,81,0.5188552188552189,,online_budget,,
,A,0.48270306967243815,0.5511784511784512,,64,,max_entropy,,,,,,,olympiadbench,,,,,qwen3_8b,191,81,0.5511784511784512,,online_budget,,
,A,0.4590866236351227,0.5285072951739618,,128,,max_entropy,,,,,,,olympiadbench,,,,,qwen3_8b,191,81,0.5285072951739618,,online_budget,,
,A,0.49538394743027464,0.6049382716049383,,256,,max_entropy,,,,,,,olympiadbench,,,,,qwen3_8b,191,81,0.6049382716049383,,online_budget,,
,A,0.47269025674044474,0.5771293713795322,,512,,max_entropy,,,,,,,olympiadbench,,,,,qwen3_8b,138,59,0.5771293713795322,,online_budget,,
,A,,,,,,max_entropy,,,,,,,olympiadbench,,,,,qwen3_8b,0,,0.5398428731762065,,online,,
,A,0.4356037399579408,0.452300785634119,,16,,mean_entropy,,,,,,,olympiadbench,,,,,qwen3_8b,191,81,0.452300785634119,,online_budget,,
,A,0.42907706672035,0.48282828282828283,,32,,mean_entropy,,,,,,,olympiadbench,,,,,qwen3_8b,191,81,0.48282828282828283,,online_budget,,
,A,0.4203929384058095,0.5037037037037038,,64,,mean_entropy,,,,,,,olympiadbench,,,,,qwen3_8b,191,81,0.5037037037037038,,online_budget,,
,A,0.42921995741857544,0.5374859708193042,,128,,mean_entropy,,,,,,,olympiadbench,,,,,qwen3_8b,191,81,0.5374859708193042,,online_budget,,
,A,0.48562922868060554,0.5961840628507296,,256,,mean_entropy,,,,,,,olympiadbench,,,,,qwen3_8b,191,81,0.5961840628507296,,online_budget,,
,A,0.4989172524584598,0.6281913752413645,,512,,mean_entropy,,,,,,,olympiadbench,,,,,qwen3_8b,138,59,0.6281913752413645,,online_budget,,
,A,,,,,,mean_entropy,,,,,,,olympiadbench,,,,,qwen3_8b,0,,0.5205948372615039,,online,,
,A,0.413310083877485,0.44826038159371495,,16,,step272_twohead,,,,,,,olympiadbench,,,,,qwen3_8b,191,81,0.44826038159371495,,online_budget,,
,A,0.44260489550898063,0.5163860830527497,,32,,step272_twohead,,,,,,,olympiadbench,,,,,qwen3_8b,191,81,0.5163860830527497,,online_budget,,
,A,0.4405124797414598,0.5274971941638608,,64,,step272_twohead,,,,,,,olympiadbench,,,,,qwen3_8b,191,81,0.5274971941638608,,online_budget,,
,A,0.44711990628273707,0.5276094276094276,,128,,step272_twohead,,,,,,,olympiadbench,,,,,qwen3_8b,191,81,0.5276094276094276,,online_budget,,
,A,0.49742285006411685,0.6056116722783389,,256,,step272_twohead,,,,,,,olympiadbench,,,,,qwen3_8b,191,81,0.6056116722783389,,online_budget,,
,A,0.49933246081567256,0.6013730959021669,,512,,step272_twohead,,,,,,,olympiadbench,,,,,qwen3_8b,138,59,0.6013730959021669,,online_budget,,
,A,,,,,,step272_twohead,,,,,,,olympiadbench,,,,,qwen3_8b,0,,0.5275533108866441,,online,,
,A,0.5953049316054353,0.5533418278698019,,16,,deepconf_w32,,,,,,,omnimath,,,,,qwen3_8b,186,97,0.5533418278698019,,online_budget,,
,A,0.5788041162743298,0.553689331634426,,32,,deepconf_w32,,,,,,,omnimath,,,,,qwen3_8b,186,97,0.553689331634426,,online_budget,,
,A,0.5361914696851695,0.5058496467045059,,64,,deepconf_w32,,,,,,,omnimath,,,,,qwen3_8b,186,97,0.5058496467045059,,online_budget,,
,A,0.523833394718895,0.5198656318776786,,128,,deepconf_w32,,,,,,,omnimath,,,,,qwen3_8b,186,97,0.5198656318776786,,online_budget,,
,A,0.5576864315051423,0.5305506663314056,,256,,deepconf_w32,,,,,,,omnimath,,,,,qwen3_8b,179,97,0.5305506663314056,,online_budget,,
,A,0.5841841259331164,0.515803939532753,,512,,deepconf_w32,,,,,,,omnimath,,,,,qwen3_8b,133,74,0.515803939532753,,online_budget,,
,A,,,,,,deepconf_w32,,,,,,,omnimath,,,,,qwen3_8b,0,,0.5128576392910923,,online,,
,A,0.5953049316054353,0.5533418278698019,,16,,deepconf_w64,,,,,,,omnimath,,,,,qwen3_8b,186,97,0.5533418278698019,,online_budget,,
,A,0.5788041162743298,0.553689331634426,,32,,deepconf_w64,,,,,,,omnimath,,,,,qwen3_8b,186,97,0.553689331634426,,online_budget,,
,A,0.5678720713282246,0.5358508050503881,,64,,deepconf_w64,,,,,,,omnimath,,,,,qwen3_8b,186,97,0.5358508050503881,,online_budget,,
,A,0.5461848898697418,0.5400208502258774,,128,,deepconf_w64,,,,,,,omnimath,,,,,qwen3_8b,186,97,0.5400208502258774,,online_budget,,
,A,0.5854307487766653,0.5531807895398541,,256,,deepconf_w64,,,,,,,omnimath,,,,,qwen3_8b,179,97,0.5531807895398541,,online_budget,,
,A,0.5942010632988579,0.5261108566193312,,512,,deepconf_w64,,,,,,,omnimath,,,,,qwen3_8b,133,74,0.5261108566193312,,online_budget,,
,A,,,,,,deepconf_w64,,,,,,,omnimath,,,,,qwen3_8b,0,,0.5379358276381327,,online,,
,A,0.589682847918482,0.5199814664658868,,16,,finalist_global_detector_local_locator,,,,,,,omnimath,,,,,qwen3_8b,186,97,0.5199814664658868,,online_budget,,
,A,0.5795523549435531,0.5292482335225298,,32,,finalist_global_detector_local_locator,,,,,,,omnimath,,,,,qwen3_8b,186,97,0.5292482335225298,,online_budget,,
,A,0.5438963252318179,0.5073554963512105,,64,,finalist_global_detector_local_locator,,,,,,,omnimath,,,,,qwen3_8b,186,97,0.5073554963512105,,online_budget,,
,A,0.5482144224985344,0.5249623537588324,,128,,finalist_global_detector_local_locator,,,,,,,omnimath,,,,,qwen3_8b,186,97,0.5249623537588324,,online_budget,,
,A,0.5624562896526052,0.5346995222529545,,256,,finalist_global_detector_local_locator,,,,,,,omnimath,,,,,qwen3_8b,179,97,0.5346995222529545,,online_budget,,
,A,0.5813592764612558,0.5345854328905176,,512,,finalist_global_detector_local_locator,,,,,,,omnimath,,,,,qwen3_8b,133,74,0.5345854328905176,,online_budget,,
,A,,,,,,finalist_global_detector_local_locator,,,,,,,omnimath,,,,,qwen3_8b,0,,0.5161589250550214,,online,,
,A,0.6089873189921966,0.5302907448164021,,16,,iu28_registered,,,,,,,omnimath,,,,,qwen3_8b,186,97,0.5302907448164021,,online_budget,,
,A,0.612355703952196,0.5702536777481757,,32,,iu28_registered,,,,,,,omnimath,,,,,qwen3_8b,186,97,0.5702536777481757,,online_budget,,
,A,0.5936481340329488,0.5745395575118731,,64,,iu28_registered,,,,,,,omnimath,,,,,qwen3_8b,186,97,0.5745395575118731,,online_budget,,
,A,0.5688252763965735,0.5403683539905015,,128,,iu28_registered,,,,,,,omnimath,,,,,qwen3_8b,186,97,0.5403683539905015,,online_budget,,
,A,0.5972559198217756,0.5795825999497107,,256,,iu28_registered,,,,,,,omnimath,,,,,qwen3_8b,179,97,0.5795825999497107,,online_budget,,
,A,0.570242101595179,0.5600091617040769,,512,,iu28_registered,,,,,,,omnimath,,,,,qwen3_8b,133,74,0.5600091617040769,,online_budget,,
,A,,,,,,iu28_registered,,,,,,,omnimath,,,,,qwen3_8b,0,,0.5574539557511873,,online,,
,A,0.6025214154088675,0.5404841885787096,,16,,max_entropy,,,,,,,omnimath,,,,,qwen3_8b,186,97,0.5404841885787096,,online_budget,,
,A,0.6002426868661044,0.5775512568052821,,32,,max_entropy,,,,,,,omnimath,,,,,qwen3_8b,186,97,0.5775512568052821,,online_budget,,
,A,0.5802389741074471,0.5792887756284025,,64,,max_entropy,,,,,,,omnimath,,,,,qwen3_8b,186,97,0.5792887756284025,,online_budget,,
,A,0.5553154147578279,0.5489401135178964,,128,,max_entropy,,,,,,,omnimath,,,,,qwen3_8b,186,97,0.5489401135178964,,online_budget,,
,A,0.5550653357218062,0.5412371134020618,,256,,max_entropy,,,,,,,omnimath,,,,,qwen3_8b,179,97,0.5412371134020618,,online_budget,,
,A,0.5591897627726838,0.5080164910673386,,512,,max_entropy,,,,,,,omnimath,,,,,qwen3_8b,133,74,0.5080164910673386,,online_budget,,
,A,,,,,,max_entropy,,,,,,,omnimath,,,,,qwen3_8b,0,,0.5641144445731494,,online,,
,A,0.5953049316054353,0.5533418278698019,,16,,mean_entropy,,,,,,,omnimath,,,,,qwen3_8b,186,97,0.5533418278698019,,online_budget,,
,A,0.5788041162743298,0.553689331634426,,32,,mean_entropy,,,,,,,omnimath,,,,,qwen3_8b,186,97,0.553689331634426,,online_budget,,
,A,0.5678720713282246,0.5358508050503881,,64,,mean_entropy,,,,,,,omnimath,,,,,qwen3_8b,186,97,0.5358508050503881,,online_budget,,
,A,0.5604544844694286,0.5440750608131588,,128,,mean_entropy,,,,,,,omnimath,,,,,qwen3_8b,186,97,0.5440750608131588,,online_budget,,
,A,0.5702917323473059,0.5442544631631884,,256,,mean_entropy,,,,,,,omnimath,,,,,qwen3_8b,179,97,0.5442544631631884,,online_budget,,
,A,0.5841921037091441,0.527027027027027,,512,,mean_entropy,,,,,,,omnimath,,,,,qwen3_8b,133,74,0.527027027027027,,online_budget,,
,A,,,,,,mean_entropy,,,,,,,omnimath,,,,,qwen3_8b,0,,0.5399629329317734,,online,,
,A,0.6151992214477965,0.5379358276381327,,16,,step272_twohead,,,,,,,omnimath,,,,,qwen3_8b,186,97,0.5379358276381327,,online_budget,,
,A,0.6056690957043168,0.5643461137495657,,32,,step272_twohead,,,,,,,omnimath,,,,,qwen3_8b,186,97,0.5643461137495657,,online_budget,,
,A,0.5738174060306149,0.5532259932815939,,64,,step272_twohead,,,,,,,omnimath,,,,,qwen3_8b,186,97,0.5532259932815939,,online_budget,,
,A,0.5624391191936128,0.5489401135178965,,128,,step272_twohead,,,,,,,omnimath,,,,,qwen3_8b,186,97,0.5489401135178965,,online_budget,,
,A,0.5694675756776839,0.5569524767412622,,256,,step272_twohead,,,,,,,omnimath,,,,,qwen3_8b,179,97,0.5569524767412622,,online_budget,,
,A,0.5894768815201349,0.548327989005955,,512,,step272_twohead,,,,,,,omnimath,,,,,qwen3_8b,133,74,0.548327989005955,,online_budget,,
,A,,,,,,step272_twohead,,,,,,,omnimath,,,,,qwen3_8b,0,,0.5510830533997453,,online,,
,A,0.5939743614756676,0.5952875952875952,,16,,deepconf_w32,,,,,,,gsm8k,,,,,llama31_8b,76,37,0.5952875952875952,,online_budget,,
,A,0.6624200650460346,0.6576576576576577,,32,,deepconf_w32,,,,,,,gsm8k,,,,,llama31_8b,76,37,0.6576576576576577,,online_budget,,
,A,0.751348777176597,0.760914760914761,,64,,deepconf_w32,,,,,,,gsm8k,,,,,llama31_8b,76,37,0.760914760914761,,online_budget,,
,A,0.7512562209535538,0.7552958363769176,,128,,deepconf_w32,,,,,,,gsm8k,,,,,llama31_8b,74,37,0.7552958363769176,,online_budget,,
,A,0.8438493784604189,0.7482993197278911,,256,,deepconf_w32,,,,,,,gsm8k,,,,,llama31_8b,35,21,0.7482993197278911,,online_budget,,
,A,nan,nan,,512,,deepconf_w32,,,,,,,gsm8k,,,,,llama31_8b,2,2,nan,,online_budget,,
,A,,,,,,deepconf_w32,,,,,,,gsm8k,,,,,llama31_8b,0,,0.7581052986458392,,online,,
,A,0.5939743614756676,0.5952875952875952,,16,,deepconf_w64,,,,,,,gsm8k,,,,,llama31_8b,76,37,0.5952875952875952,,online_budget,,
,A,0.6624200650460346,0.6576576576576577,,32,,deepconf_w64,,,,,,,gsm8k,,,,,llama31_8b,76,37,0.6576576576576577,,online_budget,,
,A,0.7491365109078261,0.7657657657657658,,64,,deepconf_w64,,,,,,,gsm8k,,,,,llama31_8b,76,37,0.7657657657657658,,online_budget,,
,A,0.7721049010786778,0.7742878013148283,,128,,deepconf_w64,,,,,,,gsm8k,,,,,llama31_8b,74,37,0.7742878013148283,,online_budget,,
,A,0.8578969096949394,0.7585034013605442,,256,,deepconf_w64,,,,,,,gsm8k,,,,,llama31_8b,35,21,0.7585034013605442,,online_budget,,
,A,nan,nan,,512,,deepconf_w64,,,,,,,gsm8k,,,,,llama31_8b,2,2,nan,,online_budget,,
,A,,,,,,deepconf_w64,,,,,,,gsm8k,,,,,llama31_8b,0,,0.7700267835402971,,online,,
,A,0.5206625886805474,0.4566874566874567,,16,,finalist_global_detector_local_locator,,,,,,,gsm8k,,,,,llama31_8b,76,37,0.4566874566874567,,online_budget,,
,A,0.5974565582183735,0.6098406098406098,,32,,finalist_global_detector_local_locator,,,,,,,gsm8k,,,,,llama31_8b,76,37,0.6098406098406098,,online_budget,,
,A,0.7010382373719437,0.7054747054747055,,64,,finalist_global_detector_local_locator,,,,,,,gsm8k,,,,,llama31_8b,76,37,0.7054747054747055,,online_budget,,
,A,0.7602543075120702,0.7282688093498904,,128,,finalist_global_detector_local_locator,,,,,,,gsm8k,,,,,llama31_8b,74,37,0.7282688093498904,,online_budget,,
,A,0.8644175228066626,0.7619047619047619,,256,,finalist_global_detector_local_locator,,,,,,,gsm8k,,,,,llama31_8b,35,21,0.7619047619047619,,online_budget,,
,A,nan,nan,,512,,finalist_global_detector_local_locator,,,,,,,gsm8k,,,,,llama31_8b,2,2,nan,,online_budget,,
,A,,,,,,finalist_global_detector_local_locator,,,,,,,gsm8k,,,,,llama31_8b,0,,0.7168717574122979,,online,,
,A,0.5899460896396231,0.5460845460845462,,16,,iu28_registered,,,,,,,gsm8k,,,,,llama31_8b,76,37,0.5460845460845462,,online_budget,,
,A,0.5671495251311306,0.5758835758835759,,32,,iu28_registered,,,,,,,gsm8k,,,,,llama31_8b,76,37,0.5758835758835759,,online_budget,,
,A,0.639778633523802,0.6999306999306999,,64,,iu28_registered,,,,,,,gsm8k,,,,,llama31_8b,76,37,0.6999306999306999,,online_budget,,
,A,0.6462901493291188,0.6866325785244705,,128,,iu28_registered,,,,,,,gsm8k,,,,,llama31_8b,74,37,0.6866325785244705,,online_budget,,
,A,0.777898138129635,0.6632653061224489,,256,,iu28_registered,,,,,,,gsm8k,,,,,llama31_8b,35,21,0.6632653061224489,,online_budget,,
,A,nan,nan,,512,,iu28_registered,,,,,,,gsm8k,,,,,llama31_8b,2,2,nan,,online_budget,,
,A,,,,,,iu28_registered,,,,,,,gsm8k,,,,,llama31_8b,0,,0.6932816392275851,,online,,
,A,0.6166657929630446,0.5606375606375607,,16,,max_entropy,,,,,,,gsm8k,,,,,llama31_8b,76,37,0.5606375606375607,,online_budget,,
,A,0.6055441621505946,0.6271656271656272,,32,,max_entropy,,,,,,,gsm8k,,,,,llama31_8b,76,37,0.6271656271656272,,online_budget,,
,A,0.6496383558526704,0.6957726957726957,,64,,max_entropy,,,,,,,gsm8k,,,,,llama31_8b,76,37,0.6957726957726957,,online_budget,,
,A,0.5973154998510132,0.6245434623813002,,128,,max_entropy,,,,,,,gsm8k,,,,,llama31_8b,74,37,0.6245434623813002,,online_budget,,
,A,0.7621926508989953,0.7040816326530612,,256,,max_entropy,,,,,,,gsm8k,,,,,llama31_8b,35,21,0.7040816326530612,,online_budget,,
,A,nan,nan,,512,,max_entropy,,,,,,,gsm8k,,,,,llama31_8b,2,2,nan,,online_budget,,
,A,,,,,,max_entropy,,,,,,,gsm8k,,,,,llama31_8b,0,,0.660158079076998,,online,,
,A,0.5939743614756676,0.5952875952875952,,16,,mean_entropy,,,,,,,gsm8k,,,,,llama31_8b,76,37,0.5952875952875952,,online_budget,,
,A,0.6624200650460346,0.6576576576576577,,32,,mean_entropy,,,,,,,gsm8k,,,,,llama31_8b,76,37,0.6576576576576577,,online_budget,,
,A,0.7491365109078261,0.7657657657657658,,64,,mean_entropy,,,,,,,gsm8k,,,,,llama31_8b,76,37,0.7657657657657658,,online_budget,,
,A,0.7591631041080058,0.758217677136596,,128,,mean_entropy,,,,,,,gsm8k,,,,,llama31_8b,74,37,0.758217677136596,,online_budget,,
,A,0.8703056049817584,0.7959183673469388,,256,,mean_entropy,,,,,,,gsm8k,,,,,llama31_8b,35,21,0.7959183673469388,,online_budget,,
,A,nan,nan,,512,,mean_entropy,,,,,,,gsm8k,,,,,llama31_8b,2,2,nan,,online_budget,,
,A,,,,,,mean_entropy,,,,,,,gsm8k,,,,,llama31_8b,0,,0.7619917214511809,,online,,
,A,0.5364625779133936,0.4608454608454608,,16,,step272_twohead,,,,,,,gsm8k,,,,,llama31_8b,76,37,0.4608454608454608,,online_budget,,
,A,0.5802652965632864,0.6403326403326403,,32,,step272_twohead,,,,,,,gsm8k,,,,,llama31_8b,76,37,0.6403326403326403,,online_budget,,
,A,0.7080642353693605,0.7283437283437284,,64,,step272_twohead,,,,,,,gsm8k,,,,,llama31_8b,76,37,0.7283437283437284,,online_budget,,
,A,0.6874093146768405,0.672753834915997,,128,,step272_twohead,,,,,,,gsm8k,,,,,llama31_8b,74,37,0.672753834915997,,online_budget,,
,A,0.8493161023965217,0.7414965986394558,,256,,step272_twohead,,,,,,,gsm8k,,,,,llama31_8b,35,21,0.7414965986394558,,online_budget,,
,A,nan,nan,,512,,step272_twohead,,,,,,,gsm8k,,,,,llama31_8b,2,2,nan,,online_budget,,
,A,,,,,,step272_twohead,,,,,,,gsm8k,,,,,llama31_8b,0,,0.7005487816298628,,online,,
,A,0.5444623500357115,0.5283816425120773,,16,,deepconf_w32,,,,,,,math,,,,,llama31_8b,182,90,0.5283816425120773,,online_budget,,
,A,0.5570219584801779,0.5516908212560386,,32,,deepconf_w32,,,,,,,math,,,,,llama31_8b,182,90,0.5516908212560386,,online_budget,,
,A,0.6122063556318382,0.6118357487922705,,64,,deepconf_w32,,,,,,,math,,,,,llama31_8b,182,90,0.6118357487922705,,online_budget,,
,A,0.5622496922968916,0.5567049808429119,,128,,deepconf_w32,,,,,,,math,,,,,llama31_8b,177,87,0.5567049808429119,,online_budget,,
,A,0.5960725250256518,0.5601780185758514,,256,,deepconf_w32,,,,,,,math,,,,,llama31_8b,144,76,0.5601780185758514,,online_budget,,
,A,0.7206511961924422,0.5641233766233766,,512,,deepconf_w32,,,,,,,math,,,,,llama31_8b,72,44,0.5641233766233766,,online_budget,,
,A,,,,,,deepconf_w32,,,,,,,math,,,,,llama31_8b,0,,0.5842703648175912,,online,,
,A,0.5444623500357115,0.5283816425120773,,16,,deepconf_w64,,,,,,,math,,,,,llama31_8b,182,90,0.5283816425120773,,online_budget,,
,A,0.5570219584801779,0.5516908212560386,,32,,deepconf_w64,,,,,,,math,,,,,llama31_8b,182,90,0.5516908212560386,,online_budget,,
,A,0.6006034635151491,0.5849033816425121,,64,,deepconf_w64,,,,,,,math,,,,,llama31_8b,182,90,0.5849033816425121,,online_budget,,
,A,0.5386759033738843,0.5446998722860792,,128,,deepconf_w64,,,,,,,math,,,,,llama31_8b,177,87,0.5446998722860792,,online_budget,,
,A,0.5663967968958398,0.5489551083591332,,256,,deepconf_w64,,,,,,,math,,,,,llama31_8b,144,76,0.5489551083591332,,online_budget,,
,A,0.7064303171478901,0.5194805194805194,,512,,deepconf_w64,,,,,,,math,,,,,llama31_8b,72,44,0.5194805194805194,,online_budget,,
,A,,,,,,deepconf_w64,,,,,,,math,,,,,llama31_8b,0,,0.5648016269642957,,online,,
,A,0.5967201803543001,0.5929951690821256,,16,,finalist_global_detector_local_locator,,,,,,,math,,,,,llama31_8b,182,90,0.5929951690821256,,online_budget,,
,A,0.6122516577779211,0.6233091787439614,,32,,finalist_global_detector_local_locator,,,,,,,math,,,,,llama31_8b,182,90,0.6233091787439614,,online_budget,,
,A,0.6325047270385091,0.6431159420289855,,64,,finalist_global_detector_local_locator,,,,,,,math,,,,,llama31_8b,182,90,0.6431159420289855,,online_budget,,
,A,0.5658199628717524,0.5713920817369094,,128,,finalist_global_detector_local_locator,,,,,,,math,,,,,llama31_8b,177,87,0.5713920817369094,,online_budget,,
,A,0.564641059922808,0.5443111455108359,,256,,finalist_global_detector_local_locator,,,,,,,math,,,,,llama31_8b,144,76,0.5443111455108359,,online_budget,,
,A,0.708184239361462,0.5089285714285714,,512,,finalist_global_detector_local_locator,,,,,,,math,,,,,llama31_8b,72,44,0.5089285714285714,,online_budget,,
,A,,,,,,finalist_global_detector_local_locator,,,,,,,math,,,,,llama31_8b,0,,0.6072540118829475,,online,,
,A,0.6061540677815729,0.621135265700483,,16,,iu28_registered,,,,,,,math,,,,,llama31_8b,182,90,0.621135265700483,,online_budget,,
,A,0.622078130994607,0.6385265700483091,,32,,iu28_registered,,,,,,,math,,,,,llama31_8b,182,90,0.6385265700483091,,online_budget,,
,A,0.6322582534419958,0.6236714975845411,,64,,iu28_registered,,,,,,,math,,,,,llama31_8b,182,90,0.6236714975845411,,online_budget,,
,A,0.5784493680810665,0.5748403575989783,,128,,iu28_registered,,,,,,,math,,,,,llama31_8b,177,87,0.5748403575989783,,online_budget,,
,A,0.5992719865941238,0.5497291021671826,,256,,iu28_registered,,,,,,,math,,,,,llama31_8b,144,76,0.5497291021671826,,online_budget,,
,A,0.6819699866451805,0.5543831168831168,,512,,iu28_registered,,,,,,,math,,,,,llama31_8b,72,44,0.5543831168831168,,online_budget,,
,A,,,,,,iu28_registered,,,,,,,math,,,,,llama31_8b,0,,0.5992559275917597,,online,,
,A,0.5833307867421886,0.5890096618357489,,16,,max_entropy,,,,,,,math,,,,,llama31_8b,182,90,0.5890096618357489,,online_budget,,
,A,0.5967010189108095,0.6216183574879226,,32,,max_entropy,,,,,,,math,,,,,llama31_8b,182,90,0.6216183574879226,,online_budget,,
,A,0.6349440896102424,0.6031400966183574,,64,,max_entropy,,,,,,,math,,,,,llama31_8b,182,90,0.6031400966183574,,online_budget,,
,A,0.6043101106452525,0.5703703703703704,,128,,max_entropy,,,,,,,math,,,,,llama31_8b,177,87,0.5703703703703704,,online_budget,,
,A,0.6442923313623843,0.5773993808049535,,256,,max_entropy,,,,,,,math,,,,,llama31_8b,144,76,0.5773993808049535,,online_budget,,
,A,0.6911765761409063,0.549512987012987,,512,,max_entropy,,,,,,,math,,,,,llama31_8b,72,44,0.549512987012987,,online_budget,,
,A,,,,,,max_entropy,,,,,,,math,,,,,llama31_8b,0,,0.586755233494364,,online,,
,A,0.5444623500357115,0.5283816425120773,,16,,mean_entropy,,,,,,,math,,,,,llama31_8b,182,90,0.5283816425120773,,online_budget,,
,A,0.5570219584801779,0.5516908212560386,,32,,mean_entropy,,,,,,,math,,,,,llama31_8b,182,90,0.5516908212560386,,online_budget,,
,A,0.6006034635151491,0.5849033816425121,,64,,mean_entropy,,,,,,,math,,,,,llama31_8b,182,90,0.5849033816425121,,online_budget,,
,A,0.5414142719690711,0.5340996168582375,,128,,mean_entropy,,,,,,,math,,,,,llama31_8b,177,87,0.5340996168582375,,online_budget,,
,A,0.5663698965672929,0.5576625386996904,,256,,mean_entropy,,,,,,,math,,,,,llama31_8b,144,76,0.5576625386996904,,online_budget,,
,A,0.7394070468960137,0.5616883116883117,,512,,mean_entropy,,,,,,,math,,,,,llama31_8b,72,44,0.5616883116883117,,online_budget,,
,A,,,,,,mean_entropy,,,,,,,math,,,,,llama31_8b,0,,0.5595014992503748,,online,,
,A,0.5888580414570523,0.586352657004831,,16,,step272_twohead,,,,,,,math,,,,,llama31_8b,182,90,0.586352657004831,,online_budget,,
,A,0.6133491807413792,0.6242753623188406,,32,,step272_twohead,,,,,,,math,,,,,llama31_8b,182,90,0.6242753623188406,,online_budget,,
,A,0.6418122327699667,0.6322463768115942,,64,,step272_twohead,,,,,,,math,,,,,llama31_8b,182,90,0.6322463768115942,,online_budget,,
,A,0.5817422390232312,0.5740740740740741,,128,,step272_twohead,,,,,,,math,,,,,llama31_8b,177,87,0.5740740740740741,,online_budget,,
,A,0.602299419554317,0.5758513931888545,,256,,step272_twohead,,,,,,,math,,,,,llama31_8b,144,76,0.5758513931888545,,online_budget,,
,A,0.7235855432554044,0.5527597402597403,,512,,step272_twohead,,,,,,,math,,,,,llama31_8b,72,44,0.5527597402597403,,online_budget,,
,A,,,,,,step272_twohead,,,,,,,math,,,,,llama31_8b,0,,0.6031602254428341,,online,,
,A,0.44773277594621286,0.5127946127946128,,16,,deepconf_w32,,,,,,,olympiadbench,,,,,llama31_8b,191,81,0.5127946127946128,,online_budget,,
,A,0.44972400199074253,0.507182940516274,,32,,deepconf_w32,,,,,,,olympiadbench,,,,,llama31_8b,191,81,0.507182940516274,,online_budget,,
,A,0.4394292909449047,0.5108866442199775,,64,,deepconf_w32,,,,,,,olympiadbench,,,,,llama31_8b,191,81,0.5108866442199775,,online_budget,,
,A,0.44659729460196507,0.5479236812570146,,128,,deepconf_w32,,,,,,,olympiadbench,,,,,llama31_8b,191,81,0.5479236812570146,,online_budget,,
,A,0.47262300452526795,0.5891133557800223,,256,,deepconf_w32,,,,,,,olympiadbench,,,,,llama31_8b,191,81,0.5891133557800223,,online_budget,,
,A,0.5096903147640435,0.5888179616993177,,512,,deepconf_w32,,,,,,,olympiadbench,,,,,llama31_8b,136,59,0.5888179616993177,,online_budget,,
,A,,,,,,deepconf_w32,,,,,,,olympiadbench,,,,,llama31_8b,0,,0.5294051627384961,,online,,
,A,0.44773277594621286,0.5127946127946128,,16,,deepconf_w64,,,,,,,olympiadbench,,,,,llama31_8b,191,81,0.5127946127946128,,online_budget,,
,A,0.44972400199074253,0.507182940516274,,32,,deepconf_w64,,,,,,,olympiadbench,,,,,llama31_8b,191,81,0.507182940516274,,online_budget,,
,A,0.42861204657507895,0.5140291806958475,,64,,deepconf_w64,,,,,,,olympiadbench,,,,,llama31_8b,191,81,0.5140291806958475,,online_budget,,
,A,0.4392743957889925,0.5437710437710438,,128,,deepconf_w64,,,,,,,olympiadbench,,,,,llama31_8b,191,81,0.5437710437710438,,online_budget,,
,A,0.47070198452923995,0.5814814814814814,,256,,deepconf_w64,,,,,,,olympiadbench,,,,,llama31_8b,191,81,0.5814814814814814,,online_budget,,
,A,0.5184529735085908,0.5907990314769975,,512,,deepconf_w64,,,,,,,olympiadbench,,,,,llama31_8b,136,59,0.5907990314769975,,online_budget,,
,A,,,,,,deepconf_w64,,,,,,,olympiadbench,,,,,llama31_8b,0,,0.5289001122334456,,online,,
,A,0.45685858510761157,0.52334455667789,,16,,finalist_global_detector_local_locator,,,,,,,olympiadbench,,,,,llama31_8b,191,81,0.52334455667789,,online_budget,,
,A,0.47596459561554705,0.5689113355780022,,32,,finalist_global_detector_local_locator,,,,,,,olympiadbench,,,,,llama31_8b,191,81,0.5689113355780022,,online_budget,,
,A,0.4595666663682317,0.5590347923681257,,64,,finalist_global_detector_local_locator,,,,,,,olympiadbench,,,,,llama31_8b,191,81,0.5590347923681257,,online_budget,,
,A,0.4580030964018943,0.576094276094276,,128,,finalist_global_detector_local_locator,,,,,,,olympiadbench,,,,,llama31_8b,191,81,0.576094276094276,,online_budget,,
,A,0.5059397565791962,0.6198653198653199,,256,,finalist_global_detector_local_locator,,,,,,,olympiadbench,,,,,llama31_8b,191,81,0.6198653198653199,,online_budget,,
,A,0.5355382378469589,0.6348228043143297,,512,,finalist_global_detector_local_locator,,,,,,,olympiadbench,,,,,llama31_8b,136,59,0.6348228043143297,,online_budget,,
,A,,,,,,finalist_global_detector_local_locator,,,,,,,olympiadbench,,,,,llama31_8b,0,,0.5675645342312008,,online,,
,A,0.47105806861830923,0.5772166105499439,,16,,iu28_registered,,,,,,,olympiadbench,,,,,llama31_8b,191,81,0.5772166105499439,,online_budget,,
,A,0.4831216296477271,0.6001122334455667,,32,,iu28_registered,,,,,,,olympiadbench,,,,,llama31_8b,191,81,0.6001122334455667,,online_budget,,
,A,0.4884020188403661,0.6086419753086421,,64,,iu28_registered,,,,,,,olympiadbench,,,,,llama31_8b,191,81,0.6086419753086421,,online_budget,,
,A,0.5225955295044813,0.6124579124579125,,128,,iu28_registered,,,,,,,olympiadbench,,,,,llama31_8b,191,81,0.6124579124579125,,online_budget,,
,A,0.5648362384151442,0.678226711560045,,256,,iu28_registered,,,,,,,olympiadbench,,,,,llama31_8b,191,81,0.678226711560045,,online_budget,,
,A,0.5254281290537395,0.6246973365617433,,512,,iu28_registered,,,,,,,olympiadbench,,,,,llama31_8b,136,59,0.6246973365617433,,online_budget,,
,A,,,,,,iu28_registered,,,,,,,olympiadbench,,,,,llama31_8b,0,,0.6105499438832773,,online,,
,A,0.42565721278893975,0.5243546576879909,,16,,max_entropy,,,,,,,olympiadbench,,,,,llama31_8b,191,81,0.5243546576879909,,online_budget,,
,A,0.4483344351240822,0.5589225589225589,,32,,max_entropy,,,,,,,olympiadbench,,,,,llama31_8b,191,81,0.5589225589225589,,online_budget,,
,A,0.4515179829526438,0.5632996632996634,,64,,max_entropy,,,,,,,olympiadbench,,,,,llama31_8b,191,81,0.5632996632996634,,online_budget,,
,A,0.45887735221883136,0.5464646464646464,,128,,max_entropy,,,,,,,olympiadbench,,,,,llama31_8b,191,81,0.5464646464646464,,online_budget,,
,A,0.4864802850201556,0.5932659932659933,,256,,max_entropy,,,,,,,olympiadbench,,,,,llama31_8b,191,81,0.5932659932659933,,online_budget,,
,A,0.5431694114203955,0.6321813779440899,,512,,max_entropy,,,,,,,olympiadbench,,,,,llama31_8b,136,59,0.6321813779440899,,online_budget,,
,A,,,,,,max_entropy,,,,,,,olympiadbench,,,,,llama31_8b,0,,0.554882154882155,,online,,
,A,0.44773277594621286,0.5127946127946128,,16,,mean_entropy,,,,,,,olympiadbench,,,,,llama31_8b,191,81,0.5127946127946128,,online_budget,,
,A,0.44972400199074253,0.507182940516274,,32,,mean_entropy,,,,,,,olympiadbench,,,,,llama31_8b,191,81,0.507182940516274,,online_budget,,
,A,0.42861204657507895,0.5140291806958475,,64,,mean_entropy,,,,,,,olympiadbench,,,,,llama31_8b,191,81,0.5140291806958475,,online_budget,,
,A,0.4450917149117316,0.555331088664422,,128,,mean_entropy,,,,,,,olympiadbench,,,,,llama31_8b,191,81,0.555331088664422,,online_budget,,
,A,0.4998173168765426,0.6138047138047138,,256,,mean_entropy,,,,,,,olympiadbench,,,,,llama31_8b,191,81,0.6138047138047138,,online_budget,,
,A,0.5224767449007495,0.6407660136473695,,512,,mean_entropy,,,,,,,olympiadbench,,,,,llama31_8b,136,59,0.6407660136473695,,online_budget,,
,A,,,,,,mean_entropy,,,,,,,olympiadbench,,,,,llama31_8b,0,,0.5346801346801348,,online,,
,A,0.45263045868366614,0.520314253647587,,16,,step272_twohead,,,,,,,olympiadbench,,,,,llama31_8b,191,81,0.520314253647587,,online_budget,,
,A,0.47599062383141577,0.5722783389450057,,32,,step272_twohead,,,,,,,olympiadbench,,,,,llama31_8b,191,81,0.5722783389450057,,online_budget,,
,A,0.4762668825616725,0.5969696969696969,,64,,step272_twohead,,,,,,,olympiadbench,,,,,llama31_8b,191,81,0.5969696969696969,,online_budget,,
,A,0.4632506154076159,0.5869809203142536,,128,,step272_twohead,,,,,,,olympiadbench,,,,,llama31_8b,191,81,0.5869809203142536,,online_budget,,
,A,0.5336671169776226,0.645230078563412,,256,,step272_twohead,,,,,,,olympiadbench,,,,,llama31_8b,191,81,0.645230078563412,,online_budget,,
,A,0.5396781080197056,0.6491305304864626,,512,,step272_twohead,,,,,,,olympiadbench,,,,,llama31_8b,136,59,0.6491305304864626,,online_budget,,
,A,,,,,,step272_twohead,,,,,,,olympiadbench,,,,,llama31_8b,0,,0.5919753086419752,,online,,
,A,0.5866029804298227,0.5679369859840149,,16,,deepconf_w32,,,,,,,omnimath,,,,,llama31_8b,186,97,0.5679369859840149,,online_budget,,
,A,0.5490223696107007,0.5317965944631067,,32,,deepconf_w32,,,,,,,omnimath,,,,,llama31_8b,186,97,0.5317965944631067,,online_budget,,
,A,0.5323619554574792,0.5029537819993051,,64,,deepconf_w32,,,,,,,omnimath,,,,,llama31_8b,186,97,0.5029537819993051,,online_budget,,
,A,0.5144840360963021,0.4943820224719101,,128,,deepconf_w32,,,,,,,omnimath,,,,,llama31_8b,186,97,0.4943820224719101,,online_budget,,
,A,0.5648874448211967,0.5148275423189513,,256,,deepconf_w32,,,,,,,omnimath,,,,,llama31_8b,178,97,0.5148275423189513,,online_budget,,
,A,0.5595724318403702,0.4940794056187602,,512,,deepconf_w32,,,,,,,omnimath,,,,,llama31_8b,132,73,0.4940794056187602,,online_budget,,
,A,,,,,,deepconf_w32,,,,,,,omnimath,,,,,llama31_8b,0,,0.4986679022356076,,online,,
,A,0.5866029804298227,0.5679369859840149,,16,,deepconf_w64,,,,,,,omnimath,,,,,llama31_8b,186,97,0.5679369859840149,,online_budget,,
,A,0.5490223696107007,0.5317965944631067,,32,,deepconf_w64,,,,,,,omnimath,,,,,llama31_8b,186,97,0.5317965944631067,,online_budget,,
,A,0.5460360913927007,0.5199814664658867,,64,,deepconf_w64,,,,,,,omnimath,,,,,llama31_8b,186,97,0.5199814664658867,,online_budget,,
,A,0.528073430860343,0.5133788949380285,,128,,deepconf_w64,,,,,,,omnimath,,,,,llama31_8b,186,97,0.5133788949380285,,online_budget,,
,A,0.5976525574125247,0.5406643757159221,,256,,deepconf_w64,,,,,,,omnimath,,,,,llama31_8b,178,97,0.5406643757159221,,online_budget,,
,A,0.5723872589266975,0.5154399814255863,,512,,deepconf_w64,,,,,,,omnimath,,,,,llama31_8b,132,73,0.5154399814255863,,online_budget,,
,A,,,,,,deepconf_w64,,,,,,,omnimath,,,,,llama31_8b,0,,0.5166801807019576,,online,,
,A,0.5734453246025519,0.5212556469361752,,16,,finalist_global_detector_local_locator,,,,,,,omnimath,,,,,llama31_8b,186,97,0.5212556469361752,,online_budget,,
,A,0.5346431658038231,0.5134947295262365,,32,,finalist_global_detector_local_locator,,,,,,,omnimath,,,,,llama31_8b,186,97,0.5134947295262365,,online_budget,,
,A,0.5243920104390314,0.5033012857639292,,64,,finalist_global_detector_local_locator,,,,,,,omnimath,,,,,llama31_8b,186,97,0.5033012857639292,,online_budget,,
,A,0.5267359307481754,0.508977180586123,,128,,finalist_global_detector_local_locator,,,,,,,omnimath,,,,,llama31_8b,186,97,0.508977180586123,,online_budget,,
,A,0.5661757893848565,0.5363370243095329,,256,,finalist_global_detector_local_locator,,,,,,,omnimath,,,,,llama31_8b,178,97,0.5363370243095329,,online_budget,,
,A,0.5567822834560031,0.5163687021128396,,512,,finalist_global_detector_local_locator,,,,,,,omnimath,,,,,llama31_8b,132,73,0.5163687021128396,,online_budget,,
,A,,,,,,finalist_global_detector_local_locator,,,,,,,omnimath,,,,,llama31_8b,0,,0.5061392331750261,,online,,
,A,0.5922020327242836,0.5605235723387004,,16,,iu28_registered,,,,,,,omnimath,,,,,llama31_8b,186,97,0.5605235723387004,,online_budget,,
,A,0.5768248099986621,0.5441908954013669,,32,,iu28_registered,,,,,,,omnimath,,,,,llama31_8b,186,97,0.5441908954013669,,online_budget,,
,A,0.5600952288048597,0.532723271168771,,64,,iu28_registered,,,,,,,omnimath,,,,,llama31_8b,186,97,0.532723271168771,,online_budget,,
,A,0.6015096197498397,0.5667786401019345,,128,,iu28_registered,,,,,,,omnimath,,,,,llama31_8b,186,97,0.5667786401019345,,online_budget,,
,A,0.6070679162863757,0.5764286623393151,,256,,iu28_registered,,,,,,,omnimath,,,,,llama31_8b,178,97,0.5764286623393151,,online_budget,,
,A,0.5471448991806995,0.529370791734386,,512,,iu28_registered,,,,,,,omnimath,,,,,llama31_8b,132,73,0.529370791734386,,online_budget,,
,A,,,,,,iu28_registered,,,,,,,omnimath,,,,,llama31_8b,0,,0.5497509556353528,,online,,
,A,0.6131086255332006,0.5723387003359204,,16,,max_entropy,,,,,,,omnimath,,,,,llama31_8b,186,97,0.5723387003359204,,online_budget,,
,A,0.5681001271462185,0.5367774817560523,,32,,max_entropy,,,,,,,omnimath,,,,,llama31_8b,186,97,0.5367774817560523,,online_budget,,
,A,0.5515359080555037,0.535966639638596,,64,,max_entropy,,,,,,,omnimath,,,,,llama31_8b,186,97,0.535966639638596,,online_budget,,
,A,0.5667856737367745,0.5231090003475037,,128,,max_entropy,,,,,,,omnimath,,,,,llama31_8b,186,97,0.5231090003475037,,online_budget,,
,A,0.5963674399775842,0.5544100801832761,,256,,max_entropy,,,,,,,omnimath,,,,,llama31_8b,178,97,0.5544100801832761,,online_budget,,
,A,0.5762695710421342,0.5354074762015324,,512,,max_entropy,,,,,,,omnimath,,,,,llama31_8b,132,73,0.5354074762015324,,online_budget,,
,A,,,,,,max_entropy,,,,,,,omnimath,,,,,llama31_8b,0,,0.5295378199930498,,online,,
,A,0.5866029804298227,0.5679369859840149,,16,,mean_entropy,,,,,,,omnimath,,,,,llama31_8b,186,97,0.5679369859840149,,online_budget,,
,A,0.5490223696107007,0.5317965944631067,,32,,mean_entropy,,,,,,,omnimath,,,,,llama31_8b,186,97,0.5317965944631067,,online_budget,,
,A,0.5460360913927007,0.5199814664658867,,64,,mean_entropy,,,,,,,omnimath,,,,,llama31_8b,186,97,0.5199814664658867,,online_budget,,
,A,0.5303954002585943,0.5072396617630024,,128,,mean_entropy,,,,,,,omnimath,,,,,llama31_8b,186,97,0.5072396617630024,,online_budget,,
,A,0.5847436207382578,0.5320096729031437,,256,,mean_entropy,,,,,,,omnimath,,,,,llama31_8b,178,97,0.5320096729031437,,online_budget,,
,A,0.5623599350550663,0.49895518922684,,512,,mean_entropy,,,,,,,omnimath,,,,,llama31_8b,132,73,0.49895518922684,,online_budget,,
,A,,,,,,mean_entropy,,,,,,,omnimath,,,,,llama31_8b,0,,0.5136105641144446,,online,,
,A,0.5952166545390047,0.5521834819877216,,16,,step272_twohead,,,,,,,omnimath,,,,,llama31_8b,186,97,0.5521834819877216,,online_budget,,
,A,0.555522140121953,0.5343449554036834,,32,,step272_twohead,,,,,,,omnimath,,,,,llama31_8b,186,97,0.5343449554036834,,online_budget,,
,A,0.5427060636223541,0.5360824742268041,,64,,step272_twohead,,,,,,,omnimath,,,,,llama31_8b,186,97,0.5360824742268041,,online_budget,,
,A,0.5465698249893435,0.5380516622263407,,128,,step272_twohead,,,,,,,omnimath,,,,,llama31_8b,186,97,0.5380516622263407,,online_budget,,
,A,0.5776937298234222,0.5611556573755887,,256,,step272_twohead,,,,,,,omnimath,,,,,llama31_8b,178,97,0.5611556573755887,,online_budget,,
,A,0.5538059876452188,0.5184583236591596,,512,,step272_twohead,,,,,,,omnimath,,,,,llama31_8b,132,73,0.5184583236591596,,online_budget,,
,A,,,,,,step272_twohead,,,,,,,omnimath,,,,,llama31_8b,0,,0.5370670682265724,,online,,
