domain,cell,size,n_subsets,max,p5,p25,p50,p75,p95
gpqa,DeepSeek-R1-Distill-Llama-8B_T1.0,3,364,0.6071,0.4833,0.529,0.5536,0.5707,0.5865
gpqa,DeepSeek-R1-Distill-Llama-8B_T1.0,4,1001,0.6022,0.5136,0.5412,0.5547,0.5668,0.5851
gpqa,DeepSeek-R1-Distill-Llama-8B_T1.0,5,2002,0.6047,0.5308,0.5459,0.5562,0.5669,0.5822
gpqa,DeepSeek-R1-Distill-Llama-8B_T1.0,6,3003,0.6081,0.5361,0.5482,0.5572,0.5667,0.5804
gpqa,DeepSeek-R1-Distill-Llama-8B_T1.0,7,3432,0.5996,0.539,0.5496,0.5578,0.5657,0.578
gpqa,DeepSeek-R1-Distill-Llama-8B_T1.0,8,3003,0.5987,0.5412,0.551,0.5579,0.5647,0.575
gpqa,DeepSeek-R1-Distill-Llama-8B_T1.0,9,2002,0.5886,0.5437,0.5518,0.558,0.5642,0.5719
gpqa,DeepSeek-R1-Distill-Llama-8B_T1.0,10,1001,0.5813,0.5451,0.5526,0.5582,0.5631,0.5696
gpqa,DeepSeek-R1-Distill-Llama-8B_T1.0,11,364,0.5761,0.5475,0.5532,0.5579,0.5625,0.5686
gpqa,DeepSeek-R1-Distill-Llama-8B_T1.0,12,91,0.5722,0.5497,0.5537,0.5574,0.5623,0.5676
gpqa,DeepSeek-R1-Distill-Llama-8B_T1.0,13,14,0.5654,0.5524,0.5534,0.5561,0.56,0.5643
gpqa,DeepSeek-R1-Distill-Llama-8B_T1.0,14,1,0.5575,0.5575,0.5575,0.5575,0.5575,0.5575
gpqa,Llama-8B_T1.0,3,560,0.5594,0.451,0.4885,0.5159,0.5347,0.5499
gpqa,Llama-8B_T1.0,4,1820,0.5666,0.4522,0.4858,0.5217,0.5374,0.5507
gpqa,Llama-8B_T1.0,5,4368,0.5722,0.4534,0.4877,0.526,0.5386,0.5509
gpqa,Llama-8B_T1.0,6,8008,0.5701,0.454,0.4933,0.5297,0.5399,0.5509
gpqa,Llama-8B_T1.0,7,11440,0.5694,0.4553,0.5098,0.5319,0.5412,0.5506
gpqa,Llama-8B_T1.0,8,12870,0.5629,0.4563,0.52,0.5337,0.5424,0.5508
gpqa,Llama-8B_T1.0,9,11440,0.5645,0.4579,0.526,0.5358,0.5437,0.5511
gpqa,Llama-8B_T1.0,10,8008,0.5593,0.4591,0.5297,0.5378,0.5444,0.5509
gpqa,Llama-8B_T1.0,11,4368,0.5571,0.4612,0.5325,0.5396,0.545,0.5507
gpqa,Llama-8B_T1.0,12,1820,0.5556,0.5242,0.5356,0.5412,0.5455,0.5503
gpqa,Llama-8B_T1.0,13,560,0.5533,0.5306,0.5382,0.5425,0.546,0.5498
gpqa,Llama-8B_T1.0,14,120,0.5515,0.5331,0.5402,0.544,0.5465,0.5498
gpqa,Llama-8B_T1.0,15,16,0.5508,0.5361,0.5393,0.5428,0.5458,0.5481
gpqa,Llama-8B_T1.0,16,1,0.5459,0.5459,0.5459,0.5459,0.5459,0.5459
gpqa,Mistral-7B_T1.0,3,560,0.6014,0.38,0.4133,0.4397,0.4784,0.5577
gpqa,Mistral-7B_T1.0,4,1820,0.6011,0.3823,0.4124,0.4346,0.4639,0.5424
gpqa,Mistral-7B_T1.0,5,4368,0.5866,0.382,0.4111,0.4314,0.4562,0.52
gpqa,Mistral-7B_T1.0,6,8008,0.5869,0.3843,0.4097,0.4285,0.4507,0.4881
gpqa,Mistral-7B_T1.0,7,11440,0.5865,0.3876,0.4097,0.4266,0.447,0.475
gpqa,Mistral-7B_T1.0,8,12870,0.5747,0.3908,0.4101,0.4265,0.4445,0.4684
gpqa,Mistral-7B_T1.0,9,11440,0.5699,0.3943,0.4115,0.4269,0.4434,0.4647
gpqa,Mistral-7B_T1.0,10,8008,0.5684,0.3969,0.413,0.4278,0.4434,0.4623
gpqa,Mistral-7B_T1.0,11,4368,0.5228,0.3999,0.4153,0.4297,0.4438,0.4612
gpqa,Mistral-7B_T1.0,12,1820,0.4778,0.4023,0.4182,0.4314,0.4442,0.4597
gpqa,Mistral-7B_T1.0,13,560,0.4711,0.4057,0.4208,0.4322,0.444,0.4579
gpqa,Mistral-7B_T1.0,14,120,0.4615,0.4064,0.4234,0.4328,0.447,0.4549
gpqa,Mistral-7B_T1.0,15,16,0.4524,0.4242,0.4256,0.4396,0.4469,0.4515
gpqa,Mistral-7B_T1.0,16,1,0.4416,0.4416,0.4416,0.4416,0.4416,0.4416
gpqa,Qwen-7B_T1.0,3,560,0.5874,0.4208,0.4426,0.4694,0.5427,0.5713
gpqa,Qwen-7B_T1.0,4,1820,0.5919,0.4206,0.4385,0.4629,0.5461,0.5756
gpqa,Qwen-7B_T1.0,5,4368,0.5925,0.4194,0.4354,0.4548,0.544,0.5758
gpqa,Qwen-7B_T1.0,6,8008,0.5967,0.4194,0.4335,0.4489,0.5428,0.5761
gpqa,Qwen-7B_T1.0,7,11440,0.5952,0.4188,0.4321,0.4453,0.5429,0.576
gpqa,Qwen-7B_T1.0,8,12870,0.5948,0.4175,0.4306,0.4429,0.5476,0.5764
gpqa,Qwen-7B_T1.0,9,11440,0.5944,0.4174,0.4296,0.4412,0.5504,0.5767
gpqa,Qwen-7B_T1.0,10,8008,0.5924,0.4174,0.4289,0.4396,0.5465,0.5763
gpqa,Qwen-7B_T1.0,11,4368,0.5921,0.4172,0.4284,0.4376,0.4552,0.5758
gpqa,Qwen-7B_T1.0,12,1820,0.5888,0.4174,0.4284,0.4364,0.4494,0.5748
gpqa,Qwen-7B_T1.0,13,560,0.5862,0.4184,0.4287,0.4348,0.4441,0.5722
gpqa,Qwen-7B_T1.0,14,120,0.5751,0.422,0.4287,0.4336,0.4406,0.5705
gpqa,Qwen-7B_T1.0,15,16,0.5667,0.4249,0.4293,0.4321,0.4376,0.5662
gpqa,Qwen-7B_T1.0,16,1,0.4359,0.4359,0.4359,0.4359,0.4359,0.4359
gpqa,Qwen2.5-72B-Instruct-AWQ_T1.0,3,560,0.6596,0.3637,0.3951,0.4294,0.4855,0.5685
gpqa,Qwen2.5-72B-Instruct-AWQ_T1.0,4,1820,0.6604,0.3573,0.3933,0.4272,0.4702,0.5548
gpqa,Qwen2.5-72B-Instruct-AWQ_T1.0,5,4368,0.6486,0.3596,0.3924,0.4219,0.4601,0.5515
gpqa,Qwen2.5-72B-Instruct-AWQ_T1.0,6,8008,0.6372,0.363,0.3928,0.4179,0.4505,0.5404
gpqa,Qwen2.5-72B-Instruct-AWQ_T1.0,7,11440,0.6333,0.3654,0.3925,0.4148,0.442,0.5353
gpqa,Qwen2.5-72B-Instruct-AWQ_T1.0,8,12870,0.6282,0.3692,0.3931,0.4124,0.4355,0.5327
gpqa,Qwen2.5-72B-Instruct-AWQ_T1.0,9,11440,0.6121,0.3718,0.393,0.4108,0.4311,0.504
gpqa,Qwen2.5-72B-Instruct-AWQ_T1.0,10,8008,0.612,0.3746,0.3921,0.4091,0.4273,0.4597
gpqa,Qwen2.5-72B-Instruct-AWQ_T1.0,11,4368,0.6013,0.3756,0.3908,0.4065,0.4248,0.4484
gpqa,Qwen2.5-72B-Instruct-AWQ_T1.0,12,1820,0.5738,0.3769,0.3894,0.4027,0.4198,0.4427
gpqa,Qwen2.5-72B-Instruct-AWQ_T1.0,13,560,0.5537,0.3787,0.3899,0.3992,0.4142,0.4345
gpqa,Qwen2.5-72B-Instruct-AWQ_T1.0,14,120,0.4487,0.3791,0.3873,0.3949,0.4084,0.428
gpqa,Qwen2.5-72B-Instruct-AWQ_T1.0,15,16,0.4289,0.3841,0.3878,0.393,0.3983,0.4274
gpqa,Qwen2.5-72B-Instruct-AWQ_T1.0,16,1,0.3931,0.3931,0.3931,0.3931,0.3931,0.3931
gsm8k,Llama-8B_T1.0,3,560,0.7595,0.4711,0.6391,0.6903,0.7156,0.7418
gsm8k,Llama-8B_T1.0,4,1820,0.7624,0.4631,0.6654,0.703,0.7245,0.7446
gsm8k,Llama-8B_T1.0,5,4368,0.7646,0.5011,0.6781,0.7113,0.7299,0.7462
gsm8k,Llama-8B_T1.0,6,8008,0.7655,0.5459,0.6887,0.7164,0.7329,0.7467
gsm8k,Llama-8B_T1.0,7,11440,0.7624,0.6173,0.6974,0.7196,0.7349,0.7479
gsm8k,Llama-8B_T1.0,8,12870,0.7615,0.6424,0.7035,0.7227,0.7368,0.7487
gsm8k,Llama-8B_T1.0,9,11440,0.7613,0.6605,0.7086,0.7259,0.7386,0.7495
gsm8k,Llama-8B_T1.0,10,8008,0.761,0.6788,0.7133,0.7294,0.7402,0.7501
gsm8k,Llama-8B_T1.0,11,4368,0.7592,0.6918,0.718,0.7317,0.7416,0.7504
gsm8k,Llama-8B_T1.0,12,1820,0.7578,0.6998,0.7221,0.7349,0.743,0.7511
gsm8k,Llama-8B_T1.0,13,560,0.7567,0.709,0.7259,0.7368,0.7441,0.7515
gsm8k,Llama-8B_T1.0,14,120,0.7536,0.7152,0.7278,0.7393,0.7451,0.7516
gsm8k,Llama-8B_T1.0,15,16,0.7522,0.7245,0.7368,0.7396,0.7444,0.7508
gsm8k,Llama-8B_T1.0,16,1,0.7382,0.7382,0.7382,0.7382,0.7382,0.7382
math500,DeepSeek-R1-Distill-Llama-8B_T1.0,3,455,0.8515,0.6695,0.7501,0.7845,0.8105,0.8383
math500,DeepSeek-R1-Distill-Llama-8B_T1.0,4,1365,0.8575,0.6881,0.7701,0.7977,0.8176,0.8395
math500,DeepSeek-R1-Distill-Llama-8B_T1.0,5,3003,0.861,0.7125,0.7832,0.8052,0.8195,0.8385
math500,DeepSeek-R1-Distill-Llama-8B_T1.0,6,5005,0.8611,0.7461,0.7921,0.8082,0.821,0.8384
math500,DeepSeek-R1-Distill-Llama-8B_T1.0,7,6435,0.8564,0.7612,0.7962,0.8101,0.8221,0.8384
math500,DeepSeek-R1-Distill-Llama-8B_T1.0,8,6435,0.8554,0.7725,0.7989,0.8116,0.8222,0.839
math500,DeepSeek-R1-Distill-Llama-8B_T1.0,9,5005,0.8541,0.7779,0.8018,0.8125,0.8224,0.8391
math500,DeepSeek-R1-Distill-Llama-8B_T1.0,10,3003,0.8484,0.7835,0.8046,0.814,0.8232,0.838
math500,DeepSeek-R1-Distill-Llama-8B_T1.0,11,1365,0.8466,0.7892,0.8069,0.8147,0.825,0.8367
math500,DeepSeek-R1-Distill-Llama-8B_T1.0,12,455,0.8377,0.7942,0.809,0.816,0.8289,0.8341
math500,DeepSeek-R1-Distill-Llama-8B_T1.0,13,105,0.8341,0.798,0.8113,0.8196,0.8276,0.8316
math500,DeepSeek-R1-Distill-Llama-8B_T1.0,14,15,0.8295,0.8055,0.8143,0.8196,0.8261,0.8294
math500,DeepSeek-R1-Distill-Llama-8B_T1.0,15,1,0.8268,0.8268,0.8268,0.8268,0.8268,0.8268
math500,Qwen-Math-7B_T1.0,3,364,0.956,0.8582,0.9125,0.9309,0.9394,0.9468
math500,Qwen-Math-7B_T1.0,4,1001,0.9538,0.9039,0.9264,0.9363,0.9419,0.9481
math500,Qwen-Math-7B_T1.0,5,2002,0.9585,0.9107,0.9309,0.9386,0.943,0.9487
math500,Qwen-Math-7B_T1.0,6,3003,0.9572,0.9207,0.9351,0.9403,0.9439,0.9489
math500,Qwen-Math-7B_T1.0,7,3432,0.9549,0.9265,0.9365,0.941,0.9443,0.9486
math500,Qwen-Math-7B_T1.0,8,3003,0.9541,0.9287,0.9371,0.9414,0.9444,0.9485
math500,Qwen-Math-7B_T1.0,9,2002,0.9534,0.9315,0.9379,0.9416,0.9446,0.9482
math500,Qwen-Math-7B_T1.0,10,1001,0.9512,0.9334,0.9382,0.9417,0.9444,0.9475
math500,Qwen-Math-7B_T1.0,11,364,0.9507,0.9351,0.9385,0.9416,0.9441,0.9468
math500,Qwen-Math-7B_T1.0,12,91,0.9489,0.9365,0.9388,0.9412,0.943,0.9458
math500,Qwen-Math-7B_T1.0,13,14,0.9442,0.9379,0.9403,0.9417,0.942,0.9438
math500,Qwen-Math-7B_T1.0,14,1,0.9409,0.9409,0.9409,0.9409,0.9409,0.9409
math500,Qwen2.5-Math-1.5B-Instruct_T1.0,3,560,0.8843,0.7153,0.7887,0.8396,0.8604,0.8716
math500,Qwen2.5-Math-1.5B-Instruct_T1.0,4,1820,0.8853,0.7825,0.8319,0.8517,0.8626,0.8737
math500,Qwen2.5-Math-1.5B-Instruct_T1.0,5,4368,0.885,0.8188,0.8444,0.8583,0.8661,0.8751
math500,Qwen2.5-Math-1.5B-Instruct_T1.0,6,8008,0.8863,0.8306,0.8507,0.861,0.8673,0.8752
math500,Qwen2.5-Math-1.5B-Instruct_T1.0,7,11440,0.8835,0.8371,0.8542,0.8625,0.8683,0.8754
math500,Qwen2.5-Math-1.5B-Instruct_T1.0,8,12870,0.8837,0.8431,0.8567,0.8636,0.8691,0.8753
math500,Qwen2.5-Math-1.5B-Instruct_T1.0,9,11440,0.8815,0.8479,0.8584,0.8645,0.8695,0.8751
math500,Qwen2.5-Math-1.5B-Instruct_T1.0,10,8008,0.8824,0.852,0.86,0.8653,0.8699,0.8747
math500,Qwen2.5-Math-1.5B-Instruct_T1.0,11,4368,0.8793,0.8546,0.8613,0.8657,0.8702,0.8744
math500,Qwen2.5-Math-1.5B-Instruct_T1.0,12,1820,0.8781,0.8569,0.8625,0.8662,0.87,0.8738
math500,Qwen2.5-Math-1.5B-Instruct_T1.0,13,560,0.8764,0.859,0.8635,0.8665,0.87,0.8734
math500,Qwen2.5-Math-1.5B-Instruct_T1.0,14,120,0.8734,0.8613,0.8646,0.8664,0.8684,0.8725
math500,Qwen2.5-Math-1.5B-Instruct_T1.0,15,16,0.872,0.8636,0.8656,0.8665,0.8674,0.8696
math500,Qwen2.5-Math-1.5B-Instruct_T1.0,16,1,0.8667,0.8667,0.8667,0.8667,0.8667,0.8667
math500,deepseek-math-7b-instruct_T1.0,3,560,0.7412,0.5616,0.6252,0.6715,0.6941,0.7167
math500,deepseek-math-7b-instruct_T1.0,4,1820,0.7445,0.5987,0.6594,0.6843,0.7027,0.7237
math500,deepseek-math-7b-instruct_T1.0,5,4368,0.7473,0.6293,0.6704,0.6912,0.7061,0.7258
math500,deepseek-math-7b-instruct_T1.0,6,8008,0.7475,0.6452,0.6777,0.6944,0.7079,0.7255
math500,deepseek-math-7b-instruct_T1.0,7,11440,0.7439,0.6524,0.6795,0.6955,0.7091,0.7249
math500,deepseek-math-7b-instruct_T1.0,8,12870,0.7396,0.6574,0.6813,0.6961,0.7097,0.7239
math500,deepseek-math-7b-instruct_T1.0,9,11440,0.7416,0.6619,0.6825,0.697,0.71,0.7229
math500,deepseek-math-7b-instruct_T1.0,10,8008,0.7394,0.6654,0.6842,0.6975,0.7103,0.7222
math500,deepseek-math-7b-instruct_T1.0,11,4368,0.7337,0.6677,0.6855,0.6982,0.71,0.7207
math500,deepseek-math-7b-instruct_T1.0,12,1820,0.7277,0.6716,0.687,0.6995,0.7093,0.719
math500,deepseek-math-7b-instruct_T1.0,13,560,0.7234,0.6718,0.6873,0.6998,0.7092,0.7169
math500,deepseek-math-7b-instruct_T1.0,14,120,0.7171,0.6765,0.6918,0.6994,0.7086,0.7158
math500,deepseek-math-7b-instruct_T1.0,15,16,0.713,0.6819,0.6945,0.6986,0.7043,0.7127
math500,deepseek-math-7b-instruct_T1.0,16,1,0.6996,0.6996,0.6996,0.6996,0.6996,0.6996
qa,spectral_phase9_cache_trivia_qa_cot_traces_T1.0,3,560,0.7141,0.4262,0.4905,0.5343,0.5867,0.6557
qa,spectral_phase9_cache_trivia_qa_cot_traces_T1.0,4,1820,0.7151,0.446,0.4987,0.5386,0.5838,0.6461
qa,spectral_phase9_cache_trivia_qa_cot_traces_T1.0,5,4368,0.715,0.46,0.5082,0.5444,0.5819,0.6353
qa,spectral_phase9_cache_trivia_qa_cot_traces_T1.0,6,8008,0.6936,0.471,0.5155,0.5485,0.5803,0.6269
qa,spectral_phase9_cache_trivia_qa_cot_traces_T1.0,7,11440,0.6847,0.4836,0.5213,0.5513,0.5816,0.6227
qa,spectral_phase9_cache_trivia_qa_cot_traces_T1.0,8,12870,0.6624,0.4912,0.5262,0.5547,0.5843,0.6181
qa,spectral_phase9_cache_trivia_qa_cot_traces_T1.0,9,11440,0.6593,0.4975,0.531,0.5595,0.5861,0.6136
qa,spectral_phase9_cache_trivia_qa_cot_traces_T1.0,10,8008,0.6397,0.5031,0.5351,0.5642,0.5874,0.6091
qa,spectral_phase9_cache_trivia_qa_cot_traces_T1.0,11,4368,0.6305,0.5063,0.5402,0.5669,0.5884,0.6043
qa,spectral_phase9_cache_trivia_qa_cot_traces_T1.0,12,1820,0.6161,0.5103,0.5449,0.57,0.5878,0.5999
qa,spectral_phase9_cache_trivia_qa_cot_traces_T1.0,13,560,0.6081,0.5149,0.5533,0.5747,0.5868,0.597
qa,spectral_phase9_cache_trivia_qa_cot_traces_T1.0,14,120,0.6015,0.519,0.5584,0.5782,0.5848,0.5935
qa,spectral_phase9_cache_trivia_qa_cot_traces_T1.0,15,16,0.5879,0.5492,0.5721,0.5798,0.5836,0.586
qa,spectral_phase9_cache_trivia_qa_cot_traces_T1.0,16,1,0.5746,0.5746,0.5746,0.5746,0.5746,0.5746
qa,spectral_phase9_cache_trivia_qa_traces_T1.0,3,364,1.0,0.19,0.57,0.77,0.9,0.96
qa,spectral_phase9_cache_trivia_qa_traces_T1.0,4,1001,1.0,0.16,0.52,0.76,0.92,0.96
qa,spectral_phase9_cache_trivia_qa_traces_T1.0,5,2002,1.0,0.1605,0.54,0.78,0.92,0.96
qa,spectral_phase9_cache_trivia_qa_traces_T1.0,6,3003,1.0,0.15,0.56,0.8,0.93,0.96
qa,spectral_phase9_cache_trivia_qa_traces_T1.0,7,3432,0.99,0.18,0.6,0.835,0.93,0.96
qa,spectral_phase9_cache_trivia_qa_traces_T1.0,8,3003,1.0,0.18,0.63,0.85,0.93,0.96
qa,spectral_phase9_cache_trivia_qa_traces_T1.0,9,2002,1.0,0.2,0.71,0.87,0.93,0.96
qa,spectral_phase9_cache_trivia_qa_traces_T1.0,10,1001,1.0,0.2,0.77,0.88,0.93,0.96
qa,spectral_phase9_cache_trivia_qa_traces_T1.0,11,364,0.96,0.26,0.82,0.89,0.93,0.95
qa,spectral_phase9_cache_trivia_qa_traces_T1.0,12,91,0.96,0.51,0.875,0.9,0.92,0.94
qa,spectral_phase9_cache_trivia_qa_traces_T1.0,13,14,0.93,0.81,0.88,0.9,0.9275,0.93
qa,spectral_phase9_cache_trivia_qa_traces_T1.0,14,1,0.91,0.91,0.91,0.91,0.91,0.91
qa,spectral_phase9_cache_webq_cot_traces_T1.0,3,560,0.6728,0.4924,0.5381,0.5654,0.5993,0.6352
qa,spectral_phase9_cache_webq_cot_traces_T1.0,4,1820,0.6715,0.496,0.5463,0.5792,0.6046,0.6346
qa,spectral_phase9_cache_webq_cot_traces_T1.0,5,4368,0.6682,0.506,0.5595,0.5896,0.6098,0.6355
qa,spectral_phase9_cache_webq_cot_traces_T1.0,6,8008,0.6671,0.5134,0.5693,0.5937,0.6124,0.6353
qa,spectral_phase9_cache_webq_cot_traces_T1.0,7,11440,0.6616,0.5255,0.5751,0.5983,0.6149,0.6357
qa,spectral_phase9_cache_webq_cot_traces_T1.0,8,12870,0.6627,0.5358,0.58,0.6016,0.6175,0.6362
qa,spectral_phase9_cache_webq_cot_traces_T1.0,9,11440,0.6591,0.5447,0.5847,0.6046,0.6196,0.6362
qa,spectral_phase9_cache_webq_cot_traces_T1.0,10,8008,0.6582,0.5532,0.5884,0.6081,0.6214,0.6354
qa,spectral_phase9_cache_webq_cot_traces_T1.0,11,4368,0.6507,0.5609,0.591,0.61,0.6223,0.6347
qa,spectral_phase9_cache_webq_cot_traces_T1.0,12,1820,0.6502,0.5678,0.5944,0.612,0.6227,0.6332
qa,spectral_phase9_cache_webq_cot_traces_T1.0,13,560,0.6418,0.5743,0.5944,0.6128,0.6231,0.6315
qa,spectral_phase9_cache_webq_cot_traces_T1.0,14,120,0.6331,0.5871,0.5985,0.6136,0.6233,0.6305
qa,spectral_phase9_cache_webq_cot_traces_T1.0,15,16,0.6312,0.5971,0.6041,0.6158,0.625,0.6299
qa,spectral_phase9_cache_webq_cot_traces_T1.0,16,1,0.6212,0.6212,0.6212,0.6212,0.6212,0.6212
rag,Llama-8B/2wikimultihopqa,3,364,0.7162,0.4179,0.4904,0.5351,0.5643,0.6003
rag,Llama-8B/2wikimultihopqa,4,1001,0.6649,0.427,0.4973,0.5346,0.5622,0.5951
rag,Llama-8B/2wikimultihopqa,5,2002,0.7184,0.4432,0.5059,0.5346,0.56,0.5897
rag,Llama-8B/2wikimultihopqa,6,3003,0.6935,0.4552,0.513,0.5368,0.5589,0.5848
rag,Llama-8B/2wikimultihopqa,7,3432,0.6714,0.48,0.5168,0.5384,0.5562,0.5811
rag,Llama-8B/2wikimultihopqa,8,3003,0.6411,0.4941,0.5211,0.5389,0.5551,0.5773
rag,Llama-8B/2wikimultihopqa,9,2002,0.6303,0.5011,0.5245,0.54,0.5535,0.5719
rag,Llama-8B/2wikimultihopqa,10,1001,0.5854,0.5043,0.5276,0.54,0.5519,0.5676
rag,Llama-8B/2wikimultihopqa,11,364,0.5768,0.511,0.5286,0.5422,0.5504,0.561
rag,Llama-8B/2wikimultihopqa,12,91,0.5643,0.5184,0.5305,0.5411,0.5486,0.5559
rag,Llama-8B/2wikimultihopqa,13,14,0.5568,0.5327,0.5407,0.5432,0.5477,0.5554
rag,Llama-8B/2wikimultihopqa,14,1,0.5405,0.5405,0.5405,0.5405,0.5405,0.5405
rag,Llama-8B/hotpotqa,3,364,0.8707,0.4943,0.6017,0.6805,0.7609,0.83
rag,Llama-8B/hotpotqa,4,1001,0.8847,0.5048,0.5873,0.681,0.7753,0.8389
rag,Llama-8B/hotpotqa,5,2002,0.8815,0.5145,0.5997,0.6913,0.7746,0.8367
rag,Llama-8B/hotpotqa,6,3003,0.8847,0.5269,0.614,0.6967,0.7705,0.8362
rag,Llama-8B/hotpotqa,7,3432,0.8798,0.5366,0.6261,0.7058,0.7678,0.8324
rag,Llama-8B/hotpotqa,8,3003,0.868,0.5409,0.6336,0.7139,0.764,0.8222
rag,Llama-8B/hotpotqa,9,2002,0.8626,0.548,0.6492,0.719,0.7629,0.813
rag,Llama-8B/hotpotqa,10,1001,0.8502,0.5614,0.6692,0.7231,0.7602,0.8006
rag,Llama-8B/hotpotqa,11,364,0.8141,0.5928,0.6884,0.7263,0.7586,0.7909
rag,Llama-8B/hotpotqa,12,91,0.7936,0.6433,0.7007,0.736,0.7573,0.7786
rag,Llama-8B/hotpotqa,13,14,0.7656,0.686,0.7249,0.7357,0.7482,0.7579
rag,Llama-8B/hotpotqa,14,1,0.7306,0.7306,0.7306,0.7306,0.7306,0.7306
rag,Llama-8B/narrativeqa,3,364,0.643,0.435,0.5042,0.5451,0.5822,0.6178
rag,Llama-8B/narrativeqa,4,1001,0.6513,0.4538,0.503,0.5388,0.5807,0.6189
rag,Llama-8B/narrativeqa,5,2002,0.6491,0.4654,0.5031,0.5349,0.5711,0.6167
rag,Llama-8B/narrativeqa,6,3003,0.6416,0.4709,0.5044,0.535,0.5667,0.6127
rag,Llama-8B/narrativeqa,7,3432,0.6383,0.4732,0.505,0.533,0.5609,0.6081
rag,Llama-8B/narrativeqa,8,3003,0.6426,0.4765,0.5047,0.5302,0.555,0.606
rag,Llama-8B/narrativeqa,9,2002,0.644,0.4783,0.5042,0.5283,0.5501,0.6037
rag,Llama-8B/narrativeqa,10,1001,0.6409,0.4805,0.5035,0.5243,0.5454,0.5884
rag,Llama-8B/narrativeqa,11,364,0.6092,0.4853,0.5045,0.5222,0.5418,0.5619
rag,Llama-8B/narrativeqa,12,91,0.5691,0.4857,0.5059,0.5201,0.5391,0.5538
rag,Llama-8B/narrativeqa,13,14,0.5499,0.5001,0.5049,0.5283,0.5403,0.5471
rag,Llama-8B/narrativeqa,14,1,0.5343,0.5343,0.5343,0.5343,0.5343,0.5343
rag,Llama-8B/natural-questions,3,364,0.6936,0.3772,0.4646,0.5454,0.6007,0.6681
rag,Llama-8B/natural-questions,4,1001,0.7035,0.3761,0.4834,0.5642,0.6139,0.667
rag,Llama-8B/natural-questions,5,2002,0.7013,0.3861,0.51,0.5841,0.6228,0.6681
rag,Llama-8B/natural-questions,6,3003,0.7058,0.3862,0.5454,0.5985,0.6294,0.6715
rag,Llama-8B/natural-questions,7,3432,0.7046,0.4077,0.5741,0.6095,0.6361,0.6726
rag,Llama-8B/natural-questions,8,3003,0.7146,0.4347,0.5907,0.6173,0.6416,0.6737
rag,Llama-8B/natural-questions,9,2002,0.7091,0.5277,0.604,0.6239,0.6427,0.6758
rag,Llama-8B/natural-questions,10,1001,0.698,0.5819,0.6139,0.6283,0.6449,0.677
rag,Llama-8B/natural-questions,11,364,0.7024,0.601,0.6206,0.635,0.6463,0.6801
rag,Llama-8B/natural-questions,12,91,0.6969,0.6189,0.6272,0.6372,0.6493,0.677
rag,Llama-8B/natural-questions,13,14,0.6869,0.6312,0.6341,0.6372,0.6435,0.6661
rag,Llama-8B/natural-questions,14,1,0.6372,0.6372,0.6372,0.6372,0.6372,0.6372
rag,Mistral-24B/2wikimultihopqa,3,560,0.7,0.35,0.3979,0.4375,0.4859,0.5752
rag,Mistral-24B/2wikimultihopqa,4,1820,0.7146,0.3542,0.4,0.4333,0.4771,0.5479
rag,Mistral-24B/2wikimultihopqa,5,4368,0.7417,0.3604,0.4,0.4313,0.4688,0.525
rag,Mistral-24B/2wikimultihopqa,6,8008,0.675,0.3646,0.4,0.4292,0.4625,0.5125
rag,Mistral-24B/2wikimultihopqa,7,11440,0.7083,0.3688,0.4021,0.4271,0.4563,0.5
rag,Mistral-24B/2wikimultihopqa,8,12870,0.6583,0.3729,0.4021,0.4271,0.4521,0.4917
rag,Mistral-24B/2wikimultihopqa,9,11440,0.5625,0.3771,0.4042,0.425,0.4479,0.4833
rag,Mistral-24B/2wikimultihopqa,10,8008,0.5417,0.3812,0.4062,0.425,0.4458,0.475
rag,Mistral-24B/2wikimultihopqa,11,4368,0.5188,0.3833,0.4062,0.4229,0.4437,0.4688
rag,Mistral-24B/2wikimultihopqa,12,1820,0.5,0.3875,0.4083,0.4229,0.4396,0.4625
rag,Mistral-24B/2wikimultihopqa,13,560,0.4896,0.3917,0.4083,0.424,0.4375,0.4583
rag,Mistral-24B/2wikimultihopqa,14,120,0.4583,0.4,0.4099,0.4229,0.4359,0.4522
rag,Mistral-24B/2wikimultihopqa,15,16,0.4458,0.412,0.4146,0.426,0.4318,0.4443
rag,Mistral-24B/2wikimultihopqa,16,1,0.4229,0.4229,0.4229,0.4229,0.4229,0.4229
rag,Mistral-24B/hotpotqa,3,560,0.7738,0.4861,0.5714,0.6111,0.6448,0.7005
rag,Mistral-24B/hotpotqa,4,1820,0.7381,0.5179,0.5853,0.6151,0.6391,0.6786
rag,Mistral-24B/hotpotqa,5,4368,0.748,0.5536,0.5952,0.6171,0.6409,0.6746
rag,Mistral-24B/hotpotqa,6,8008,0.748,0.5694,0.6012,0.621,0.6389,0.6706
rag,Mistral-24B/hotpotqa,7,11440,0.7341,0.5794,0.6052,0.623,0.6409,0.6667
rag,Mistral-24B/hotpotqa,8,12870,0.7202,0.5873,0.6091,0.625,0.6409,0.6627
rag,Mistral-24B/hotpotqa,9,11440,0.7183,0.5933,0.6131,0.627,0.6409,0.6607
rag,Mistral-24B/hotpotqa,10,8008,0.6984,0.5992,0.6151,0.629,0.6409,0.6567
rag,Mistral-24B/hotpotqa,11,4368,0.6786,0.6032,0.619,0.629,0.6409,0.6548
rag,Mistral-24B/hotpotqa,12,1820,0.6726,0.6091,0.621,0.631,0.6409,0.6548
rag,Mistral-24B/hotpotqa,13,560,0.6647,0.6131,0.625,0.6329,0.6409,0.6508
rag,Mistral-24B/hotpotqa,14,120,0.6587,0.619,0.627,0.6329,0.6389,0.6488
rag,Mistral-24B/hotpotqa,15,16,0.6448,0.6235,0.6285,0.6319,0.6369,0.6434
rag,Mistral-24B/hotpotqa,16,1,0.631,0.631,0.631,0.631,0.631,0.631
rag,Mistral-24B/narrativeqa,3,364,0.6704,0.4558,0.5281,0.5547,0.5817,0.6163
rag,Mistral-24B/narrativeqa,4,1001,0.6734,0.4565,0.5208,0.5544,0.5882,0.626
rag,Mistral-24B/narrativeqa,5,2002,0.659,0.4652,0.531,0.5622,0.5869,0.6168
rag,Mistral-24B/narrativeqa,6,3003,0.6407,0.4753,0.5365,0.5653,0.5866,0.6127
rag,Mistral-24B/narrativeqa,7,3432,0.6386,0.4857,0.5409,0.5665,0.5869,0.6093
rag,Mistral-24B/narrativeqa,8,3003,0.6316,0.51,0.5451,0.5692,0.5885,0.6068
rag,Mistral-24B/narrativeqa,9,2002,0.6236,0.5212,0.5489,0.5712,0.5891,0.6047
rag,Mistral-24B/narrativeqa,10,1001,0.6139,0.5275,0.5509,0.574,0.589,0.6028
rag,Mistral-24B/narrativeqa,11,364,0.6083,0.5336,0.5506,0.5776,0.5885,0.5994
rag,Mistral-24B/narrativeqa,12,91,0.6041,0.5427,0.553,0.5807,0.5869,0.5951
rag,Mistral-24B/narrativeqa,13,14,0.5905,0.552,0.5538,0.5595,0.5862,0.5902
rag,Mistral-24B/narrativeqa,14,1,0.5644,0.5644,0.5644,0.5644,0.5644,0.5644
rag,Mistral-24B/natural-questions,3,560,0.7175,0.3046,0.3619,0.4127,0.4762,0.6194
rag,Mistral-24B/natural-questions,4,1820,0.7714,0.3016,0.3587,0.3968,0.454,0.619
rag,Mistral-24B/natural-questions,5,4368,0.7429,0.3016,0.3492,0.3873,0.4317,0.5968
rag,Mistral-24B/natural-questions,6,8008,0.7619,0.3016,0.346,0.381,0.4222,0.5587
rag,Mistral-24B/natural-questions,7,11440,0.7556,0.3016,0.346,0.381,0.4127,0.5111
rag,Mistral-24B/natural-questions,8,12870,0.746,0.3079,0.346,0.3778,0.4127,0.4889
rag,Mistral-24B/natural-questions,9,11440,0.7238,0.3111,0.3524,0.3778,0.4095,0.4762
rag,Mistral-24B/natural-questions,10,8008,0.7143,0.3175,0.3556,0.381,0.4063,0.454
rag,Mistral-24B/natural-questions,11,4368,0.6921,0.3206,0.3556,0.381,0.4032,0.4381
rag,Mistral-24B/natural-questions,12,1820,0.6413,0.327,0.3587,0.381,0.4,0.4254
rag,Mistral-24B/natural-questions,13,560,0.4381,0.3333,0.3619,0.381,0.4,0.419
rag,Mistral-24B/natural-questions,14,120,0.4349,0.3427,0.3675,0.3841,0.3968,0.4098
rag,Mistral-24B/natural-questions,15,16,0.4032,0.3571,0.377,0.3905,0.3944,0.4008
rag,Mistral-24B/natural-questions,16,1,0.4032,0.4032,0.4032,0.4032,0.4032,0.4032
rag,Qwen-72B/2wikimultihopqa,3,455,0.6681,0.4231,0.4681,0.5165,0.5639,0.613
rag,Qwen-72B/2wikimultihopqa,4,1365,0.6648,0.4264,0.4706,0.5193,0.5639,0.6038
rag,Qwen-72B/2wikimultihopqa,5,3003,0.6488,0.4292,0.4739,0.5186,0.5599,0.5963
rag,Qwen-72B/2wikimultihopqa,6,5005,0.6496,0.4344,0.4757,0.5174,0.5559,0.5899
rag,Qwen-72B/2wikimultihopqa,7,6435,0.6431,0.4371,0.4769,0.5154,0.5519,0.5825
rag,Qwen-72B/2wikimultihopqa,8,6435,0.6185,0.4404,0.4788,0.5157,0.5475,0.5766
rag,Qwen-72B/2wikimultihopqa,9,5005,0.5989,0.4441,0.4816,0.5144,0.5437,0.571
rag,Qwen-72B/2wikimultihopqa,10,3003,0.5969,0.4483,0.4853,0.5138,0.539,0.5653
rag,Qwen-72B/2wikimultihopqa,11,1365,0.5875,0.4531,0.4891,0.5137,0.535,0.5581
rag,Qwen-72B/2wikimultihopqa,12,455,0.5698,0.4608,0.4943,0.5114,0.5308,0.5504
rag,Qwen-72B/2wikimultihopqa,13,105,0.5549,0.4719,0.495,0.5107,0.5248,0.5424
rag,Qwen-72B/2wikimultihopqa,14,15,0.532,0.4866,0.4949,0.5099,0.5181,0.5294
rag,Qwen-72B/2wikimultihopqa,15,1,0.5072,0.5072,0.5072,0.5072,0.5072,0.5072
rag,Qwen-72B/hotpotqa,3,455,0.7864,0.5398,0.6314,0.6807,0.7165,0.7562
rag,Qwen-72B/hotpotqa,4,1365,0.7873,0.5403,0.6503,0.7033,0.7337,0.7625
rag,Qwen-72B/hotpotqa,5,3003,0.7907,0.5654,0.6713,0.7152,0.7405,0.7644
rag,Qwen-72B/hotpotqa,6,5005,0.7918,0.6049,0.6861,0.7224,0.7445,0.7663
rag,Qwen-72B/hotpotqa,7,6435,0.7918,0.6345,0.7028,0.7297,0.7488,0.7682
rag,Qwen-72B/hotpotqa,8,6435,0.7926,0.6614,0.7154,0.7364,0.7528,0.769
rag,Qwen-72B/hotpotqa,9,5005,0.7988,0.6829,0.7249,0.7413,0.7555,0.77
rag,Qwen-72B/hotpotqa,10,3003,0.7913,0.7033,0.7308,0.745,0.7574,0.7706
rag,Qwen-72B/hotpotqa,11,1365,0.7883,0.716,0.7361,0.7488,0.7587,0.7703
rag,Qwen-72B/hotpotqa,12,455,0.7835,0.724,0.7425,0.7512,0.7604,0.7704
rag,Qwen-72B/hotpotqa,13,105,0.7778,0.7356,0.7474,0.7534,0.7617,0.7713
rag,Qwen-72B/hotpotqa,14,15,0.77,0.7467,0.752,0.7585,0.7618,0.7697
rag,Qwen-72B/hotpotqa,15,1,0.7598,0.7598,0.7598,0.7598,0.7598,0.7598
rag,Qwen-72B/narrativeqa,3,364,0.6742,0.5064,0.5487,0.5797,0.6149,0.6492
rag,Qwen-72B/narrativeqa,4,1001,0.6718,0.5145,0.557,0.5873,0.6144,0.6471
rag,Qwen-72B/narrativeqa,5,2002,0.6718,0.5219,0.5628,0.5907,0.6153,0.6457
rag,Qwen-72B/narrativeqa,6,3003,0.6683,0.5286,0.5672,0.594,0.6165,0.6441
rag,Qwen-72B/narrativeqa,7,3432,0.6666,0.5324,0.5709,0.596,0.6175,0.6402
rag,Qwen-72B/narrativeqa,8,3003,0.6597,0.5339,0.572,0.5984,0.6168,0.6371
rag,Qwen-72B/narrativeqa,9,2002,0.6583,0.5376,0.5762,0.5996,0.6162,0.6343
rag,Qwen-72B/narrativeqa,10,1001,0.6431,0.5417,0.5826,0.6015,0.6158,0.6294
rag,Qwen-72B/narrativeqa,11,364,0.6364,0.5506,0.5901,0.6018,0.6148,0.625
rag,Qwen-72B/narrativeqa,12,91,0.6265,0.5681,0.5933,0.6026,0.6125,0.6203
rag,Qwen-72B/narrativeqa,13,14,0.6173,0.5839,0.5968,0.6022,0.6103,0.6163
rag,Qwen-72B/narrativeqa,14,1,0.604,0.604,0.604,0.604,0.604,0.604
rag,Qwen-72B/natural-questions,3,286,0.6736,0.4823,0.5564,0.5883,0.6185,0.6491
rag,Qwen-72B/natural-questions,4,715,0.6922,0.5041,0.5723,0.6025,0.6248,0.6541
rag,Qwen-72B/natural-questions,5,1287,0.683,0.5172,0.5833,0.6095,0.6287,0.6581
rag,Qwen-72B/natural-questions,6,1716,0.6846,0.5521,0.5921,0.6164,0.6336,0.6614
rag,Qwen-72B/natural-questions,7,1716,0.6836,0.5707,0.6036,0.6236,0.6388,0.6626
rag,Qwen-72B/natural-questions,8,1287,0.683,0.5877,0.6132,0.63,0.6443,0.6619
rag,Qwen-72B/natural-questions,9,715,0.6748,0.5997,0.6226,0.6364,0.6477,0.6609
rag,Qwen-72B/natural-questions,10,286,0.6711,0.615,0.6281,0.64,0.6504,0.6602
rag,Qwen-72B/natural-questions,11,78,0.6684,0.6161,0.6335,0.6451,0.6528,0.6609
rag,Qwen-72B/natural-questions,12,13,0.6611,0.632,0.6373,0.6434,0.6534,0.6592
rag,Qwen-72B/natural-questions,13,1,0.6553,0.6553,0.6553,0.6553,0.6553,0.6553
rag,Qwen-7B/2wikimultihopqa,3,560,0.7384,0.3626,0.4639,0.5361,0.5968,0.6794
rag,Qwen-7B/2wikimultihopqa,4,1820,0.7604,0.3599,0.4579,0.5327,0.5911,0.6625
rag,Qwen-7B/2wikimultihopqa,5,4368,0.7669,0.3725,0.4647,0.5287,0.5847,0.6585
rag,Qwen-7B/2wikimultihopqa,6,8008,0.7741,0.38,0.4651,0.5242,0.577,0.6537
rag,Qwen-7B/2wikimultihopqa,7,11440,0.756,0.3872,0.4679,0.5225,0.571,0.6469
rag,Qwen-7B/2wikimultihopqa,8,12870,0.7516,0.3945,0.4751,0.5233,0.5658,0.6364
rag,Qwen-7B/2wikimultihopqa,9,11440,0.7408,0.4005,0.4811,0.5241,0.5618,0.6248
rag,Qwen-7B/2wikimultihopqa,10,8008,0.7356,0.4081,0.4892,0.5265,0.5595,0.6075
rag,Qwen-7B/2wikimultihopqa,11,4368,0.7123,0.4177,0.4984,0.5285,0.559,0.5995
rag,Qwen-7B/2wikimultihopqa,12,1820,0.7051,0.4265,0.5064,0.5327,0.5578,0.5875
rag,Qwen-7B/2wikimultihopqa,13,560,0.6461,0.4654,0.5144,0.5413,0.5586,0.5779
rag,Qwen-7B/2wikimultihopqa,14,120,0.5851,0.4968,0.5229,0.549,0.5586,0.5739
rag,Qwen-7B/2wikimultihopqa,15,16,0.5718,0.5178,0.5471,0.5512,0.557,0.5655
rag,Qwen-7B/2wikimultihopqa,16,1,0.5554,0.5554,0.5554,0.5554,0.5554,0.5554
rag,Qwen-7B/hotpotqa,3,560,0.7788,0.4359,0.5272,0.5881,0.6429,0.7188
rag,Qwen-7B/hotpotqa,4,1820,0.7649,0.4459,0.5334,0.5915,0.65,0.7262
rag,Qwen-7B/hotpotqa,5,4368,0.7727,0.4532,0.5353,0.5985,0.6576,0.721
rag,Qwen-7B/hotpotqa,6,8008,0.7714,0.4589,0.5407,0.6037,0.6595,0.7152
rag,Qwen-7B/hotpotqa,7,11440,0.7706,0.458,0.545,0.61,0.6608,0.7117
rag,Qwen-7B/hotpotqa,8,12870,0.7693,0.4571,0.5485,0.6188,0.6645,0.7117
rag,Qwen-7B/hotpotqa,9,11440,0.7597,0.4515,0.5528,0.6264,0.6675,0.7113
rag,Qwen-7B/hotpotqa,10,8008,0.7693,0.4447,0.5519,0.6314,0.6716,0.7121
rag,Qwen-7B/hotpotqa,11,4368,0.7519,0.4391,0.5532,0.6394,0.6779,0.7117
rag,Qwen-7B/hotpotqa,12,1820,0.7433,0.4312,0.5554,0.6494,0.6853,0.7113
rag,Qwen-7B/hotpotqa,13,560,0.742,0.4337,0.5577,0.6606,0.6913,0.71
rag,Qwen-7B/hotpotqa,14,120,0.7221,0.4369,0.6269,0.6777,0.6945,0.7087
rag,Qwen-7B/hotpotqa,15,16,0.7121,0.4513,0.6789,0.6868,0.7008,0.7108
rag,Qwen-7B/hotpotqa,16,1,0.6944,0.6944,0.6944,0.6944,0.6944,0.6944
rag,Qwen-7B/narrativeqa,3,560,0.7001,0.4323,0.5265,0.5917,0.6389,0.6781
rag,Qwen-7B/narrativeqa,4,1820,0.7093,0.4229,0.535,0.6017,0.6413,0.6801
rag,Qwen-7B/narrativeqa,5,4368,0.7191,0.437,0.5438,0.6063,0.6435,0.68
rag,Qwen-7B/narrativeqa,6,8008,0.7239,0.45,0.5531,0.6113,0.6444,0.6806
rag,Qwen-7B/narrativeqa,7,11440,0.7219,0.456,0.56,0.6146,0.6435,0.68
rag,Qwen-7B/narrativeqa,8,12870,0.7236,0.4668,0.5725,0.6171,0.6422,0.6775
rag,Qwen-7B/narrativeqa,9,11440,0.7234,0.4802,0.5828,0.6194,0.6404,0.6722
rag,Qwen-7B/narrativeqa,10,8008,0.7162,0.5158,0.5914,0.6209,0.6387,0.6655
rag,Qwen-7B/narrativeqa,11,4368,0.7108,0.5411,0.5983,0.6218,0.637,0.6577
rag,Qwen-7B/narrativeqa,12,1820,0.6932,0.5597,0.6035,0.622,0.6354,0.6515
rag,Qwen-7B/narrativeqa,13,560,0.6675,0.5754,0.6055,0.6217,0.6334,0.6463
rag,Qwen-7B/narrativeqa,14,120,0.6567,0.581,0.6128,0.6211,0.6307,0.6411
rag,Qwen-7B/narrativeqa,15,16,0.638,0.604,0.6215,0.624,0.6287,0.633
rag,Qwen-7B/narrativeqa,16,1,0.6285,0.6285,0.6285,0.6285,0.6285,0.6285
rag,Qwen-7B/natural-questions,3,560,0.7322,0.4367,0.5326,0.5781,0.6294,0.6848
rag,Qwen-7B/natural-questions,4,1820,0.7599,0.4526,0.5316,0.587,0.6364,0.6877
rag,Qwen-7B/natural-questions,5,4368,0.752,0.4727,0.5415,0.5919,0.6383,0.6868
rag,Qwen-7B/natural-questions,6,8008,0.7411,0.4881,0.5494,0.5968,0.6374,0.6844
rag,Qwen-7B/natural-questions,7,11440,0.7372,0.5,0.5583,0.6047,0.6383,0.6808
rag,Qwen-7B/natural-questions,8,12870,0.7253,0.5089,0.5662,0.6097,0.6393,0.6779
rag,Qwen-7B/natural-questions,9,11440,0.7194,0.5198,0.5771,0.6146,0.6393,0.6759
rag,Qwen-7B/natural-questions,10,8008,0.7164,0.5316,0.5899,0.6176,0.6413,0.6739
rag,Qwen-7B/natural-questions,11,4368,0.7075,0.5464,0.5978,0.6206,0.6453,0.6729
rag,Qwen-7B/natural-questions,12,1820,0.6976,0.5711,0.6038,0.6235,0.6492,0.6729
rag,Qwen-7B/natural-questions,13,560,0.6828,0.584,0.6087,0.628,0.6522,0.67
rag,Qwen-7B/natural-questions,14,120,0.67,0.5958,0.6156,0.6319,0.6532,0.663
rag,Qwen-7B/natural-questions,15,16,0.6601,0.6114,0.6255,0.6462,0.6519,0.6564
rag,Qwen-7B/natural-questions,16,1,0.6423,0.6423,0.6423,0.6423,0.6423,0.6423
repgrid,ars_gsm8k_r1distill8b,3,560,0.7676,0.3669,0.4603,0.5632,0.6463,0.7139
repgrid,ars_gsm8k_r1distill8b,4,1820,0.7779,0.3442,0.4359,0.5721,0.6713,0.7271
repgrid,ars_gsm8k_r1distill8b,5,4368,0.779,0.3445,0.4305,0.5843,0.678,0.7313
repgrid,ars_gsm8k_r1distill8b,6,8008,0.7783,0.3424,0.4227,0.5858,0.6797,0.7356
repgrid,ars_gsm8k_r1distill8b,7,11440,0.7769,0.3415,0.4173,0.5896,0.6815,0.7382
repgrid,ars_gsm8k_r1distill8b,8,12870,0.7768,0.3413,0.4108,0.5933,0.6813,0.7376
repgrid,ars_gsm8k_r1distill8b,9,11440,0.7774,0.3423,0.4052,0.5953,0.6795,0.7357
repgrid,ars_gsm8k_r1distill8b,10,8008,0.776,0.3458,0.4015,0.6071,0.6769,0.7317
repgrid,ars_gsm8k_r1distill8b,11,4368,0.7693,0.35,0.4011,0.6157,0.6734,0.7268
repgrid,ars_gsm8k_r1distill8b,12,1820,0.758,0.3517,0.3971,0.6219,0.6699,0.7178
repgrid,ars_gsm8k_r1distill8b,13,560,0.7499,0.3501,0.388,0.6179,0.6642,0.707
repgrid,ars_gsm8k_r1distill8b,14,120,0.7229,0.3521,0.3762,0.6345,0.6595,0.6958
repgrid,ars_gsm8k_r1distill8b,15,16,0.6587,0.3515,0.3722,0.5252,0.6564,0.6577
repgrid,ars_gsm8k_r1distill8b,16,1,0.3643,0.3643,0.3643,0.3643,0.3643,0.3643
repgrid,epr_triviaqa_mistral24b,3,364,0.7361,0.5494,0.584,0.6178,0.6635,0.7001
repgrid,epr_triviaqa_mistral24b,4,1001,0.7384,0.5654,0.5979,0.6303,0.6722,0.705
repgrid,epr_triviaqa_mistral24b,5,2002,0.7358,0.5809,0.61,0.6458,0.6716,0.7058
repgrid,epr_triviaqa_mistral24b,6,3003,0.7345,0.5924,0.6189,0.6529,0.6726,0.703
repgrid,epr_triviaqa_mistral24b,7,3432,0.7207,0.6008,0.6278,0.6555,0.6768,0.7003
repgrid,epr_triviaqa_mistral24b,8,3003,0.7173,0.6068,0.6367,0.6569,0.6805,0.697
repgrid,epr_triviaqa_mistral24b,9,2002,0.7107,0.6133,0.6428,0.6593,0.6805,0.6937
repgrid,epr_triviaqa_mistral24b,10,1001,0.7098,0.6198,0.6466,0.6627,0.6794,0.6898
repgrid,epr_triviaqa_mistral24b,11,364,0.696,0.628,0.6486,0.6715,0.6779,0.6873
repgrid,epr_triviaqa_mistral24b,12,91,0.6882,0.6347,0.6563,0.6735,0.6765,0.6811
repgrid,epr_triviaqa_mistral24b,13,14,0.6783,0.6514,0.6711,0.6741,0.6748,0.6772
repgrid,epr_triviaqa_mistral24b,14,1,0.6733,0.6733,0.6733,0.6733,0.6733,0.6733
repgrid,inside_coqa_llama7b,3,455,0.6862,0.3903,0.4336,0.4727,0.5253,0.6032
repgrid,inside_coqa_llama7b,4,1365,0.7227,0.3906,0.4376,0.4773,0.5256,0.596
repgrid,inside_coqa_llama7b,5,3003,0.6841,0.394,0.4387,0.4763,0.521,0.5847
repgrid,inside_coqa_llama7b,6,5005,0.6716,0.4015,0.4414,0.4744,0.5145,0.5742
repgrid,inside_coqa_llama7b,7,6435,0.6605,0.4064,0.4439,0.4742,0.5109,0.5656
repgrid,inside_coqa_llama7b,8,6435,0.6362,0.413,0.447,0.4731,0.5051,0.5567
repgrid,inside_coqa_llama7b,9,5005,0.6128,0.4198,0.4502,0.4746,0.5019,0.5483
repgrid,inside_coqa_llama7b,10,3003,0.6048,0.4264,0.4544,0.475,0.5001,0.541
repgrid,inside_coqa_llama7b,11,1365,0.5681,0.4334,0.459,0.4789,0.5001,0.5354
repgrid,inside_coqa_llama7b,12,455,0.5546,0.443,0.4634,0.4788,0.5011,0.5276
repgrid,inside_coqa_llama7b,13,105,0.5309,0.4496,0.4645,0.4844,0.4995,0.5195
repgrid,inside_coqa_llama7b,14,15,0.5147,0.4546,0.4693,0.4788,0.4911,0.5087
repgrid,inside_coqa_llama7b,15,1,0.4608,0.4608,0.4608,0.4608,0.4608,0.4608
repgrid,internalstates_gsm8k_qwen25_7b,3,560,0.7161,0.5286,0.6188,0.6412,0.6655,0.6924
repgrid,internalstates_gsm8k_qwen25_7b,4,1820,0.7249,0.5732,0.6319,0.6578,0.6765,0.6979
repgrid,internalstates_gsm8k_qwen25_7b,5,4368,0.7265,0.5976,0.6434,0.6648,0.6822,0.7016
repgrid,internalstates_gsm8k_qwen25_7b,6,8008,0.7262,0.6132,0.6513,0.6707,0.6864,0.7039
repgrid,internalstates_gsm8k_qwen25_7b,7,11440,0.7263,0.6254,0.6569,0.674,0.6886,0.7054
repgrid,internalstates_gsm8k_qwen25_7b,8,12870,0.7283,0.6329,0.6608,0.6761,0.6902,0.7063
repgrid,internalstates_gsm8k_qwen25_7b,9,11440,0.7256,0.6405,0.6639,0.6775,0.6912,0.7067
repgrid,internalstates_gsm8k_qwen25_7b,10,8008,0.7232,0.6463,0.666,0.6785,0.6912,0.7065
repgrid,internalstates_gsm8k_qwen25_7b,11,4368,0.7219,0.6523,0.6679,0.6791,0.6905,0.706
repgrid,internalstates_gsm8k_qwen25_7b,12,1820,0.7169,0.6565,0.67,0.6798,0.6894,0.704
repgrid,internalstates_gsm8k_qwen25_7b,13,560,0.7134,0.6583,0.6722,0.6804,0.6879,0.7017
repgrid,internalstates_gsm8k_qwen25_7b,14,120,0.7051,0.6609,0.6755,0.6813,0.6859,0.6981
repgrid,internalstates_gsm8k_qwen25_7b,15,16,0.6867,0.6698,0.678,0.6804,0.6834,0.6856
repgrid,internalstates_gsm8k_qwen25_7b,16,1,0.6797,0.6797,0.6797,0.6797,0.6797,0.6797
repgrid,lapeigvals_gsm8k_llama3b,3,560,0.7026,0.5491,0.5965,0.6257,0.644,0.6713
repgrid,lapeigvals_gsm8k_llama3b,4,1820,0.7095,0.5664,0.6068,0.6321,0.6546,0.6782
repgrid,lapeigvals_gsm8k_llama3b,5,4368,0.7096,0.5836,0.6168,0.6375,0.6588,0.6796
repgrid,lapeigvals_gsm8k_llama3b,6,8008,0.7031,0.5928,0.6222,0.6414,0.6603,0.6791
repgrid,lapeigvals_gsm8k_llama3b,7,11440,0.6976,0.6017,0.6269,0.6441,0.6611,0.6783
repgrid,lapeigvals_gsm8k_llama3b,8,12870,0.6973,0.6079,0.63,0.6461,0.6615,0.6768
repgrid,lapeigvals_gsm8k_llama3b,9,11440,0.6948,0.6128,0.6329,0.6474,0.6614,0.6751
repgrid,lapeigvals_gsm8k_llama3b,10,8008,0.689,0.6181,0.6354,0.6485,0.6609,0.6733
repgrid,lapeigvals_gsm8k_llama3b,11,4368,0.6842,0.6236,0.6375,0.6488,0.66,0.6718
repgrid,lapeigvals_gsm8k_llama3b,12,1820,0.6804,0.6277,0.6396,0.6488,0.6582,0.6695
repgrid,lapeigvals_gsm8k_llama3b,13,560,0.6755,0.6326,0.6416,0.6488,0.6564,0.6669
repgrid,lapeigvals_gsm8k_llama3b,14,120,0.6707,0.6364,0.6439,0.6483,0.6531,0.6619
repgrid,lapeigvals_gsm8k_llama3b,15,16,0.6599,0.6399,0.6472,0.6485,0.6504,0.6567
repgrid,lapeigvals_gsm8k_llama3b,16,1,0.6483,0.6483,0.6483,0.6483,0.6483,0.6483
repgrid,lapeigvals_gsm8k_llama8b,3,560,0.819,0.612,0.693,0.734,0.7721,0.8034
repgrid,lapeigvals_gsm8k_llama8b,4,1820,0.8279,0.6676,0.7331,0.7603,0.7828,0.8045
repgrid,lapeigvals_gsm8k_llama8b,5,4368,0.8268,0.7057,0.7488,0.7706,0.789,0.8052
repgrid,lapeigvals_gsm8k_llama8b,6,8008,0.8261,0.7287,0.759,0.7778,0.7924,0.8064
repgrid,lapeigvals_gsm8k_llama8b,7,11440,0.8263,0.7412,0.7662,0.782,0.7945,0.807
repgrid,lapeigvals_gsm8k_llama8b,8,12870,0.8238,0.7493,0.7711,0.7849,0.7963,0.8075
repgrid,lapeigvals_gsm8k_llama8b,9,11440,0.8221,0.7552,0.7748,0.7867,0.7971,0.808
repgrid,lapeigvals_gsm8k_llama8b,10,8008,0.8175,0.7609,0.7776,0.7884,0.7978,0.8079
repgrid,lapeigvals_gsm8k_llama8b,11,4368,0.8163,0.7659,0.7801,0.7893,0.798,0.8075
repgrid,lapeigvals_gsm8k_llama8b,12,1820,0.8135,0.771,0.7822,0.7906,0.7988,0.8065
repgrid,lapeigvals_gsm8k_llama8b,13,560,0.8113,0.7755,0.7847,0.7916,0.7988,0.8048
repgrid,lapeigvals_gsm8k_llama8b,14,120,0.8098,0.7797,0.7865,0.7945,0.7984,0.8027
repgrid,lapeigvals_gsm8k_llama8b,15,16,0.7992,0.7808,0.7894,0.7948,0.798,0.799
repgrid,lapeigvals_gsm8k_llama8b,16,1,0.7945,0.7945,0.7945,0.7945,0.7945,0.7945
repgrid,lapeigvals_gsm8k_mistral24b,3,560,0.8557,0.623,0.7138,0.7678,0.7945,0.8284
repgrid,lapeigvals_gsm8k_mistral24b,4,1820,0.8517,0.6497,0.7466,0.7822,0.8053,0.8298
repgrid,lapeigvals_gsm8k_mistral24b,5,4368,0.856,0.7013,0.7649,0.7921,0.8122,0.8336
repgrid,lapeigvals_gsm8k_mistral24b,6,8008,0.8582,0.7317,0.7763,0.7975,0.8147,0.8344
repgrid,lapeigvals_gsm8k_mistral24b,7,11440,0.8633,0.754,0.7844,0.8019,0.8164,0.8345
repgrid,lapeigvals_gsm8k_mistral24b,8,12870,0.8655,0.7662,0.7901,0.8048,0.8182,0.8346
repgrid,lapeigvals_gsm8k_mistral24b,9,11440,0.8684,0.7756,0.7941,0.8068,0.8193,0.8346
repgrid,lapeigvals_gsm8k_mistral24b,10,8008,0.8693,0.7816,0.7972,0.8085,0.8199,0.8351
repgrid,lapeigvals_gsm8k_mistral24b,11,4368,0.8557,0.7861,0.7989,0.8095,0.8206,0.8351
repgrid,lapeigvals_gsm8k_mistral24b,12,1820,0.8482,0.7904,0.8008,0.81,0.8205,0.8341
repgrid,lapeigvals_gsm8k_mistral24b,13,560,0.8443,0.7932,0.802,0.8088,0.8189,0.8329
repgrid,lapeigvals_gsm8k_mistral24b,14,120,0.8381,0.7977,0.8028,0.8079,0.8152,0.8304
repgrid,lapeigvals_gsm8k_mistral24b,15,16,0.8281,0.7992,0.8041,0.8063,0.8101,0.8257
repgrid,lapeigvals_gsm8k_mistral24b,16,1,0.8079,0.8079,0.8079,0.8079,0.8079,0.8079
repgrid,lapeigvals_gsm8k_nemo,3,560,0.8051,0.4468,0.6087,0.6769,0.7131,0.7613
repgrid,lapeigvals_gsm8k_nemo,4,1820,0.8045,0.4519,0.6324,0.6871,0.7296,0.7695
repgrid,lapeigvals_gsm8k_nemo,5,4368,0.8072,0.4607,0.6469,0.6984,0.7375,0.772
repgrid,lapeigvals_gsm8k_nemo,6,8008,0.8123,0.47,0.656,0.7042,0.7416,0.7753
repgrid,lapeigvals_gsm8k_nemo,7,11440,0.8126,0.5394,0.6636,0.7075,0.744,0.7763
repgrid,lapeigvals_gsm8k_nemo,8,12870,0.8127,0.5973,0.6688,0.7104,0.746,0.7768
repgrid,lapeigvals_gsm8k_nemo,9,11440,0.814,0.6173,0.6744,0.7132,0.7477,0.7767
repgrid,lapeigvals_gsm8k_nemo,10,8008,0.8116,0.6282,0.6791,0.7156,0.749,0.7766
repgrid,lapeigvals_gsm8k_nemo,11,4368,0.8049,0.6363,0.6822,0.7192,0.7484,0.7756
repgrid,lapeigvals_gsm8k_nemo,12,1820,0.7924,0.6431,0.69,0.7215,0.7466,0.774
repgrid,lapeigvals_gsm8k_nemo,13,560,0.7818,0.6499,0.6993,0.7242,0.7427,0.7718
repgrid,lapeigvals_gsm8k_nemo,14,120,0.7798,0.66,0.7077,0.726,0.7419,0.7667
repgrid,lapeigvals_gsm8k_nemo,15,16,0.7623,0.684,0.7172,0.7252,0.7366,0.7487
repgrid,lapeigvals_gsm8k_nemo,16,1,0.7389,0.7389,0.7389,0.7389,0.7389,0.7389
repgrid,lapeigvals_gsm8k_phi35,3,560,0.8099,0.452,0.6245,0.6766,0.7182,0.7719
repgrid,lapeigvals_gsm8k_phi35,4,1820,0.8162,0.5101,0.6476,0.6948,0.7355,0.7773
repgrid,lapeigvals_gsm8k_phi35,5,4368,0.8173,0.577,0.664,0.7063,0.7423,0.7792
repgrid,lapeigvals_gsm8k_phi35,6,8008,0.8176,0.6103,0.6744,0.7131,0.7454,0.7795
repgrid,lapeigvals_gsm8k_phi35,7,11440,0.8119,0.6345,0.6841,0.7191,0.7479,0.7805
repgrid,lapeigvals_gsm8k_phi35,8,12870,0.8079,0.6483,0.6911,0.7222,0.7497,0.7804
repgrid,lapeigvals_gsm8k_phi35,9,11440,0.8054,0.6599,0.6973,0.7243,0.7509,0.7801
repgrid,lapeigvals_gsm8k_phi35,10,8008,0.7979,0.6675,0.7019,0.7264,0.7517,0.7782
repgrid,lapeigvals_gsm8k_phi35,11,4368,0.7909,0.6759,0.7069,0.7289,0.7513,0.7757
repgrid,lapeigvals_gsm8k_phi35,12,1820,0.7832,0.6853,0.7148,0.7319,0.7498,0.7731
repgrid,lapeigvals_gsm8k_phi35,13,560,0.7793,0.691,0.7193,0.7329,0.7469,0.7691
repgrid,lapeigvals_gsm8k_phi35,14,120,0.7756,0.7056,0.7206,0.7349,0.7427,0.767
repgrid,lapeigvals_gsm8k_phi35,15,16,0.7627,0.7171,0.7238,0.7348,0.7386,0.7478
repgrid,lapeigvals_gsm8k_phi35,16,1,0.7357,0.7357,0.7357,0.7357,0.7357,0.7357
repgrid,losnet_hotpotqa_mistral7b,3,560,0.6091,0.4763,0.5074,0.5285,0.5502,0.5835
repgrid,losnet_hotpotqa_mistral7b,4,1820,0.6084,0.4819,0.512,0.5345,0.5559,0.5857
repgrid,losnet_hotpotqa_mistral7b,5,4368,0.6093,0.4909,0.516,0.5367,0.5553,0.582
repgrid,losnet_hotpotqa_mistral7b,6,8008,0.6107,0.494,0.5182,0.5373,0.5543,0.5791
repgrid,losnet_hotpotqa_mistral7b,7,11440,0.6096,0.4978,0.5208,0.5382,0.5538,0.5767
repgrid,losnet_hotpotqa_mistral7b,8,12870,0.6081,0.5017,0.5228,0.5384,0.5527,0.5737
repgrid,losnet_hotpotqa_mistral7b,9,11440,0.6052,0.5051,0.5239,0.538,0.5522,0.5707
repgrid,losnet_hotpotqa_mistral7b,10,8008,0.6019,0.5089,0.5249,0.5377,0.5519,0.5678
repgrid,losnet_hotpotqa_mistral7b,11,4368,0.5914,0.5134,0.5261,0.538,0.5513,0.5653
repgrid,losnet_hotpotqa_mistral7b,12,1820,0.5814,0.5169,0.528,0.5388,0.5506,0.5625
repgrid,losnet_hotpotqa_mistral7b,13,560,0.5771,0.5212,0.5293,0.5394,0.5493,0.5597
repgrid,losnet_hotpotqa_mistral7b,14,120,0.5655,0.5259,0.5315,0.5398,0.5498,0.5559
repgrid,losnet_hotpotqa_mistral7b,15,16,0.5517,0.5285,0.5319,0.5407,0.5462,0.5511
repgrid,losnet_hotpotqa_mistral7b,16,1,0.5434,0.5434,0.5434,0.5434,0.5434,0.5434
repgrid,noise_gsm8k_mistral7b,3,560,0.8079,0.5051,0.6321,0.6846,0.7298,0.7707
repgrid,noise_gsm8k_mistral7b,4,1820,0.815,0.5522,0.6533,0.7055,0.7423,0.7842
repgrid,noise_gsm8k_mistral7b,5,4368,0.815,0.5841,0.6682,0.7151,0.7472,0.7875
repgrid,noise_gsm8k_mistral7b,6,8008,0.8183,0.6053,0.6776,0.7193,0.7495,0.7879
repgrid,noise_gsm8k_mistral7b,7,11440,0.8183,0.6196,0.6826,0.7215,0.7506,0.787
repgrid,noise_gsm8k_mistral7b,8,12870,0.8173,0.6329,0.6834,0.7227,0.7527,0.7848
repgrid,noise_gsm8k_mistral7b,9,11440,0.8155,0.6461,0.6856,0.7241,0.7551,0.7836
repgrid,noise_gsm8k_mistral7b,10,8008,0.8141,0.6564,0.6891,0.7252,0.7571,0.782
repgrid,noise_gsm8k_mistral7b,11,4368,0.8082,0.6654,0.6932,0.7259,0.7573,0.7798
repgrid,noise_gsm8k_mistral7b,12,1820,0.7947,0.6741,0.6981,0.7262,0.7545,0.777
repgrid,noise_gsm8k_mistral7b,13,560,0.7833,0.6811,0.7049,0.7267,0.7511,0.7714
repgrid,noise_gsm8k_mistral7b,14,120,0.773,0.6854,0.7107,0.7271,0.7456,0.7695
repgrid,noise_gsm8k_mistral7b,15,16,0.7636,0.7034,0.7167,0.7217,0.7329,0.7632
repgrid,noise_gsm8k_mistral7b,16,1,0.7201,0.7201,0.7201,0.7201,0.7201,0.7201
repgrid,noise_gsm8k_phi3mini,3,560,0.6798,0.4517,0.516,0.5787,0.6151,0.652
repgrid,noise_gsm8k_phi3mini,4,1820,0.6899,0.4375,0.5033,0.5851,0.6214,0.6617
repgrid,noise_gsm8k_phi3mini,5,4368,0.6908,0.4379,0.5048,0.5898,0.6235,0.6627
repgrid,noise_gsm8k_phi3mini,6,8008,0.6909,0.4358,0.5024,0.593,0.6249,0.6609
repgrid,noise_gsm8k_phi3mini,7,11440,0.6928,0.4339,0.4942,0.5946,0.6242,0.6598
repgrid,noise_gsm8k_phi3mini,8,12870,0.6902,0.4338,0.4915,0.5955,0.6236,0.6585
repgrid,noise_gsm8k_phi3mini,9,11440,0.6935,0.4333,0.4804,0.5961,0.6239,0.6556
repgrid,noise_gsm8k_phi3mini,10,8008,0.6862,0.4322,0.4717,0.5967,0.6232,0.6521
repgrid,noise_gsm8k_phi3mini,11,4368,0.6783,0.432,0.4723,0.5975,0.6211,0.6482
repgrid,noise_gsm8k_phi3mini,12,1820,0.6678,0.4327,0.5731,0.5983,0.6184,0.6429
repgrid,noise_gsm8k_phi3mini,13,560,0.6516,0.4327,0.5864,0.5996,0.6147,0.639
repgrid,noise_gsm8k_phi3mini,14,120,0.6442,0.4389,0.5928,0.5989,0.6078,0.6275
repgrid,noise_gsm8k_phi3mini,15,16,0.6232,0.4394,0.5943,0.5986,0.603,0.6191
repgrid,noise_gsm8k_phi3mini,16,1,0.5988,0.5988,0.5988,0.5988,0.5988,0.5988
repgrid,sciq_llama8b,3,560,0.7609,0.5628,0.6269,0.6722,0.7041,0.7316
repgrid,sciq_llama8b,4,1820,0.758,0.5905,0.6556,0.6857,0.7099,0.7391
repgrid,sciq_llama8b,5,4368,0.7565,0.6132,0.6669,0.6937,0.7131,0.7393
repgrid,sciq_llama8b,6,8008,0.758,0.634,0.6778,0.6991,0.7162,0.739
repgrid,sciq_llama8b,7,11440,0.754,0.65,0.6858,0.7041,0.7194,0.7385
repgrid,sciq_llama8b,8,12870,0.7541,0.6632,0.6919,0.708,0.7221,0.7378
repgrid,sciq_llama8b,9,11440,0.7503,0.6724,0.6972,0.7111,0.7246,0.7369
repgrid,sciq_llama8b,10,8008,0.7444,0.6804,0.7017,0.7138,0.726,0.7359
repgrid,sciq_llama8b,11,4368,0.7421,0.6884,0.7057,0.7164,0.7266,0.7348
repgrid,sciq_llama8b,12,1820,0.7399,0.6947,0.7094,0.7185,0.7264,0.7335
repgrid,sciq_llama8b,13,560,0.7394,0.7019,0.7133,0.7201,0.7259,0.7318
repgrid,sciq_llama8b,14,120,0.7365,0.709,0.7176,0.7216,0.7245,0.7308
repgrid,sciq_llama8b,15,16,0.7305,0.7149,0.7199,0.7218,0.7234,0.7281
repgrid,sciq_llama8b,16,1,0.7215,0.7215,0.7215,0.7215,0.7215,0.7215
repgrid,se_nq_open_llama8b,3,364,0.7386,0.5411,0.5785,0.6188,0.6546,0.707
repgrid,se_nq_open_llama8b,4,1001,0.7428,0.565,0.6015,0.6321,0.6684,0.7078
repgrid,se_nq_open_llama8b,5,2002,0.7382,0.5804,0.6128,0.648,0.6729,0.7048
repgrid,se_nq_open_llama8b,6,3003,0.736,0.5976,0.6251,0.6536,0.6732,0.7069
repgrid,se_nq_open_llama8b,7,3432,0.7306,0.6033,0.6296,0.6555,0.6764,0.704
repgrid,se_nq_open_llama8b,8,3003,0.7223,0.6102,0.6366,0.6567,0.6786,0.6996
repgrid,se_nq_open_llama8b,9,2002,0.7156,0.6161,0.64,0.6592,0.6799,0.6959
repgrid,se_nq_open_llama8b,10,1001,0.7086,0.6193,0.6444,0.662,0.68,0.6919
repgrid,se_nq_open_llama8b,11,364,0.6958,0.6254,0.6515,0.6643,0.6785,0.6874
repgrid,se_nq_open_llama8b,12,91,0.6879,0.6336,0.654,0.6664,0.6775,0.6826
repgrid,se_nq_open_llama8b,13,14,0.6798,0.6489,0.6592,0.665,0.6752,0.678
repgrid,se_nq_open_llama8b,14,1,0.6638,0.6638,0.6638,0.6638,0.6638,0.6638
repgrid,se_squad_v2_llama8b,3,364,0.8095,0.604,0.6642,0.7001,0.7374,0.7843
repgrid,se_squad_v2_llama8b,4,1001,0.8146,0.6494,0.6978,0.7259,0.7532,0.7879
repgrid,se_squad_v2_llama8b,5,2002,0.8181,0.6845,0.716,0.7395,0.7634,0.7927
repgrid,se_squad_v2_llama8b,6,3003,0.8165,0.7016,0.7257,0.746,0.7679,0.7925
repgrid,se_squad_v2_llama8b,7,3432,0.8156,0.7113,0.7335,0.7518,0.7696,0.7914
repgrid,se_squad_v2_llama8b,8,3003,0.8126,0.7189,0.7395,0.7545,0.7706,0.7907
repgrid,se_squad_v2_llama8b,9,2002,0.8087,0.7269,0.7447,0.7573,0.7711,0.7893
repgrid,se_squad_v2_llama8b,10,1001,0.8006,0.7345,0.7487,0.7596,0.7708,0.7863
repgrid,se_squad_v2_llama8b,11,364,0.7926,0.7414,0.7532,0.7618,0.7714,0.7824
repgrid,se_squad_v2_llama8b,12,91,0.7877,0.7483,0.7568,0.7641,0.7703,0.7798
repgrid,se_squad_v2_llama8b,13,14,0.7772,0.7561,0.7586,0.7656,0.7686,0.7765
repgrid,se_squad_v2_llama8b,14,1,0.7674,0.7674,0.7674,0.7674,0.7674,0.7674
repgrid,seiclr_triviaqa_opt30b,3,455,0.6325,0.4467,0.4883,0.514,0.5467,0.5958
repgrid,seiclr_triviaqa_opt30b,4,1365,0.6304,0.4642,0.497,0.5206,0.5473,0.5836
repgrid,seiclr_triviaqa_opt30b,5,3003,0.6228,0.4769,0.5014,0.5225,0.5455,0.5771
repgrid,seiclr_triviaqa_opt30b,6,5005,0.6191,0.4854,0.5052,0.5249,0.5453,0.5725
repgrid,seiclr_triviaqa_opt30b,7,6435,0.6205,0.4898,0.5077,0.5257,0.544,0.5677
repgrid,seiclr_triviaqa_opt30b,8,6435,0.5964,0.4925,0.5099,0.527,0.5427,0.5628
repgrid,seiclr_triviaqa_opt30b,9,5005,0.598,0.4946,0.513,0.5275,0.5416,0.5592
repgrid,seiclr_triviaqa_opt30b,10,3003,0.5864,0.497,0.5162,0.5279,0.5406,0.5562
repgrid,seiclr_triviaqa_opt30b,11,1365,0.5704,0.4984,0.5178,0.5277,0.5397,0.5534
repgrid,seiclr_triviaqa_opt30b,12,455,0.5627,0.5052,0.5187,0.5288,0.5383,0.5514
repgrid,seiclr_triviaqa_opt30b,13,105,0.5553,0.5122,0.5225,0.5298,0.5384,0.5486
repgrid,seiclr_triviaqa_opt30b,14,15,0.5472,0.5153,0.5281,0.5308,0.5332,0.5426
repgrid,seiclr_triviaqa_opt30b,15,1,0.5295,0.5295,0.5295,0.5295,0.5295,0.5295
repgrid,semenergy_triviaqa_qwen3_8b,3,364,0.8069,0.4737,0.6202,0.6591,0.7296,0.7764
repgrid,semenergy_triviaqa_qwen3_8b,4,1001,0.8075,0.4378,0.6406,0.6942,0.7227,0.7791
repgrid,semenergy_triviaqa_qwen3_8b,5,2002,0.8094,0.5817,0.6559,0.6982,0.7267,0.7767
repgrid,semenergy_triviaqa_qwen3_8b,6,3003,0.8086,0.6261,0.6686,0.7009,0.7353,0.7752
repgrid,semenergy_triviaqa_qwen3_8b,7,3432,0.8069,0.6347,0.6778,0.7039,0.7353,0.7714
repgrid,semenergy_triviaqa_qwen3_8b,8,3003,0.8034,0.6418,0.6827,0.7118,0.7331,0.7612
repgrid,semenergy_triviaqa_qwen3_8b,9,2002,0.7994,0.6502,0.6886,0.7159,0.7317,0.753
repgrid,semenergy_triviaqa_qwen3_8b,10,1001,0.7682,0.6605,0.6965,0.7161,0.7316,0.7484
repgrid,semenergy_triviaqa_qwen3_8b,11,364,0.7597,0.672,0.6986,0.7139,0.7311,0.7431
repgrid,semenergy_triviaqa_qwen3_8b,12,91,0.7436,0.6814,0.6997,0.7116,0.7287,0.7357
repgrid,semenergy_triviaqa_qwen3_8b,13,14,0.7297,0.693,0.7077,0.7094,0.7213,0.7278
repgrid,semenergy_triviaqa_qwen3_8b,14,1,0.7091,0.7091,0.7091,0.7091,0.7091,0.7091
repgrid,spilled_triviaqa_llama8b,3,364,0.9707,0.5661,0.7628,0.843,0.8908,0.9405
repgrid,spilled_triviaqa_llama8b,4,1001,0.9793,0.7307,0.8333,0.8773,0.91,0.9447
repgrid,spilled_triviaqa_llama8b,5,2002,0.9827,0.818,0.8588,0.888,0.9172,0.9473
repgrid,spilled_triviaqa_llama8b,6,3003,0.9813,0.8354,0.8687,0.8953,0.9207,0.9493
repgrid,spilled_triviaqa_llama8b,7,3432,0.9753,0.8473,0.8773,0.9,0.922,0.9493
repgrid,spilled_triviaqa_llama8b,8,3003,0.9713,0.8553,0.8827,0.9033,0.9233,0.9487
repgrid,spilled_triviaqa_llama8b,9,2002,0.9673,0.862,0.886,0.904,0.922,0.9453
repgrid,spilled_triviaqa_llama8b,10,1001,0.9647,0.87,0.8893,0.9053,0.922,0.942
repgrid,spilled_triviaqa_llama8b,11,364,0.9633,0.8747,0.8907,0.9067,0.92,0.9411
repgrid,spilled_triviaqa_llama8b,12,91,0.954,0.8803,0.895,0.908,0.9187,0.9363
repgrid,spilled_triviaqa_llama8b,13,14,0.9327,0.8913,0.9028,0.9077,0.9182,0.9262
repgrid,spilled_triviaqa_llama8b,14,1,0.9067,0.9067,0.9067,0.9067,0.9067,0.9067
repgrid,truthfulqa_llama8b,3,560,0.6878,0.5144,0.5737,0.6018,0.6385,0.6698
repgrid,truthfulqa_llama8b,4,1820,0.6861,0.522,0.579,0.6233,0.6521,0.673
repgrid,truthfulqa_llama8b,5,4368,0.6845,0.534,0.5947,0.6325,0.6584,0.6739
repgrid,truthfulqa_llama8b,6,8008,0.6856,0.5487,0.6019,0.6374,0.6615,0.6744
repgrid,truthfulqa_llama8b,7,11440,0.6843,0.5583,0.6067,0.6416,0.6627,0.6746
repgrid,truthfulqa_llama8b,8,12870,0.6826,0.5653,0.6133,0.6452,0.6631,0.6744
repgrid,truthfulqa_llama8b,9,11440,0.6818,0.5724,0.6198,0.6489,0.6632,0.6741
repgrid,truthfulqa_llama8b,10,8008,0.6813,0.5799,0.6245,0.6516,0.6633,0.6743
repgrid,truthfulqa_llama8b,11,4368,0.6802,0.5872,0.6308,0.6532,0.6634,0.6741
repgrid,truthfulqa_llama8b,12,1820,0.6789,0.5933,0.6392,0.6541,0.6629,0.6734
repgrid,truthfulqa_llama8b,13,560,0.6769,0.6014,0.644,0.6549,0.6612,0.6723
repgrid,truthfulqa_llama8b,14,120,0.6739,0.6103,0.6474,0.6556,0.6589,0.6704
repgrid,truthfulqa_llama8b,15,16,0.6695,0.6393,0.6495,0.6563,0.6572,0.6642
repgrid,truthfulqa_llama8b,16,1,0.6555,0.6555,0.6555,0.6555,0.6555,0.6555
trace,gpqa_r1_7b_raw,3,455,0.5868,0.4202,0.4434,0.4723,0.5222,0.5589
trace,gpqa_r1_7b_raw,4,1365,0.5986,0.4225,0.4349,0.451,0.4899,0.5607
trace,gpqa_r1_7b_raw,5,3003,0.6088,0.4225,0.4343,0.4477,0.4764,0.5592
trace,gpqa_r1_7b_raw,6,5005,0.5992,0.423,0.4334,0.4443,0.4636,0.5586
trace,gpqa_r1_7b_raw,7,6435,0.5947,0.4229,0.4327,0.4423,0.4579,0.5603
trace,gpqa_r1_7b_raw,8,6435,0.5942,0.423,0.4323,0.4408,0.4545,0.5625
trace,gpqa_r1_7b_raw,9,5005,0.5864,0.4227,0.4316,0.4397,0.4508,0.5636
trace,gpqa_r1_7b_raw,10,3003,0.5857,0.4221,0.4306,0.4377,0.4466,0.5612
trace,gpqa_r1_7b_raw,11,1365,0.5823,0.4216,0.4288,0.4356,0.4427,0.5565
trace,gpqa_r1_7b_raw,12,455,0.5816,0.4212,0.4275,0.4332,0.4384,0.4674
trace,gpqa_r1_7b_raw,13,105,0.5647,0.4198,0.4264,0.431,0.4358,0.4424
trace,gpqa_r1_7b_raw,14,15,0.4379,0.4192,0.4218,0.426,0.4312,0.4352
trace,gpqa_r1_7b_raw,15,1,0.4234,0.4234,0.4234,0.4234,0.4234,0.4234
trace,gsm8k_llama8b_raw,3,560,0.7784,0.352,0.4584,0.6606,0.71,0.7477
trace,gsm8k_llama8b_raw,4,1820,0.7864,0.36,0.4869,0.6773,0.7158,0.7547
trace,gsm8k_llama8b_raw,5,4368,0.7983,0.3586,0.4573,0.6803,0.7192,0.7556
trace,gsm8k_llama8b_raw,6,8008,0.7961,0.3563,0.4428,0.6811,0.7214,0.7578
trace,gsm8k_llama8b_raw,7,11440,0.7931,0.3548,0.443,0.6845,0.7232,0.7591
trace,gsm8k_llama8b_raw,8,12870,0.792,0.3527,0.4475,0.6852,0.7237,0.7594
trace,gsm8k_llama8b_raw,9,11440,0.7827,0.3494,0.4587,0.6861,0.723,0.7588
trace,gsm8k_llama8b_raw,10,8008,0.7905,0.3472,0.4794,0.6878,0.7214,0.757
trace,gsm8k_llama8b_raw,11,4368,0.778,0.3459,0.6538,0.6891,0.7198,0.7534
trace,gsm8k_llama8b_raw,12,1820,0.7727,0.3461,0.6628,0.6909,0.7186,0.7491
trace,gsm8k_llama8b_raw,13,560,0.7672,0.3457,0.6689,0.6942,0.7189,0.7425
trace,gsm8k_llama8b_raw,14,120,0.7609,0.3416,0.6749,0.7002,0.7213,0.7327
trace,gsm8k_llama8b_raw,15,16,0.7489,0.6758,0.6917,0.7078,0.7251,0.7364
trace,gsm8k_llama8b_raw,16,1,0.7097,0.7097,0.7097,0.7097,0.7097,0.7097
trace,math500_qwen1.5b_raw,3,560,0.6915,0.5808,0.625,0.6473,0.6637,0.6786
trace,math500_qwen1.5b_raw,4,1820,0.6939,0.6093,0.6422,0.6574,0.6684,0.6804
trace,math500_qwen1.5b_raw,5,4368,0.6919,0.6197,0.6481,0.6603,0.6695,0.6794
trace,math500_qwen1.5b_raw,6,8008,0.6894,0.6269,0.6524,0.6625,0.6702,0.6792
trace,math500_qwen1.5b_raw,7,11440,0.6894,0.6365,0.6563,0.6642,0.6708,0.6787
trace,math500_qwen1.5b_raw,8,12870,0.6884,0.6464,0.6592,0.6655,0.6712,0.6782
trace,math500_qwen1.5b_raw,9,11440,0.6881,0.6522,0.6612,0.6666,0.6714,0.6777
trace,math500_qwen1.5b_raw,10,8008,0.6852,0.6559,0.6628,0.6674,0.6717,0.6777
trace,math500_qwen1.5b_raw,11,4368,0.6823,0.6583,0.6642,0.6681,0.6718,0.677
trace,math500_qwen1.5b_raw,12,1820,0.6806,0.6605,0.6653,0.6686,0.6717,0.676
trace,math500_qwen1.5b_raw,13,560,0.6789,0.6624,0.6661,0.669,0.6717,0.6749
trace,math500_qwen1.5b_raw,14,120,0.6758,0.6644,0.667,0.6692,0.6713,0.6737
trace,math500_qwen1.5b_raw,15,16,0.6733,0.6671,0.6682,0.6691,0.6705,0.6727
trace,math500_qwen1.5b_raw,16,1,0.6695,0.6695,0.6695,0.6695,0.6695,0.6695
