held_group,geometry_id,selector,trust_class,full_selected_lambda,common_trust_factor,full_delta_auroc_pp,cross_delta_auroc_pp,full_minus_cross_pp,cross_lambda,actuator_was_selected
gsm8k,residual_union_k7,one_se,canonical,0.03,0.5,0.364972689348223,0.3615026044695724,0.003470084878650628,,False
hotpotqa,residual_union_k7,one_se,canonical,0.03,0.5,0.13407461699351808,0.12871163231377158,0.005362984679746496,,False
math500,residual_union_k7,one_se,canonical,0.03,0.5,0.22821638551575818,0.2120359252313908,0.016180460284367364,,False
nq_open,residual_union_k7,one_se,canonical,0.03,0.5,-0.2769493672833079,-0.28156416456086575,0.004614797277557869,,False
sciq,residual_union_k7,one_se,canonical,0.03,0.5,0.5696707303178727,0.5696707303178727,0.0,,False
squad_v2,residual_union_k7,one_se,canonical,0.03,0.5,0.5911142405319092,0.5707986564011502,0.020315584130758957,,False
triviaqa,residual_union_k7,one_se,canonical,0.03,0.5,-0.15730237864075197,-0.15809830283596282,0.0007959241952108396,,False
truthfulqa,residual_union_k7,one_se,canonical,0.03,0.5,0.5580174386336623,0.5579268690305561,9.056960310616091e-05,,False
gsm8k,residual_union_k7,one_se,v1,0.03,0.5,0.364972689348223,0.3615026044695724,0.003470084878650628,,False
hotpotqa,residual_union_k7,one_se,v1,0.03,0.5,0.13407461699351808,0.12871163231377158,0.005362984679746496,,False
math500,residual_union_k7,one_se,v1,0.03,0.25,0.19224939137015173,0.19501917558201187,-0.0027697842118601336,,False
nq_open,residual_union_k7,one_se,v1,0.03,0.5,-0.2769493672833079,-0.28156416456086575,0.004614797277557869,,False
sciq,residual_union_k7,one_se,v1,0.03,0.25,0.4101629258288608,0.38737609661615435,0.022786829212706472,,False
squad_v2,residual_union_k7,one_se,v1,0.03,0.25,0.31477612457148085,0.31379497420152,0.000981150369960826,,False
triviaqa,residual_union_k7,one_se,v1,0.03,0.5,-0.15730237864075197,-0.15809830283596282,0.0007959241952108396,,False
truthfulqa,residual_union_k7,one_se,v1,0.03,0.25,0.2964161970331003,0.29636185527122105,5.434176187923967e-05,,False
gsm8k,residual_union_k7,one_se,expanded,0.03,0.5,0.364972689348223,0.3615026044695724,0.003470084878650628,,False
hotpotqa,residual_union_k7,one_se,expanded,0.03,0.5,0.13407461699351808,0.12871163231377158,0.005362984679746496,,False
math500,residual_union_k7,one_se,expanded,0.03,0.25,0.19224939137015173,0.19501917558201187,-0.0027697842118601336,,False
nq_open,residual_union_k7,one_se,expanded,0.03,0.5,-0.2769493672833079,-0.28156416456086575,0.004614797277557869,,False
sciq,residual_union_k7,one_se,expanded,0.03,0.25,0.4101629258288608,0.38737609661615435,0.022786829212706472,,False
squad_v2,residual_union_k7,one_se,expanded,0.03,0.25,0.31477612457148085,0.31379497420152,0.000981150369960826,,False
triviaqa,residual_union_k7,one_se,expanded,0.03,0.5,-0.15730237864075197,-0.15809830283596282,0.0007959241952108396,,False
truthfulqa,residual_union_k7,one_se,expanded,0.03,0.25,0.2964161970331003,0.29636185527122105,5.434176187923967e-05,,False
gsm8k,residual_union_k7,max_mean,canonical,10.0,1.0,0.6627301558383603,0.5044482099134773,0.158281945924883,,False
hotpotqa,residual_union_k7,max_mean,canonical,3.0,1.0,0.08580775487584402,0.18591680223100093,-0.10010904735515691,,False
math500,residual_union_k7,max_mean,canonical,3.0,1.0,0.3792769893263648,0.0060126330491283575,0.3732643562772364,,False
nq_open,residual_union_k7,max_mean,canonical,10.0,1.0,-0.4675600727739537,-0.67904644304011,0.21148637026615624,,False
sciq,residual_union_k7,max_mean,canonical,3.0,1.0,1.4811438988264758,0.9798336561467447,0.5013102426797311,,False
squad_v2,residual_union_k7,max_mean,canonical,10.0,1.0,0.902196622534146,1.041635404522534,-0.139438781988388,,False
triviaqa,residual_union_k7,max_mean,canonical,3.0,1.0,-0.4326654999347664,-0.49227717341314703,0.05961167347838066,,False
truthfulqa,residual_union_k7,max_mean,canonical,3.0,1.0,0.9861037246568172,1.0086193279880473,-0.02251560333123015,,False
gsm8k,residual_union_k7,max_mean,v1,10.0,1.0,0.6627301558383603,0.5044482099134773,0.158281945924883,,False
hotpotqa,residual_union_k7,max_mean,v1,3.0,1.0,0.08580775487584402,0.18591680223100093,-0.10010904735515691,,False
math500,residual_union_k7,max_mean,v1,3.0,1.0,0.3792769893263648,0.0060126330491283575,0.3732643562772364,,False
nq_open,residual_union_k7,max_mean,v1,10.0,1.0,-0.4675600727739537,-0.67904644304011,0.21148637026615624,,False
sciq,residual_union_k7,max_mean,v1,3.0,1.0,1.4811438988264758,0.9798336561467447,0.5013102426797311,,False
squad_v2,residual_union_k7,max_mean,v1,10.0,1.0,0.902196622534146,1.041635404522534,-0.139438781988388,,False
triviaqa,residual_union_k7,max_mean,v1,3.0,1.0,-0.4326654999347664,-0.49227717341314703,0.05961167347838066,,False
truthfulqa,residual_union_k7,max_mean,v1,3.0,1.0,0.9861037246568172,1.0086193279880473,-0.02251560333123015,,False
gsm8k,residual_union_k7,max_mean,expanded,10.0,1.0,0.6627301558383603,0.5044482099134773,0.158281945924883,,False
hotpotqa,residual_union_k7,max_mean,expanded,3.0,1.0,0.08580775487584402,0.18591680223100093,-0.10010904735515691,,False
math500,residual_union_k7,max_mean,expanded,3.0,1.0,0.3792769893263648,0.0060126330491283575,0.3732643562772364,,False
nq_open,residual_union_k7,max_mean,expanded,10.0,1.0,-0.4675600727739537,-0.67904644304011,0.21148637026615624,,False
sciq,residual_union_k7,max_mean,expanded,3.0,1.0,1.4811438988264758,0.9798336561467447,0.5013102426797311,,False
squad_v2,residual_union_k7,max_mean,expanded,10.0,1.0,0.902196622534146,1.041635404522534,-0.139438781988388,,False
triviaqa,residual_union_k7,max_mean,expanded,3.0,1.0,-0.4326654999347664,-0.49227717341314703,0.05961167347838066,,False
truthfulqa,residual_union_k7,max_mean,expanded,3.0,1.0,0.9861037246568172,1.0086193279880473,-0.02251560333123015,,False
gsm8k,residual_union_k5,one_se,canonical,0.03,0.5,0.3443802171358157,0.3369332474470088,0.00744696968880687,,False
hotpotqa,residual_union_k5,one_se,canonical,0.03,0.5,0.1126226782745432,0.1108350167146388,0.0017876615599043966,,False
math500,residual_union_k5,one_se,canonical,0.03,0.5,0.11866120738808883,0.11553177499500356,0.0031294323930852698,,False
nq_open,residual_union_k5,one_se,canonical,0.03,0.5,-0.2960238626971923,-0.30078409601015377,0.004760233312961493,,False
sciq,residual_union_k5,one_se,canonical,0.03,0.5,0.5924575595305903,0.581064144924226,0.011393414606364338,,False
squad_v2,residual_union_k5,one_se,canonical,0.03,0.5,0.5402675654773703,0.5413641453026141,-0.0010965798252438042,,False
triviaqa,residual_union_k5,one_se,canonical,0.03,0.5,-0.1569257948376257,-0.15699634612439395,7.055128676825007e-05,,False
truthfulqa,residual_union_k5,one_se,canonical,0.03,0.5,0.5495582377039065,0.5500291996400342,-0.00047096193612761184,,False
gsm8k,residual_union_k5,one_se,v1,0.03,0.5,0.3443802171358157,0.3369332474470088,0.00744696968880687,,False
hotpotqa,residual_union_k5,one_se,v1,0.03,0.5,0.1126226782745432,0.1108350167146388,0.0017876615599043966,,False
math500,residual_union_k5,one_se,v1,0.03,0.25,0.15339832154017685,0.14278954838793823,0.010608773152238623,,False
nq_open,residual_union_k5,one_se,v1,1.0,0.25,-0.09391811671520811,-0.13269360123395746,0.03877548451874935,,False
sciq,residual_union_k5,one_se,v1,0.03,0.25,0.35319585279707244,0.35319585279708354,-1.1102230246251565e-14,,False
squad_v2,residual_union_k5,one_se,v1,0.03,0.25,0.28961250331861477,0.28014728798496646,0.009465215333648302,,False
triviaqa,residual_union_k5,one_se,v1,1.0,0.25,-0.04408916731171164,-0.04529248473950458,0.0012033174277929326,,False
truthfulqa,residual_union_k5,one_se,v1,0.03,0.25,0.2945142353679375,0.2949670833834461,-0.0004528480155086001,,False
gsm8k,residual_union_k5,one_se,expanded,0.03,0.5,0.3443802171358157,0.3369332474470088,0.00744696968880687,,False
hotpotqa,residual_union_k5,one_se,expanded,0.03,0.5,0.1126226782745432,0.1108350167146388,0.0017876615599043966,,False
math500,residual_union_k5,one_se,expanded,0.03,0.25,0.15339832154017685,0.14278954838793823,0.010608773152238623,,False
nq_open,residual_union_k5,one_se,expanded,1.0,0.25,-0.09391811671520811,-0.13269360123395746,0.03877548451874935,,False
sciq,residual_union_k5,one_se,expanded,0.03,0.25,0.35319585279707244,0.35319585279708354,-1.1102230246251565e-14,,False
squad_v2,residual_union_k5,one_se,expanded,0.03,0.25,0.28961250331861477,0.28014728798496646,0.009465215333648302,,False
triviaqa,residual_union_k5,one_se,expanded,1.0,0.25,-0.04408916731171164,-0.04529248473950458,0.0012033174277929326,,False
truthfulqa,residual_union_k5,one_se,expanded,0.03,0.25,0.2945142353679375,0.2949670833834461,-0.0004528480155086001,,False
gsm8k,residual_union_k5,max_mean,canonical,10.0,1.0,0.6432294318113629,0.4597336530651741,0.1834957787461888,,False
hotpotqa,residual_union_k5,max_mean,canonical,1.0,1.0,0.14122526323316897,0.14837590947281987,-0.007150646239650893,,False
math500,residual_union_k5,max_mean,canonical,3.0,1.0,0.19768539811743313,-0.1417852552862109,0.339470653403644,,False
nq_open,residual_union_k5,max_mean,canonical,3.0,1.0,-0.5251639301851019,-0.7232757788868893,0.19811184870178744,,False
sciq,residual_union_k5,max_mean,canonical,3.0,1.0,1.3444229235501926,0.7975390224450263,0.5468839011051663,,False
squad_v2,residual_union_k5,max_mean,canonical,3.0,1.0,0.9844401094271316,0.990096152736275,-0.005656043309143488,,False
triviaqa,residual_union_k5,max_mean,canonical,3.0,1.0,-0.42595625818804644,-0.4720921536948068,0.04613589550676034,,False
truthfulqa,residual_union_k5,max_mean,canonical,3.0,1.0,0.9655806525938337,0.9949070900783563,-0.02932643748452257,,False
gsm8k,residual_union_k5,max_mean,v1,10.0,1.0,0.6432294318113629,0.4597336530651741,0.1834957787461888,,False
hotpotqa,residual_union_k5,max_mean,v1,1.0,1.0,0.14122526323316897,0.14837590947281987,-0.007150646239650893,,False
math500,residual_union_k5,max_mean,v1,3.0,1.0,0.19768539811743313,-0.1417852552862109,0.339470653403644,,False
nq_open,residual_union_k5,max_mean,v1,3.0,1.0,-0.5251639301851019,-0.7232757788868893,0.19811184870178744,,False
sciq,residual_union_k5,max_mean,v1,3.0,1.0,1.3444229235501926,0.7975390224450263,0.5468839011051663,,False
squad_v2,residual_union_k5,max_mean,v1,3.0,1.0,0.9844401094271316,0.990096152736275,-0.005656043309143488,,False
triviaqa,residual_union_k5,max_mean,v1,3.0,1.0,-0.42595625818804644,-0.4720921536948068,0.04613589550676034,,False
truthfulqa,residual_union_k5,max_mean,v1,3.0,1.0,0.9655806525938337,0.9949070900783563,-0.02932643748452257,,False
gsm8k,residual_union_k5,max_mean,expanded,10.0,1.0,0.6432294318113629,0.4597336530651741,0.1834957787461888,,False
hotpotqa,residual_union_k5,max_mean,expanded,1.0,1.0,0.14122526323316897,0.14837590947281987,-0.007150646239650893,,False
math500,residual_union_k5,max_mean,expanded,3.0,1.0,0.19768539811743313,-0.1417852552862109,0.339470653403644,,False
nq_open,residual_union_k5,max_mean,expanded,3.0,1.0,-0.5251639301851019,-0.7232757788868893,0.19811184870178744,,False
sciq,residual_union_k5,max_mean,expanded,3.0,1.0,1.3444229235501926,0.7975390224450263,0.5468839011051663,,False
squad_v2,residual_union_k5,max_mean,expanded,3.0,1.0,0.9844401094271316,0.990096152736275,-0.005656043309143488,,False
triviaqa,residual_union_k5,max_mean,expanded,3.0,1.0,-0.42595625818804644,-0.4720921536948068,0.04613589550676034,,False
truthfulqa,residual_union_k5,max_mean,expanded,3.0,1.0,0.9655806525938337,0.9949070900783563,-0.02932643748452257,,False
gsm8k,residual_union_k15,one_se,canonical,0.03,0.5,0.3733439372103531,0.36624336609278774,0.007100571117565381,,False
hotpotqa,residual_union_k15,one_se,canonical,0.03,0.5,0.2127317256297112,0.2073687409499647,0.005362984679746496,,False
math500,residual_union_k15,one_se,canonical,0.03,0.5,0.2208714172096582,0.2156250542261917,0.005246362983466488,,False
nq_open,residual_union_k15,one_se,canonical,0.03,0.5,-0.2873871996710853,-0.29169993749047496,0.004312737819389678,,False
sciq,residual_union_k15,one_se,canonical,0.03,0.5,0.6836048763814606,0.660818047168743,0.022786829212717574,,False
squad_v2,residual_union_k15,one_se,canonical,0.03,0.5,0.5489247746240045,0.5421144367619757,0.006810337862028781,,False
triviaqa,residual_union_k15,one_se,canonical,0.03,0.5,-0.18391011884994296,-0.1873858539661895,0.0034757351162465703,,False
truthfulqa,residual_union_k15,one_se,canonical,0.03,0.5,0.5244523437239579,0.5256659764055205,-0.0012136326815626042,,False
gsm8k,residual_union_k15,one_se,v1,0.03,0.5,0.3733439372103531,0.36624336609278774,0.007100571117565381,,False
hotpotqa,residual_union_k15,one_se,v1,0.03,0.5,0.2127317256297112,0.2073687409499647,0.005362984679746496,,False
math500,residual_union_k15,one_se,v1,0.03,0.25,0.18017103813689372,0.18181454498207295,-0.0016435068451792169,,False
nq_open,residual_union_k15,one_se,v1,0.03,0.5,-0.2873871996710853,-0.29169993749047496,0.004312737819389678,,False
sciq,residual_union_k15,one_se,v1,0.03,0.5,0.6836048763814606,0.660818047168743,0.022786829212717574,,False
squad_v2,residual_union_k15,one_se,v1,0.03,0.25,0.30808121616475725,0.31033209054287525,-0.002250874378117995,,False
triviaqa,residual_union_k15,one_se,v1,0.03,0.5,-0.18391011884994296,-0.1873858539661895,0.0034757351162465703,,False
truthfulqa,residual_union_k15,one_se,v1,0.03,0.25,0.2823960224728528,0.28250470599657795,-0.00010868352372517265,,False
gsm8k,residual_union_k15,one_se,expanded,0.03,0.5,0.3733439372103531,0.36624336609278774,0.007100571117565381,,False
hotpotqa,residual_union_k15,one_se,expanded,0.03,0.5,0.2127317256297112,0.2073687409499647,0.005362984679746496,,False
math500,residual_union_k15,one_se,expanded,0.03,0.25,0.18017103813689372,0.18181454498207295,-0.0016435068451792169,,False
nq_open,residual_union_k15,one_se,expanded,0.03,0.5,-0.2873871996710853,-0.29169993749047496,0.004312737819389678,,False
sciq,residual_union_k15,one_se,expanded,0.03,0.5,0.6836048763814606,0.660818047168743,0.022786829212717574,,False
squad_v2,residual_union_k15,one_se,expanded,0.03,0.25,0.30808121616475725,0.31033209054287525,-0.002250874378117995,,False
triviaqa,residual_union_k15,one_se,expanded,0.03,0.5,-0.18391011884994296,-0.1873858539661895,0.0034757351162465703,,False
truthfulqa,residual_union_k15,one_se,expanded,0.03,0.25,0.2823960224728528,0.28250470599657795,-0.00010868352372517265,,False
gsm8k,residual_union_k15,max_mean,canonical,10.0,1.0,0.6591221423055604,0.5168192036714103,0.14230293863415006,,False
hotpotqa,residual_union_k15,max_mean,canonical,3.0,1.0,0.25742326462753207,0.3396556963835562,-0.08223243175602413,,False
math500,residual_union_k15,max_mean,canonical,3.0,1.0,0.35969977921801455,-0.008602286860381891,0.36830206607839644,,False
nq_open,residual_union_k15,max_mean,canonical,3.0,1.0,-0.5119236572687869,-0.6886004718280603,0.17667681455927342,,False
sciq,residual_union_k15,max_mean,canonical,3.0,1.0,1.5608978010709817,1.1735217044548163,0.38737609661616546,,False
squad_v2,residual_union_k15,max_mean,canonical,3.0,1.0,0.8832084771392079,0.973936028995892,-0.09072755185668413,,False
triviaqa,residual_union_k15,max_mean,canonical,3.0,1.0,-0.48332620403616816,-0.5440975753031152,0.06077137126694705,,False
truthfulqa,residual_union_k15,max_mean,canonical,3.0,1.0,0.9383373159806863,0.9587517045199334,-0.020414388539247152,,False
gsm8k,residual_union_k15,max_mean,v1,10.0,1.0,0.6591221423055604,0.5168192036714103,0.14230293863415006,,False
hotpotqa,residual_union_k15,max_mean,v1,3.0,1.0,0.25742326462753207,0.3396556963835562,-0.08223243175602413,,False
math500,residual_union_k15,max_mean,v1,3.0,1.0,0.35969977921801455,-0.008602286860381891,0.36830206607839644,,False
nq_open,residual_union_k15,max_mean,v1,3.0,1.0,-0.5119236572687869,-0.6886004718280603,0.17667681455927342,,False
sciq,residual_union_k15,max_mean,v1,3.0,1.0,1.5608978010709817,1.1735217044548163,0.38737609661616546,,False
squad_v2,residual_union_k15,max_mean,v1,3.0,1.0,0.8832084771392079,0.973936028995892,-0.09072755185668413,,False
triviaqa,residual_union_k15,max_mean,v1,3.0,1.0,-0.48332620403616816,-0.5440975753031152,0.06077137126694705,,False
truthfulqa,residual_union_k15,max_mean,v1,3.0,1.0,0.9383373159806863,0.9587517045199334,-0.020414388539247152,,False
gsm8k,residual_union_k15,max_mean,expanded,10.0,1.0,0.6591221423055604,0.5168192036714103,0.14230293863415006,,False
hotpotqa,residual_union_k15,max_mean,expanded,3.0,1.0,0.25742326462753207,0.3396556963835562,-0.08223243175602413,,False
math500,residual_union_k15,max_mean,expanded,3.0,1.0,0.35969977921801455,-0.008602286860381891,0.36830206607839644,,False
nq_open,residual_union_k15,max_mean,expanded,3.0,1.0,-0.5119236572687869,-0.6886004718280603,0.17667681455927342,,False
sciq,residual_union_k15,max_mean,expanded,3.0,1.0,1.5608978010709817,1.1735217044548163,0.38737609661616546,,False
squad_v2,residual_union_k15,max_mean,expanded,3.0,1.0,0.8832084771392079,0.973936028995892,-0.09072755185668413,,False
triviaqa,residual_union_k15,max_mean,expanded,3.0,1.0,-0.48332620403616816,-0.5440975753031152,0.06077137126694705,,False
truthfulqa,residual_union_k15,max_mean,expanded,3.0,1.0,0.9383373159806863,0.9587517045199334,-0.020414388539247152,,False
gsm8k,residual_adaptive_k7,one_se,canonical,0.03,0.5,0.395912116338375,0.38828542850917414,0.007626687829200831,,False
hotpotqa,residual_adaptive_k7,one_se,canonical,0.03,0.5,0.05899283147714485,0.05899283147714485,0.0,,False
math500,residual_adaptive_k7,one_se,canonical,0.03,0.5,0.0864183093089288,0.08353197384804556,0.002886335460883238,,False
nq_open,residual_adaptive_k7,one_se,canonical,0.03,0.5,-0.16928754522151923,-0.17441696231668136,0.005129417095162125,,False
sciq,residual_adaptive_k7,one_se,canonical,0.03,0.5,0.7063917055941671,0.7177851202005203,-0.011393414606353236,,False
squad_v2,residual_adaptive_k7,one_se,canonical,0.03,0.5,0.498020384841813,0.5012524095898807,-0.003232024748067719,,False
triviaqa,residual_adaptive_k7,one_se,canonical,0.03,0.5,-0.12882636852424484,-0.13182555568139004,0.0029991871571451775,,False
truthfulqa,residual_adaptive_k7,one_se,canonical,0.03,0.5,0.31094356137068013,0.31233833325846616,-0.0013947718877860282,,False
gsm8k,residual_adaptive_k7,one_se,v1,0.03,0.5,0.395912116338375,0.38828542850917414,0.007626687829200831,,False
hotpotqa,residual_adaptive_k7,one_se,v1,0.03,0.5,0.05899283147714485,0.05899283147714485,0.0,,False
math500,residual_adaptive_k7,one_se,v1,0.03,0.25,0.11327670444212455,0.10862539064390608,0.0046513137982184686,,False
nq_open,residual_adaptive_k7,one_se,v1,0.03,0.25,-0.068108814122958,-0.07027357357315411,0.0021647594501961187,,False
sciq,residual_adaptive_k7,one_se,v1,0.03,0.25,0.4899168280733779,0.4899168280733779,0.0,,False
squad_v2,residual_adaptive_k7,one_se,v1,0.03,0.25,0.22537601145061759,0.22375999907657818,0.0016160123740394106,,False
triviaqa,residual_adaptive_k7,one_se,v1,0.03,0.25,-0.03984158158994999,-0.04051099427603659,0.0006694126860865956,,False
truthfulqa,residual_adaptive_k7,one_se,v1,0.03,0.25,0.1703614234353612,0.17211847373553857,-0.0017570503001773652,,False
gsm8k,residual_adaptive_k7,one_se,expanded,0.03,0.5,0.395912116338375,0.38828542850917414,0.007626687829200831,,False
hotpotqa,residual_adaptive_k7,one_se,expanded,0.03,0.5,0.05899283147714485,0.05899283147714485,0.0,,False
math500,residual_adaptive_k7,one_se,expanded,0.03,0.25,0.11327670444212455,0.10862539064390608,0.0046513137982184686,,False
nq_open,residual_adaptive_k7,one_se,expanded,0.03,0.25,-0.068108814122958,-0.07027357357315411,0.0021647594501961187,,False
sciq,residual_adaptive_k7,one_se,expanded,0.03,0.25,0.4899168280733779,0.4899168280733779,0.0,,False
squad_v2,residual_adaptive_k7,one_se,expanded,0.03,0.25,0.22537601145061759,0.22375999907657818,0.0016160123740394106,,False
triviaqa,residual_adaptive_k7,one_se,expanded,0.03,0.25,-0.03984158158994999,-0.04051099427603659,0.0006694126860865956,,False
truthfulqa,residual_adaptive_k7,one_se,expanded,0.03,0.25,0.1703614234353612,0.17211847373553857,-0.0017570503001773652,,False
gsm8k,residual_adaptive_k7,max_mean,canonical,3.0,1.0,0.7230747050126152,0.5772575024116589,0.14581720260095632,,False
hotpotqa,residual_adaptive_k7,max_mean,canonical,3.0,1.0,-0.1126226782745543,-0.03217790807843457,-0.08044477019611973,,False
math500,residual_adaptive_k7,max_mean,canonical,1.0,1.0,-0.0023630143148634097,-0.17816196585191513,0.17579895153705172,,False
nq_open,residual_adaptive_k7,max_mean,canonical,1.0,1.0,-0.3717289128236767,-0.5066208356698576,0.1348919228461809,,False
sciq,residual_adaptive_k7,max_mean,canonical,1.0,1.0,1.3786031673692523,1.1963085336675339,0.1822946337017184,,False
squad_v2,residual_adaptive_k7,max_mean,canonical,3.0,1.0,0.7201643715443407,0.8077176133805986,-0.0875532418362579,,False
triviaqa,residual_adaptive_k7,max_mean,canonical,3.0,1.0,-0.3830357172445361,-0.43015859020070213,0.04712287295616604,,False
truthfulqa,residual_adaptive_k7,max_mean,canonical,1.0,1.0,0.4996362724739467,0.5271694318170206,-0.027533159343073876,,False
gsm8k,residual_adaptive_k7,max_mean,v1,3.0,1.0,0.7230747050126152,0.5772575024116589,0.14581720260095632,,False
hotpotqa,residual_adaptive_k7,max_mean,v1,3.0,1.0,-0.1126226782745543,-0.03217790807843457,-0.08044477019611973,,False
math500,residual_adaptive_k7,max_mean,v1,1.0,1.0,-0.0023630143148634097,-0.17816196585191513,0.17579895153705172,,False
nq_open,residual_adaptive_k7,max_mean,v1,1.0,1.0,-0.3717289128236767,-0.5066208356698576,0.1348919228461809,,False
sciq,residual_adaptive_k7,max_mean,v1,1.0,1.0,1.3786031673692523,1.1963085336675339,0.1822946337017184,,False
squad_v2,residual_adaptive_k7,max_mean,v1,3.0,1.0,0.7201643715443407,0.8077176133805986,-0.0875532418362579,,False
triviaqa,residual_adaptive_k7,max_mean,v1,3.0,1.0,-0.3830357172445361,-0.43015859020070213,0.04712287295616604,,False
truthfulqa,residual_adaptive_k7,max_mean,v1,1.0,1.0,0.4996362724739467,0.5271694318170206,-0.027533159343073876,,False
gsm8k,residual_adaptive_k7,max_mean,expanded,3.0,1.0,0.7230747050126152,0.5772575024116589,0.14581720260095632,,False
hotpotqa,residual_adaptive_k7,max_mean,expanded,3.0,1.0,-0.1126226782745543,-0.03217790807843457,-0.08044477019611973,,False
math500,residual_adaptive_k7,max_mean,expanded,1.0,1.0,-0.0023630143148634097,-0.17816196585191513,0.17579895153705172,,False
nq_open,residual_adaptive_k7,max_mean,expanded,1.0,1.0,-0.3717289128236767,-0.5066208356698576,0.1348919228461809,,False
sciq,residual_adaptive_k7,max_mean,expanded,1.0,1.0,1.3786031673692523,1.1963085336675339,0.1822946337017184,,False
squad_v2,residual_adaptive_k7,max_mean,expanded,3.0,1.0,0.7201643715443407,0.8077176133805986,-0.0875532418362579,,False
triviaqa,residual_adaptive_k7,max_mean,expanded,3.0,1.0,-0.3830357172445361,-0.43015859020070213,0.04712287295616604,,False
truthfulqa,residual_adaptive_k7,max_mean,expanded,1.0,1.0,0.4996362724739467,0.5271694318170206,-0.027533159343073876,,False
gsm8k,residual_mutual_k7,one_se,canonical,0.03,0.5,0.11409262503490279,0.10349644508217404,0.01059617995272876,,False
hotpotqa,residual_mutual_k7,one_se,canonical,1.0,0.5,-0.1144103398344587,-0.050054523677578455,-0.06435581615688024,,False
math500,residual_mutual_k7,one_se,canonical,1.0,0.5,-0.052174923252503724,-0.16689798559683,0.11472306234432626,,False
nq_open,residual_mutual_k7,one_se,canonical,0.03,0.5,-0.5122984347446513,-0.5168964509412066,0.00459801619655531,,False
sciq,residual_mutual_k7,one_se,canonical,0.03,0.5,0.47852341346701355,0.47852341346701355,0.0,,False
squad_v2,residual_mutual_k7,one_se,canonical,0.03,0.5,0.3574850230281923,0.3489432433368522,0.008541779691340068,,False
triviaqa,residual_mutual_k7,one_se,canonical,1.0,0.5,-0.15435749498408463,-0.20516216319994193,0.050804668215857315,,False
truthfulqa,residual_mutual_k7,one_se,canonical,0.03,0.5,0.4623034820751881,0.46322729202683544,-0.0009238099516473142,,False
gsm8k,residual_mutual_k7,one_se,v1,0.03,0.25,0.08868705494015972,0.08474678325920859,0.003940271680951117,,False
hotpotqa,residual_mutual_k7,one_se,v1,0.03,0.25,-0.04469153899784306,-0.050054523677578455,0.005362984679735394,,False
math500,residual_mutual_k7,one_se,v1,0.03,0.25,0.002176735303014432,-0.008741781167671547,0.010918516470685978,,False
nq_open,residual_mutual_k7,one_se,v1,0.03,0.25,-0.24307395841927093,-0.2453338106618519,0.002259852242580962,,False
sciq,residual_mutual_k7,one_se,v1,0.03,0.25,0.26204853594622435,0.23926170673350677,0.022786829212717574,,False
squad_v2,residual_mutual_k7,one_se,v1,0.03,0.25,0.21833481467802285,0.21175533572658223,0.0065794789514406204,,False
triviaqa,residual_mutual_k7,one_se,v1,0.03,0.25,-0.06726900461154392,-0.06759610128105331,0.00032709666950939695,,False
truthfulqa,residual_mutual_k7,one_se,v1,0.03,0.25,0.24406696643998194,0.24457415621734757,-0.0005071897773656353,,False
gsm8k,residual_mutual_k7,one_se,expanded,0.03,0.25,0.08868705494015972,0.08474678325920859,0.003940271680951117,,False
hotpotqa,residual_mutual_k7,one_se,expanded,0.03,0.25,-0.04469153899784306,-0.050054523677578455,0.005362984679735394,,False
math500,residual_mutual_k7,one_se,expanded,0.03,0.25,0.002176735303014432,-0.008741781167671547,0.010918516470685978,,False
nq_open,residual_mutual_k7,one_se,expanded,0.03,0.25,-0.24307395841927093,-0.2453338106618519,0.002259852242580962,,False
sciq,residual_mutual_k7,one_se,expanded,0.03,0.25,0.26204853594622435,0.23926170673350677,0.022786829212717574,,False
squad_v2,residual_mutual_k7,one_se,expanded,0.03,0.25,0.21833481467802285,0.21175533572658223,0.0065794789514406204,,False
triviaqa,residual_mutual_k7,one_se,expanded,0.03,0.25,-0.06726900461154392,-0.06759610128105331,0.00032709666950939695,,False
truthfulqa,residual_mutual_k7,one_se,expanded,0.03,0.25,0.24406696643998194,0.24457415621734757,-0.0005071897773656353,,False
gsm8k,residual_mutual_k7,max_mean,canonical,10.0,1.0,0.38884761896420983,0.0025501087749513207,0.3862975101892585,,False
hotpotqa,residual_mutual_k7,max_mean,canonical,3.0,0.5,-0.18055381755126554,-0.050054523677578455,-0.13049929387368708,,False
math500,residual_mutual_k7,max_mean,canonical,3.0,0.5,-0.005316506688939349,-0.16689798559683,0.16158147890789065,,False
nq_open,residual_mutual_k7,max_mean,canonical,1.0,0.5,-0.4479485827677876,-0.5168964509412066,0.06894786817341902,,False
sciq,residual_mutual_k7,max_mean,canonical,3.0,0.5,0.5696707303178727,0.47852341346701355,0.0911473168508592,,False
squad_v2,residual_mutual_k7,max_mean,canonical,30.0,0.5,0.3283390855678636,0.3489432433368522,-0.020604157768988607,,False
triviaqa,residual_mutual_k7,max_mean,canonical,1.0,0.5,-0.15435749498408463,-0.20516216319994193,0.050804668215857315,,False
truthfulqa,residual_mutual_k7,max_mean,canonical,3.0,0.5,0.41114977024303556,0.46322729202683544,-0.052077521783799874,,False
gsm8k,residual_mutual_k7,max_mean,v1,10.0,1.0,0.38884761896420983,0.0025501087749513207,0.3862975101892585,,False
hotpotqa,residual_mutual_k7,max_mean,v1,3.0,0.5,-0.18055381755126554,-0.050054523677578455,-0.13049929387368708,,False
math500,residual_mutual_k7,max_mean,v1,3.0,0.5,-0.005316506688939349,-0.16689798559683,0.16158147890789065,,False
nq_open,residual_mutual_k7,max_mean,v1,1.0,0.5,-0.4479485827677876,-0.5168964509412066,0.06894786817341902,,False
sciq,residual_mutual_k7,max_mean,v1,3.0,0.5,0.5696707303178727,0.47852341346701355,0.0911473168508592,,False
squad_v2,residual_mutual_k7,max_mean,v1,30.0,0.5,0.3283390855678636,0.3489432433368522,-0.020604157768988607,,False
triviaqa,residual_mutual_k7,max_mean,v1,1.0,0.5,-0.15435749498408463,-0.20516216319994193,0.050804668215857315,,False
truthfulqa,residual_mutual_k7,max_mean,v1,3.0,0.25,0.21921466734872164,0.24457415621734757,-0.025359488868625935,,False
gsm8k,residual_mutual_k7,max_mean,expanded,10.0,1.0,0.38884761896420983,0.0025501087749513207,0.3862975101892585,,False
hotpotqa,residual_mutual_k7,max_mean,expanded,3.0,0.5,-0.18055381755126554,-0.050054523677578455,-0.13049929387368708,,False
math500,residual_mutual_k7,max_mean,expanded,3.0,0.5,-0.005316506688939349,-0.16689798559683,0.16158147890789065,,False
nq_open,residual_mutual_k7,max_mean,expanded,1.0,0.5,-0.4479485827677876,-0.5168964509412066,0.06894786817341902,,False
sciq,residual_mutual_k7,max_mean,expanded,3.0,0.5,0.5696707303178727,0.47852341346701355,0.0911473168508592,,False
squad_v2,residual_mutual_k7,max_mean,expanded,30.0,0.5,0.3283390855678636,0.3489432433368522,-0.020604157768988607,,False
triviaqa,residual_mutual_k7,max_mean,expanded,1.0,0.5,-0.15435749498408463,-0.20516216319994193,0.050804668215857315,,False
truthfulqa,residual_mutual_k7,max_mean,expanded,3.0,0.25,0.21921466734872164,0.24457415621734757,-0.025359488868625935,,False
gsm8k,contribution_union_k7,one_se,canonical,0.03,1.0,0.561888383988447,0.5530751581349191,0.008813225853527857,,False
hotpotqa,contribution_union_k7,one_se,canonical,0.3,1.0,0.27529988022667595,0.29496415738572423,-0.019664277159048282,,False
math500,contribution_union_k7,one_se,canonical,0.03,1.0,0.7811688014728113,0.7793490923499147,0.00181970912289664,,False
nq_open,contribution_union_k7,one_se,canonical,0.3,1.0,0.7673484913109041,0.8490891369070441,-0.08174064559614003,,False
sciq,contribution_union_k7,one_se,canonical,0.03,1.0,0.3076221943716484,0.35319585279707244,-0.045573658425424046,,False
squad_v2,contribution_union_k7,one_se,canonical,0.03,1.0,0.7755127953551266,0.7285907217803977,0.046922073574728884,,False
triviaqa,contribution_union_k7,one_se,canonical,1.0,1.0,-0.12897714170550706,0.0022270157629566967,-0.13120415746846376,,False
truthfulqa,contribution_union_k7,one_se,canonical,0.03,1.0,-0.07448444159130485,-0.10870163764333807,0.034217196052033216,,False
gsm8k,contribution_union_k7,one_se,v1,0.03,1.0,0.561888383988447,0.5530751581349191,0.008813225853527857,,False
hotpotqa,contribution_union_k7,one_se,v1,0.3,1.0,0.27529988022667595,0.29496415738572423,-0.019664277159048282,,False
math500,contribution_union_k7,one_se,v1,0.03,1.0,0.7811688014728113,0.7793490923499147,0.00181970912289664,,False
nq_open,contribution_union_k7,one_se,v1,0.3,1.0,0.7673484913109041,0.8490891369070441,-0.08174064559614003,,False
sciq,contribution_union_k7,one_se,v1,0.03,1.0,0.3076221943716484,0.35319585279707244,-0.045573658425424046,,False
squad_v2,contribution_union_k7,one_se,v1,0.03,1.0,0.7755127953551266,0.7285907217803977,0.046922073574728884,,False
triviaqa,contribution_union_k7,one_se,v1,1.0,1.0,-0.12897714170550706,0.0022270157629566967,-0.13120415746846376,,False
truthfulqa,contribution_union_k7,one_se,v1,0.03,1.0,-0.07448444159130485,-0.10870163764333807,0.034217196052033216,,False
gsm8k,contribution_union_k7,one_se,expanded,0.03,1.0,0.561888383988447,0.5530751581349191,0.008813225853527857,,False
hotpotqa,contribution_union_k7,one_se,expanded,0.3,1.0,0.27529988022667595,0.29496415738572423,-0.019664277159048282,,False
math500,contribution_union_k7,one_se,expanded,0.03,1.0,0.7811688014728113,0.7793490923499147,0.00181970912289664,,False
nq_open,contribution_union_k7,one_se,expanded,0.3,1.0,0.7673484913109041,0.8490891369070441,-0.08174064559614003,,False
sciq,contribution_union_k7,one_se,expanded,0.03,1.0,0.3076221943716484,0.35319585279707244,-0.045573658425424046,,False
squad_v2,contribution_union_k7,one_se,expanded,0.03,1.0,0.7755127953551266,0.7285907217803977,0.046922073574728884,,False
triviaqa,contribution_union_k7,one_se,expanded,1.0,1.0,-0.12897714170550706,0.0022270157629566967,-0.13120415746846376,,False
truthfulqa,contribution_union_k7,one_se,expanded,0.03,1.0,-0.07448444159130485,-0.10870163764333807,0.034217196052033216,,False
gsm8k,contribution_union_k7,max_mean,canonical,1.0,1.0,0.6636171189116113,0.5530751581349191,0.11054196077669218,,False
hotpotqa,contribution_union_k7,max_mean,canonical,3.0,1.0,0.28245052646632685,0.29496415738572423,-0.01251363091939739,,False
math500,contribution_union_k7,max_mean,canonical,1.0,1.0,0.808947507743496,0.7793490923499147,0.02959841539358129,,False
nq_open,contribution_union_k7,max_mean,canonical,3.0,1.0,0.5107769500664938,0.8490891369070441,-0.3383121868405503,,False
sciq,contribution_union_k7,max_mean,canonical,1.0,1.0,0.8317192662641082,0.35319585279707244,0.47852341346703575,,False
squad_v2,contribution_union_k7,max_mean,canonical,3.0,1.0,1.0613738413768559,0.7285907217803977,0.3327831195964581,,False
triviaqa,contribution_union_k7,max_mean,canonical,3.0,2.0,-0.9189690425520572,-0.8204455152505452,-0.09852352730151201,,False
truthfulqa,contribution_union_k7,max_mean,canonical,1.0,1.0,0.4501852691800923,-0.10870163764333807,0.5588869068234303,,False
gsm8k,contribution_union_k7,max_mean,v1,1.0,1.0,0.6636171189116113,0.5530751581349191,0.11054196077669218,,False
hotpotqa,contribution_union_k7,max_mean,v1,3.0,1.0,0.28245052646632685,0.29496415738572423,-0.01251363091939739,,False
math500,contribution_union_k7,max_mean,v1,1.0,1.0,0.808947507743496,0.7793490923499147,0.02959841539358129,,False
nq_open,contribution_union_k7,max_mean,v1,3.0,1.0,0.5107769500664938,0.8490891369070441,-0.3383121868405503,,False
sciq,contribution_union_k7,max_mean,v1,1.0,1.0,0.8317192662641082,0.35319585279707244,0.47852341346703575,,False
squad_v2,contribution_union_k7,max_mean,v1,3.0,1.0,1.0613738413768559,0.7285907217803977,0.3327831195964581,,False
triviaqa,contribution_union_k7,max_mean,v1,3.0,1.0,-0.19929979813948875,0.0022270157629566967,-0.20152681390244545,,False
truthfulqa,contribution_union_k7,max_mean,v1,1.0,1.0,0.4501852691800923,-0.10870163764333807,0.5588869068234303,,False
gsm8k,contribution_union_k7,max_mean,expanded,1.0,1.0,0.6636171189116113,0.5530751581349191,0.11054196077669218,,False
hotpotqa,contribution_union_k7,max_mean,expanded,3.0,1.0,0.28245052646632685,0.29496415738572423,-0.01251363091939739,,False
math500,contribution_union_k7,max_mean,expanded,1.0,1.0,0.808947507743496,0.7793490923499147,0.02959841539358129,,False
nq_open,contribution_union_k7,max_mean,expanded,3.0,1.0,0.5107769500664938,0.8490891369070441,-0.3383121868405503,,False
sciq,contribution_union_k7,max_mean,expanded,1.0,1.0,0.8317192662641082,0.35319585279707244,0.47852341346703575,,False
squad_v2,contribution_union_k7,max_mean,expanded,3.0,1.0,1.0613738413768559,0.7285907217803977,0.3327831195964581,,False
triviaqa,contribution_union_k7,max_mean,expanded,3.0,2.0,-0.9189690425520572,-0.8204455152505452,-0.09852352730151201,,False
truthfulqa,contribution_union_k7,max_mean,expanded,1.0,1.0,0.4501852691800923,-0.10870163764333807,0.5588869068234303,,False
gsm8k,dufs_union_k7,one_se,canonical,0.03,0.5,0.09102581027670698,0.08801536471480076,0.003010445561906221,,False
hotpotqa,dufs_union_k7,one_se,canonical,0.03,0.5,0.039328554318096565,0.04469153899784306,-0.005362984679746496,,False
math500,dufs_union_k7,one_se,canonical,0.03,0.5,0.11355158713544979,0.11476602083882793,-0.0012144337033781483,,False
nq_open,dufs_union_k7,one_se,canonical,0.03,0.5,0.5283411481895262,0.5274741256707238,0.0008670225188023295,,False
sciq,dufs_union_k7,one_se,canonical,30.0,0.5,0.06836048763814162,-0.022786829212717574,0.0911473168508592,,False
squad_v2,dufs_union_k7,one_se,canonical,0.03,0.5,-0.26467974097628133,-0.267103759537346,0.002424018561064667,,False
triviaqa,dufs_union_k7,one_se,canonical,10.0,0.5,0.12058634865306968,0.10246862702921744,0.018117721623852234,,False
truthfulqa,dufs_union_k7,one_se,canonical,0.03,0.5,-0.5047987398507758,-0.5049979929775961,0.00019925312682023133,,False
gsm8k,dufs_union_k7,one_se,v1,0.03,0.25,0.07181712384451089,0.07022847954805678,0.0015886442964541136,,False
hotpotqa,dufs_union_k7,one_se,v1,0.03,0.25,0.014301292479301786,0.014301292479312888,-1.1102230246251565e-14,,False
math500,dufs_union_k7,one_se,v1,0.03,0.25,0.09579542159842136,0.09512554714111499,0.0006698744573063764,,False
nq_open,dufs_union_k7,one_se,v1,0.03,0.25,0.2841596384236422,0.28411488887427616,4.4749549366063235e-05,,False
sciq,dufs_union_k7,one_se,v1,0.03,0.25,-0.011393414606364338,-0.011393414606364338,0.0,,False
squad_v2,dufs_union_k7,one_se,v1,0.03,0.25,-0.06562164533143733,-0.06504449805501133,-0.0005771472764259933,,False
triviaqa,dufs_union_k7,one_se,v1,0.03,0.25,0.0468611450226845,0.04460883444721657,0.0022523105754679307,,False
truthfulqa,dufs_union_k7,one_se,v1,0.03,0.25,-0.24057097976023512,-0.24058909368084302,1.8113920607909506e-05,,False
gsm8k,dufs_union_k7,one_se,expanded,0.03,0.25,0.07181712384451089,0.07022847954805678,0.0015886442964541136,,False
hotpotqa,dufs_union_k7,one_se,expanded,0.03,0.25,0.014301292479301786,0.014301292479312888,-1.1102230246251565e-14,,False
math500,dufs_union_k7,one_se,expanded,0.03,0.25,0.09579542159842136,0.09512554714111499,0.0006698744573063764,,False
nq_open,dufs_union_k7,one_se,expanded,0.03,0.25,0.2841596384236422,0.28411488887427616,4.4749549366063235e-05,,False
sciq,dufs_union_k7,one_se,expanded,0.03,0.25,-0.011393414606364338,-0.011393414606364338,0.0,,False
squad_v2,dufs_union_k7,one_se,expanded,0.03,0.25,-0.06562164533143733,-0.06504449805501133,-0.0005771472764259933,,False
triviaqa,dufs_union_k7,one_se,expanded,0.03,0.25,0.0468611450226845,0.04460883444721657,0.0022523105754679307,,False
truthfulqa,dufs_union_k7,one_se,expanded,0.03,0.25,-0.24057097976023512,-0.24058909368084302,1.8113920607909506e-05,,False
gsm8k,dufs_union_k7,max_mean,canonical,10.0,0.5,0.1920263850161108,0.08801536471480076,0.10401102030131004,,False
hotpotqa,dufs_union_k7,max_mean,canonical,100.0,0.5,0.05005452367756735,0.04469153899784306,0.005362984679724292,,False
math500,dufs_union_k7,max_mean,canonical,3.0,0.5,0.1398794069236442,0.11476602083882793,0.025113386084816267,,False
nq_open,dufs_union_k7,max_mean,canonical,10.0,0.5,0.5264392923418182,0.5274741256707238,-0.0010348333289056377,,False
sciq,dufs_union_k7,max_mean,canonical,10.0,0.5,0.07975390224451706,-0.022786829212717574,0.10254073145723464,,False
squad_v2,dufs_union_k7,max_mean,canonical,10.0,0.5,-0.20529128623040238,-0.267103759537346,0.061812473306943616,,False
triviaqa,dufs_union_k7,max_mean,canonical,10.0,0.5,0.12058634865306968,0.10246862702921744,0.018117721623852234,,False
truthfulqa,dufs_union_k7,max_mean,canonical,10.0,1.0,-1.0375653731395262,-1.08674466762404,0.04917929448451375,,False
gsm8k,dufs_union_k7,max_mean,v1,10.0,0.5,0.1920263850161108,0.08801536471480076,0.10401102030131004,,False
hotpotqa,dufs_union_k7,max_mean,v1,100.0,0.5,0.05005452367756735,0.04469153899784306,0.005362984679724292,,False
math500,dufs_union_k7,max_mean,v1,30.0,0.25,0.09788979139448983,0.09512554714111499,0.00276424425337485,,False
nq_open,dufs_union_k7,max_mean,v1,10.0,0.25,0.28236406275565784,0.28411488887427616,-0.0017508261186183205,,False
sciq,dufs_union_k7,max_mean,v1,10.0,0.25,0.05696707303176618,-0.011393414606364338,0.06836048763813052,,False
squad_v2,dufs_union_k7,max_mean,v1,10.0,0.5,-0.20529128623040238,-0.267103759537346,0.061812473306943616,,False
triviaqa,dufs_union_k7,max_mean,v1,10.0,0.25,0.05678208241627347,0.04460883444721657,0.012173247969056906,,False
truthfulqa,dufs_union_k7,max_mean,v1,10.0,1.0,-1.0375653731395262,-1.08674466762404,0.04917929448451375,,False
gsm8k,dufs_union_k7,max_mean,expanded,10.0,0.5,0.1920263850161108,0.08801536471480076,0.10401102030131004,,False
hotpotqa,dufs_union_k7,max_mean,expanded,100.0,0.5,0.05005452367756735,0.04469153899784306,0.005362984679724292,,False
math500,dufs_union_k7,max_mean,expanded,30.0,0.25,0.09788979139448983,0.09512554714111499,0.00276424425337485,,False
nq_open,dufs_union_k7,max_mean,expanded,10.0,0.25,0.28236406275565784,0.28411488887427616,-0.0017508261186183205,,False
sciq,dufs_union_k7,max_mean,expanded,10.0,0.25,0.05696707303176618,-0.011393414606364338,0.06836048763813052,,False
squad_v2,dufs_union_k7,max_mean,expanded,10.0,0.5,-0.20529128623040238,-0.267103759537346,0.061812473306943616,,False
triviaqa,dufs_union_k7,max_mean,expanded,10.0,0.25,0.05678208241627347,0.04460883444721657,0.012173247969056906,,False
truthfulqa,dufs_union_k7,max_mean,expanded,10.0,1.0,-1.0375653731395262,-1.08674466762404,0.04917929448451375,,False
gsm8k,residual_cosine_union_k7,one_se,canonical,1.0,0.5,-0.02459792972444363,-0.05914113810738031,0.034543208382936674,,False
hotpotqa,residual_cosine_union_k7,one_se,canonical,0.03,0.5,-0.17340317131160354,-0.17340317131160354,0.0,,False
math500,residual_cosine_union_k7,one_se,canonical,0.03,0.5,-0.3026971807478307,-0.32696782889536147,0.024270648147530764,,False
nq_open,residual_cosine_union_k7,one_se,canonical,0.03,0.5,-0.5767265984329195,-0.5811735849003963,0.004446986467476766,,False
sciq,residual_cosine_union_k7,one_se,canonical,0.03,0.5,0.19368804830806052,0.17090121909535405,0.022786829212706472,,False
squad_v2,residual_cosine_union_k7,one_se,canonical,1.0,0.5,0.16719956598525432,0.19986610183188036,-0.032666535846626044,,False
triviaqa,residual_cosine_union_k7,one_se,canonical,0.03,0.5,-0.19938668705190934,-0.20624883508458444,0.006862148032675108,,False
truthfulqa,residual_cosine_union_k7,one_se,canonical,0.03,0.5,0.21591793379579505,0.22702176713612632,-0.01110383334033127,,False
gsm8k,residual_cosine_union_k7,one_se,v1,0.03,0.25,0.0061000235805031,0.0020395519604388124,0.004060471620064288,,False
hotpotqa,residual_cosine_union_k7,one_se,v1,0.03,0.25,-0.09474606267541041,-0.09117073955557942,-0.0035753231198309976,,False
math500,residual_cosine_union_k7,one_se,v1,0.03,0.25,-0.08389808074642291,-0.0843705252008875,0.0004724444544645999,,False
nq_open,residual_cosine_union_k7,one_se,v1,0.03,0.25,-0.27215557180834127,-0.2742699880155075,0.0021144162071662365,,False
sciq,residual_cosine_union_k7,one_se,v1,0.03,0.25,0.13672097527628324,0.14811438988264758,-0.011393414606364338,,False
squad_v2,residual_cosine_union_k7,one_se,v1,0.03,0.25,0.16362125287131546,0.16142809322085006,0.002193159650465404,,False
triviaqa,residual_cosine_union_k7,one_se,v1,0.03,0.25,-0.07616173991585132,-0.0802942886480936,0.004132548732242269,,False
truthfulqa,residual_cosine_union_k7,one_se,v1,0.03,0.25,0.12326522982218924,0.1293696210712736,-0.006104391249084351,,False
gsm8k,residual_cosine_union_k7,one_se,expanded,0.03,0.25,0.0061000235805031,0.0020395519604388124,0.004060471620064288,,False
hotpotqa,residual_cosine_union_k7,one_se,expanded,0.03,0.25,-0.09474606267541041,-0.09117073955557942,-0.0035753231198309976,,False
math500,residual_cosine_union_k7,one_se,expanded,0.03,0.25,-0.08389808074642291,-0.0843705252008875,0.0004724444544645999,,False
nq_open,residual_cosine_union_k7,one_se,expanded,0.03,0.25,-0.27215557180834127,-0.2742699880155075,0.0021144162071662365,,False
sciq,residual_cosine_union_k7,one_se,expanded,0.03,0.25,0.13672097527628324,0.14811438988264758,-0.011393414606364338,,False
squad_v2,residual_cosine_union_k7,one_se,expanded,0.03,0.25,0.16362125287131546,0.16142809322085006,0.002193159650465404,,False
triviaqa,residual_cosine_union_k7,one_se,expanded,0.03,0.25,-0.07616173991585132,-0.0802942886480936,0.004132548732242269,,False
truthfulqa,residual_cosine_union_k7,one_se,expanded,0.03,0.25,0.12326522982218924,0.1293696210712736,-0.006104391249084351,,False
gsm8k,residual_cosine_union_k7,max_mean,canonical,1.0,0.5,-0.02459792972444363,-0.05914113810738031,0.034543208382936674,,False
hotpotqa,residual_cosine_union_k7,max_mean,canonical,3.0,0.5,-0.30211480362537513,-0.17340317131160354,-0.12871163231377158,,False
math500,residual_cosine_union_k7,max_mean,canonical,0.03,0.5,-0.3026971807478307,-0.32696782889536147,0.024270648147530764,,False
nq_open,residual_cosine_union_k7,max_mean,canonical,0.3,0.5,-0.5454019138822819,-0.5811735849003963,0.035771671018114404,,False
sciq,residual_cosine_union_k7,max_mean,canonical,0.03,0.5,0.19368804830806052,0.17090121909535405,0.022786829212706472,,False
squad_v2,residual_cosine_union_k7,max_mean,canonical,3.0,0.5,0.13811134325258934,0.19986610183188036,-0.061754758579291025,,False
triviaqa,residual_cosine_union_k7,max_mean,canonical,1.0,0.5,-0.15090943500553805,-0.20624883508458444,0.055339400079046384,,False
truthfulqa,residual_cosine_union_k7,max_mean,canonical,0.1,0.5,0.1937102671151214,0.22702176713612632,-0.033311500021004914,,False
gsm8k,residual_cosine_union_k7,max_mean,v1,3.0,0.25,0.022267918453877655,0.0020395519604388124,0.020228366493438843,,False
hotpotqa,residual_cosine_union_k7,max_mean,v1,0.1,0.25,-0.1108350167146277,-0.09117073955557942,-0.019664277159048282,,False
math500,residual_cosine_union_k7,max_mean,v1,0.3,0.25,-0.08953301444954764,-0.0843705252008875,-0.005162489248660133,,False
nq_open,residual_cosine_union_k7,max_mean,v1,1.0,0.25,-0.23643983772694277,-0.2742699880155075,0.037830150288564734,,False
sciq,residual_cosine_union_k7,max_mean,v1,0.03,0.25,0.13672097527628324,0.14811438988264758,-0.011393414606364338,,False
squad_v2,residual_cosine_union_k7,max_mean,v1,1.0,0.25,0.13643761615089733,0.16142809322085006,-0.02499047706995272,,False
triviaqa,residual_cosine_union_k7,max_mean,v1,1.0,0.25,-0.050165091600303434,-0.0802942886480936,0.030129197047790157,,False
truthfulqa,residual_cosine_union_k7,max_mean,v1,0.3,0.25,0.0899175019599241,0.1293696210712736,-0.03945211911134949,,False
gsm8k,residual_cosine_union_k7,max_mean,expanded,3.0,0.25,0.022267918453877655,0.0020395519604388124,0.020228366493438843,,False
hotpotqa,residual_cosine_union_k7,max_mean,expanded,0.1,0.25,-0.1108350167146277,-0.09117073955557942,-0.019664277159048282,,False
math500,residual_cosine_union_k7,max_mean,expanded,0.3,0.25,-0.08953301444954764,-0.0843705252008875,-0.005162489248660133,,False
nq_open,residual_cosine_union_k7,max_mean,expanded,1.0,0.25,-0.23643983772694277,-0.2742699880155075,0.037830150288564734,,False
sciq,residual_cosine_union_k7,max_mean,expanded,0.03,0.25,0.13672097527628324,0.14811438988264758,-0.011393414606364338,,False
squad_v2,residual_cosine_union_k7,max_mean,expanded,1.0,0.25,0.13643761615089733,0.16142809322085006,-0.02499047706995272,,False
triviaqa,residual_cosine_union_k7,max_mean,expanded,1.0,0.25,-0.050165091600303434,-0.0802942886480936,0.030129197047790157,,False
truthfulqa,residual_cosine_union_k7,max_mean,expanded,0.3,0.25,0.0899175019599241,0.1293696210712736,-0.03945211911134949,,False
gsm8k,residual_shrinkage_mahalanobis_union_k7,one_se,canonical,1.0,0.5,0.08233041239629757,-0.0464405840132065,0.12877099640950407,,False
hotpotqa,residual_shrinkage_mahalanobis_union_k7,one_se,canonical,0.3,0.5,0.012513630919386287,-0.03217790807844567,0.04469153899783196,,False
math500,residual_shrinkage_mahalanobis_union_k7,one_se,canonical,0.03,0.5,-0.30587189341870324,-0.29664637433849617,-0.009225519080207105,,False
nq_open,residual_shrinkage_mahalanobis_union_k7,one_se,canonical,0.03,0.5,-0.5636709174077104,-0.5692590173838052,0.005588099976094885,,False
sciq,residual_shrinkage_mahalanobis_union_k7,one_se,canonical,0.3,0.5,0.4329497550415784,0.26204853594622435,0.17090121909535405,,False
squad_v2,residual_shrinkage_mahalanobis_union_k7,one_se,canonical,1.0,0.5,0.2937679637089907,0.2715477935659738,0.022220170143016915,,False
triviaqa,residual_shrinkage_mahalanobis_union_k7,one_se,canonical,3.0,0.5,-0.20174685604525955,-0.24114006665238996,0.03939321060713041,,False
truthfulqa,residual_shrinkage_mahalanobis_union_k7,one_se,canonical,0.03,0.5,0.4425230807576619,0.4461820927229909,-0.0036590119653290287,,False
gsm8k,residual_shrinkage_mahalanobis_union_k7,one_se,v1,0.03,0.25,0.012312816051234242,0.009205728399919177,0.003107087651315065,,False
hotpotqa,residual_shrinkage_mahalanobis_union_k7,one_se,v1,0.03,0.25,-0.01072596935948189,-0.02145193871896378,0.01072596935948189,,False
math500,residual_shrinkage_mahalanobis_union_k7,one_se,v1,0.03,0.25,-0.08652808778679688,-0.090258263068137,0.0037301752813401244,,False
nq_open,residual_shrinkage_mahalanobis_union_k7,one_se,v1,0.03,0.25,-0.2680330195737324,-0.2711710817224655,0.003138062148733134,,False
sciq,residual_shrinkage_mahalanobis_union_k7,one_se,v1,0.03,0.25,0.22786829212714244,0.2164748775207892,0.011393414606353236,,False
squad_v2,residual_shrinkage_mahalanobis_union_k7,one_se,v1,0.03,0.25,0.19657636235616005,0.1935174817910279,0.0030588805651321493,,False
triviaqa,residual_shrinkage_mahalanobis_union_k7,one_se,v1,0.03,0.25,-0.10428239350275999,-0.10531228890089395,0.0010298953981339619,,False
truthfulqa,residual_shrinkage_mahalanobis_union_k7,one_se,v1,0.03,0.25,0.23374203168632368,0.23716556268358335,-0.0034235309972596717,,False
gsm8k,residual_shrinkage_mahalanobis_union_k7,one_se,expanded,0.03,0.25,0.012312816051234242,0.009205728399919177,0.003107087651315065,,False
hotpotqa,residual_shrinkage_mahalanobis_union_k7,one_se,expanded,0.03,0.25,-0.01072596935948189,-0.02145193871896378,0.01072596935948189,,False
math500,residual_shrinkage_mahalanobis_union_k7,one_se,expanded,0.03,0.25,-0.08652808778679688,-0.090258263068137,0.0037301752813401244,,False
nq_open,residual_shrinkage_mahalanobis_union_k7,one_se,expanded,0.03,0.25,-0.2680330195737324,-0.2711710817224655,0.003138062148733134,,False
sciq,residual_shrinkage_mahalanobis_union_k7,one_se,expanded,0.03,0.25,0.22786829212714244,0.2164748775207892,0.011393414606353236,,False
squad_v2,residual_shrinkage_mahalanobis_union_k7,one_se,expanded,0.03,0.25,0.19657636235616005,0.1935174817910279,0.0030588805651321493,,False
triviaqa,residual_shrinkage_mahalanobis_union_k7,one_se,expanded,0.03,0.25,-0.10428239350275999,-0.10531228890089395,0.0010298953981339619,,False
truthfulqa,residual_shrinkage_mahalanobis_union_k7,one_se,expanded,0.03,0.25,0.23374203168632368,0.23716556268358335,-0.0034235309972596717,,False
gsm8k,residual_shrinkage_mahalanobis_union_k7,max_mean,canonical,3.0,0.5,0.1447323964654612,-0.0464405840132065,0.1911729804786677,,False
hotpotqa,residual_shrinkage_mahalanobis_union_k7,max_mean,canonical,10.0,0.5,-0.11977332451420519,-0.03217790807844567,-0.08759541643575952,,False
math500,residual_shrinkage_mahalanobis_union_k7,max_mean,canonical,3.0,0.5,-0.23910852943766378,-0.29664637433849617,0.057537844900832365,,False
nq_open,residual_shrinkage_mahalanobis_union_k7,max_mean,canonical,1.0,0.5,-0.47233149347425396,-0.5692590173838052,0.09692752390955128,,False
sciq,residual_shrinkage_mahalanobis_union_k7,max_mean,canonical,3.0,0.5,0.7063917055941671,0.26204853594622435,0.44434316964794274,,False
squad_v2,residual_shrinkage_mahalanobis_union_k7,max_mean,canonical,30.0,0.5,0.16529497997299636,0.2715477935659738,-0.10625281359297745,,False
triviaqa,residual_shrinkage_mahalanobis_union_k7,max_mean,canonical,10.0,0.5,-0.20901862639967442,-0.24114006665238996,0.03212144025271555,,False
truthfulqa,residual_shrinkage_mahalanobis_union_k7,max_mean,canonical,3.0,0.5,0.34548680799389997,0.4461820927229909,-0.10069528472909095,,False
gsm8k,residual_shrinkage_mahalanobis_union_k7,max_mean,v1,3.0,0.5,0.1447323964654612,-0.0464405840132065,0.1911729804786677,,False
hotpotqa,residual_shrinkage_mahalanobis_union_k7,max_mean,v1,10.0,0.5,-0.11977332451420519,-0.03217790807844567,-0.08759541643575952,,False
math500,residual_shrinkage_mahalanobis_union_k7,max_mean,v1,3.0,0.5,-0.23910852943766378,-0.29664637433849617,0.057537844900832365,,False
nq_open,residual_shrinkage_mahalanobis_union_k7,max_mean,v1,3.0,0.25,-0.20291123787041787,-0.2711710817224655,0.06825984385204764,,False
sciq,residual_shrinkage_mahalanobis_union_k7,max_mean,v1,3.0,0.5,0.7063917055941671,0.26204853594622435,0.44434316964794274,,False
squad_v2,residual_shrinkage_mahalanobis_union_k7,max_mean,v1,3.0,0.25,0.19288261978693821,0.1935174817910279,-0.0006348620040896868,,False
triviaqa,residual_shrinkage_mahalanobis_union_k7,max_mean,v1,10.0,0.5,-0.20901862639967442,-0.24114006665238996,0.03212144025271555,,False
truthfulqa,residual_shrinkage_mahalanobis_union_k7,max_mean,v1,3.0,0.25,0.18762398978665606,0.23716556268358335,-0.04954157289692729,,False
gsm8k,residual_shrinkage_mahalanobis_union_k7,max_mean,expanded,3.0,0.5,0.1447323964654612,-0.0464405840132065,0.1911729804786677,,False
hotpotqa,residual_shrinkage_mahalanobis_union_k7,max_mean,expanded,10.0,0.5,-0.11977332451420519,-0.03217790807844567,-0.08759541643575952,,False
math500,residual_shrinkage_mahalanobis_union_k7,max_mean,expanded,3.0,0.5,-0.23910852943766378,-0.29664637433849617,0.057537844900832365,,False
nq_open,residual_shrinkage_mahalanobis_union_k7,max_mean,expanded,3.0,0.25,-0.20291123787041787,-0.2711710817224655,0.06825984385204764,,False
sciq,residual_shrinkage_mahalanobis_union_k7,max_mean,expanded,3.0,0.5,0.7063917055941671,0.26204853594622435,0.44434316964794274,,False
squad_v2,residual_shrinkage_mahalanobis_union_k7,max_mean,expanded,3.0,0.25,0.19288261978693821,0.1935174817910279,-0.0006348620040896868,,False
triviaqa,residual_shrinkage_mahalanobis_union_k7,max_mean,expanded,10.0,0.5,-0.20901862639967442,-0.24114006665238996,0.03212144025271555,,False
truthfulqa,residual_shrinkage_mahalanobis_union_k7,max_mean,expanded,3.0,0.25,0.18762398978665606,0.23716556268358335,-0.04954157289692729,,False
