release_id,run_id,lane_id,task_id,dataset_id,population_id,cell_id,slice_id,cohort_id,method_id,method_version_id,adapter_id,system_id,comparison_group_id,feature_contract_id,access_contract_id,evaluator_id,evidence_grade,status,status_detail,aggregation_id,aggregation_level,metric_id,metric_unit,positive_class,better_direction,left_system_id,right_system_id,delta,ci_low,ci_high,wins,ties,losses,n_pairs,bootstrap_unit,bootstrap_draws,paired,fidelity
2026-08-24_frozen24_v1,evaluation::99e1c13f3978b5568ed6,static_fusion_frozen24,final_answer_detection,triviaqa,frozen24_response_v1::seiclr_triviaqa_opt30b,seiclr_triviaqa_opt30b,all::seiclr_triviaqa_opt30b,cohort::cb190808edb5b9156a7ca859efc16ad40592be735851f89f7c9e8f179fb145fd,ca_specrage_atomic,ca-specrage-atomic-provenance-balanced-duplicate-safe-v2,frozen24_response_score_adapter_v1,ca-specrage-atomic-provenance-balanced-duplicate-safe-v2::frozen24_response_score_adapter_v1,final_answer_detection::triviaqa::auroc::2434fbd5b437466b,dufs-liu-mixed-v2-development-2026-08-07,gray_box_single_pass_saved_telemetry_v1,reconstruction_24cell_grouped_evaluator_v1,D0,OK,Scientific paired bootstrap retained 20000/20000 valid draws.,frozen24::cell::seiclr_triviaqa_opt30b,cell,auroc,fraction,incorrect final answer,higher,ca-specrage-atomic-provenance-balanced-duplicate-safe-v2::frozen24_response_score_adapter_v1,iu-pcr-full-pool-two-component-mixed-v2-v1::frozen24_response_score_adapter_v1,0.0033649974658402915,0.0012158614459947452,0.0055705943322543793,1,0,0,1,verified source group within cell,20000,true,retrospective-common-matrix
2026-08-24_frozen24_v1,evaluation::99e1c13f3978b5568ed6,static_fusion_frozen24,final_answer_detection,triviaqa,frozen24_response_v1::seiclr_triviaqa_opt30b,seiclr_triviaqa_opt30b,all::seiclr_triviaqa_opt30b,cohort::cb190808edb5b9156a7ca859efc16ad40592be735851f89f7c9e8f179fb145fd,deem_b3,continuous-additive-deem-b3-five-seed-v1,frozen24_response_score_adapter_v1,continuous-additive-deem-b3-five-seed-v1::frozen24_response_score_adapter_v1,final_answer_detection::triviaqa::auroc::2434fbd5b437466b,dufs-liu-mixed-v2-development-2026-08-07,gray_box_single_pass_saved_telemetry_v1,reconstruction_24cell_grouped_evaluator_v1,D0,OK,Scientific paired bootstrap retained 20000/20000 valid draws.,frozen24::cell::seiclr_triviaqa_opt30b,cell,auroc,fraction,incorrect final answer,higher,continuous-additive-deem-b3-five-seed-v1::frozen24_response_score_adapter_v1,iu-pcr-full-pool-two-component-mixed-v2-v1::frozen24_response_score_adapter_v1,-0.0044646877066240043,-0.016254526163575318,0.0068124900992645367,0,0,1,1,verified source group within cell,20000,true,retrospective-common-matrix
2026-08-24_frozen24_v1,evaluation::99e1c13f3978b5568ed6,static_fusion_frozen24,final_answer_detection,triviaqa,frozen24_response_v1::seiclr_triviaqa_opt30b,seiclr_triviaqa_opt30b,all::seiclr_triviaqa_opt30b,cohort::cb190808edb5b9156a7ca859efc16ad40592be735851f89f7c9e8f179fb145fd,continuous_lsml,continuous-lsml-full-pool-mixed-v2-v1,frozen24_response_score_adapter_v1,continuous-lsml-full-pool-mixed-v2-v1::frozen24_response_score_adapter_v1,final_answer_detection::triviaqa::auroc::2434fbd5b437466b,dufs-liu-mixed-v2-development-2026-08-07,gray_box_single_pass_saved_telemetry_v1,reconstruction_24cell_grouped_evaluator_v1,D0,OK,Scientific paired bootstrap retained 20000/20000 valid draws.,frozen24::cell::seiclr_triviaqa_opt30b,cell,auroc,fraction,incorrect final answer,higher,continuous-lsml-full-pool-mixed-v2-v1::frozen24_response_score_adapter_v1,iu-pcr-full-pool-two-component-mixed-v2-v1::frozen24_response_score_adapter_v1,-0.010089042910913282,-0.016660155661404243,-0.0035492399757993537,0,0,1,1,verified source group within cell,20000,true,retrospective-common-matrix
2026-08-24_frozen24_v1,evaluation::99e1c13f3978b5568ed6,static_fusion_frozen24,final_answer_detection,triviaqa,frozen24_response_v1::seiclr_triviaqa_opt30b,seiclr_triviaqa_opt30b,all::seiclr_triviaqa_opt30b,cohort::cb190808edb5b9156a7ca859efc16ad40592be735851f89f7c9e8f179fb145fd,upcr,deployed-style-upcr-mixed-v2-v1,frozen24_response_score_adapter_v1,deployed-style-upcr-mixed-v2-v1::frozen24_response_score_adapter_v1,final_answer_detection::triviaqa::auroc::2434fbd5b437466b,dufs-liu-mixed-v2-development-2026-08-07,gray_box_single_pass_saved_telemetry_v1,reconstruction_24cell_grouped_evaluator_v1,D0,OK,Scientific paired bootstrap retained 20000/20000 valid draws.,frozen24::cell::seiclr_triviaqa_opt30b,cell,auroc,fraction,incorrect final answer,higher,deployed-style-upcr-mixed-v2-v1::frozen24_response_score_adapter_v1,iu-pcr-full-pool-two-component-mixed-v2-v1::frozen24_response_score_adapter_v1,-0.014642812119715187,-0.020724479639377971,-0.0087812187020463155,0,0,1,1,verified source group within cell,20000,true,retrospective-common-matrix
2026-08-24_frozen24_v1,evaluation::99e1c13f3978b5568ed6,static_fusion_frozen24,final_answer_detection,triviaqa,frozen24_response_v1::seiclr_triviaqa_opt30b,seiclr_triviaqa_opt30b,all::seiclr_triviaqa_opt30b,cohort::cb190808edb5b9156a7ca859efc16ad40592be735851f89f7c9e8f179fb145fd,dufs_pf_lsml,dufs-eq7-parameter-free-to-continuous-lsml-v1,frozen24_response_score_adapter_v1,dufs-eq7-parameter-free-to-continuous-lsml-v1::frozen24_response_score_adapter_v1,final_answer_detection::triviaqa::auroc::2434fbd5b437466b,dufs-liu-mixed-v2-development-2026-08-07,gray_box_single_pass_saved_telemetry_v1,reconstruction_24cell_grouped_evaluator_v1,D0,OK,Scientific paired bootstrap retained 20000/20000 valid draws.,frozen24::cell::seiclr_triviaqa_opt30b,cell,auroc,fraction,incorrect final answer,higher,dufs-eq7-parameter-free-to-continuous-lsml-v1::frozen24_response_score_adapter_v1,iu-pcr-full-pool-two-component-mixed-v2-v1::frozen24_response_score_adapter_v1,-0.061954898389200541,-0.079051607252883266,-0.045423144905347317,0,0,1,1,verified source group within cell,20000,true,retrospective-common-matrix
2026-08-24_frozen24_v1,evaluation::99e1c13f3978b5568ed6,static_fusion_frozen24,final_answer_detection,triviaqa,frozen24_response_v1::seiclr_triviaqa_opt30b,seiclr_triviaqa_opt30b,all::seiclr_triviaqa_opt30b,cohort::cb190808edb5b9156a7ca859efc16ad40592be735851f89f7c9e8f179fb145fd,dufs_liu,dufs-liu-duplicate-safe-k7-lambda01-mixed-v2-v2,frozen24_response_score_adapter_v1,dufs-liu-duplicate-safe-k7-lambda01-mixed-v2-v2::frozen24_response_score_adapter_v1,final_answer_detection::triviaqa::auroc::2434fbd5b437466b,dufs-liu-mixed-v2-development-2026-08-07,gray_box_single_pass_saved_telemetry_v1,reconstruction_24cell_grouped_evaluator_v1,D0,OK,Scientific paired bootstrap retained 20000/20000 valid draws.,frozen24::cell::seiclr_triviaqa_opt30b,cell,auroc,fraction,incorrect final answer,higher,dufs-liu-duplicate-safe-k7-lambda01-mixed-v2-v2::frozen24_response_score_adapter_v1,iu-pcr-full-pool-two-component-mixed-v2-v1::frozen24_response_score_adapter_v1,-0.0011427838194545403,-0.0019057376557952449,-0.00043521780978045309,0,0,1,1,verified source group within cell,20000,true,retrospective-common-matrix
2026-08-24_frozen24_v1,evaluation::99e1c13f3978b5568ed6,static_fusion_frozen24,final_answer_detection,triviaqa,frozen24_response_v1::seiclr_triviaqa_opt30b,seiclr_triviaqa_opt30b,all::seiclr_triviaqa_opt30b,cohort::cb190808edb5b9156a7ca859efc16ad40592be735851f89f7c9e8f179fb145fd,equal_family_mean,equal-family-mean-provenance-v1,frozen24_response_score_adapter_v1,equal-family-mean-provenance-v1::frozen24_response_score_adapter_v1,final_answer_detection::triviaqa::auroc::2434fbd5b437466b,dufs-liu-mixed-v2-development-2026-08-07,gray_box_single_pass_saved_telemetry_v1,reconstruction_24cell_grouped_evaluator_v1,D0,OK,Scientific paired bootstrap retained 20000/20000 valid draws.,frozen24::cell::seiclr_triviaqa_opt30b,cell,auroc,fraction,incorrect final answer,higher,equal-family-mean-provenance-v1::frozen24_response_score_adapter_v1,iu-pcr-full-pool-two-component-mixed-v2-v1::frozen24_response_score_adapter_v1,-0.0054360619930071685,-0.017724999743140422,0.0063550482467228933,0,0,1,1,verified source group within cell,20000,true,retrospective-common-matrix
2026-08-24_frozen24_v1,evaluation::99e1c13f3978b5568ed6,static_fusion_frozen24,final_answer_detection,triviaqa,frozen24_response_v1::seiclr_triviaqa_opt30b,seiclr_triviaqa_opt30b,all::seiclr_triviaqa_opt30b,cohort::cb190808edb5b9156a7ca859efc16ad40592be735851f89f7c9e8f179fb145fd,equal_feature_mean,equal-feature-mean-mixed-v2-v1,frozen24_response_score_adapter_v1,equal-feature-mean-mixed-v2-v1::frozen24_response_score_adapter_v1,final_answer_detection::triviaqa::auroc::2434fbd5b437466b,dufs-liu-mixed-v2-development-2026-08-07,gray_box_single_pass_saved_telemetry_v1,reconstruction_24cell_grouped_evaluator_v1,D0,OK,Scientific paired bootstrap retained 20000/20000 valid draws.,frozen24::cell::seiclr_triviaqa_opt30b,cell,auroc,fraction,incorrect final answer,higher,equal-feature-mean-mixed-v2-v1::frozen24_response_score_adapter_v1,iu-pcr-full-pool-two-component-mixed-v2-v1::frozen24_response_score_adapter_v1,-0.00044347794766508297,-0.0085348184707646074,0.0074429529348090427,0,0,1,1,verified source group within cell,20000,true,retrospective-common-matrix
2026-08-24_frozen24_v1,evaluation::99e1c13f3978b5568ed6,static_fusion_frozen24,final_answer_detection,triviaqa,frozen24_response_v1::seiclr_triviaqa_opt30b,seiclr_triviaqa_opt30b,all::seiclr_triviaqa_opt30b,cohort::cb190808edb5b9156a7ca859efc16ad40592be735851f89f7c9e8f179fb145fd,family_nrm_a,family-nrm-a-within-cell-unrun-ablation-v1,frozen24_response_score_adapter_v1,family-nrm-a-within-cell-unrun-ablation-v1::frozen24_response_score_adapter_v1,final_answer_detection::triviaqa::auroc::2434fbd5b437466b,dufs-liu-mixed-v2-development-2026-08-07,gray_box_single_pass_saved_telemetry_v1,reconstruction_24cell_grouped_evaluator_v1,D0,OK,Scientific paired bootstrap retained 20000/20000 valid draws.,frozen24::cell::seiclr_triviaqa_opt30b,cell,auroc,fraction,incorrect final answer,higher,family-nrm-a-within-cell-unrun-ablation-v1::frozen24_response_score_adapter_v1,iu-pcr-full-pool-two-component-mixed-v2-v1::frozen24_response_score_adapter_v1,-0.0015261237133028516,-0.0083711486967457359,0.0053363180673950614,0,0,1,1,verified source group within cell,20000,true,retrospective-common-matrix
2026-08-24_frozen24_v1,evaluation::99e1c13f3978b5568ed6,static_fusion_frozen24,final_answer_detection,triviaqa,frozen24_response_v1::seiclr_triviaqa_opt30b,seiclr_triviaqa_opt30b,all::seiclr_triviaqa_opt30b,cohort::cb190808edb5b9156a7ca859efc16ad40592be735851f89f7c9e8f179fb145fd,pgrd_a,pgrd-a-within-cell-cross-gradient-unrun-ablation-v1,frozen24_response_score_adapter_v1,pgrd-a-within-cell-cross-gradient-unrun-ablation-v1::frozen24_response_score_adapter_v1,final_answer_detection::triviaqa::auroc::2434fbd5b437466b,dufs-liu-mixed-v2-development-2026-08-07,gray_box_single_pass_saved_telemetry_v1,reconstruction_24cell_grouped_evaluator_v1,D0,OK,Scientific paired bootstrap retained 20000/20000 valid draws.,frozen24::cell::seiclr_triviaqa_opt30b,cell,auroc,fraction,incorrect final answer,higher,pgrd-a-within-cell-cross-gradient-unrun-ablation-v1::frozen24_response_score_adapter_v1,iu-pcr-full-pool-two-component-mixed-v2-v1::frozen24_response_score_adapter_v1,-0.0049874385434112156,-0.0090208420116235644,-0.0010678558958664352,0,0,1,1,verified source group within cell,20000,true,retrospective-common-matrix
2026-08-24_frozen24_v1,evaluation::99e1c13f3978b5568ed6,static_fusion_frozen24,final_answer_detection,triviaqa,frozen24_response_v1::seiclr_triviaqa_opt30b,seiclr_triviaqa_opt30b,all::seiclr_triviaqa_opt30b,cohort::cb190808edb5b9156a7ca859efc16ad40592be735851f89f7c9e8f179fb145fd,dufs_stability_lsml,stability-selected-dufs-to-continuous-lsml-v1,frozen24_response_score_adapter_v1,stability-selected-dufs-to-continuous-lsml-v1::frozen24_response_score_adapter_v1,final_answer_detection::triviaqa::auroc::2434fbd5b437466b,dufs-liu-mixed-v2-development-2026-08-07,gray_box_single_pass_saved_telemetry_v1,reconstruction_24cell_grouped_evaluator_v1,D0,OK,Scientific paired bootstrap retained 20000/20000 valid draws.,frozen24::cell::seiclr_triviaqa_opt30b,cell,auroc,fraction,incorrect final answer,higher,stability-selected-dufs-to-continuous-lsml-v1::frozen24_response_score_adapter_v1,iu-pcr-full-pool-two-component-mixed-v2-v1::frozen24_response_score_adapter_v1,-0.069056977429255761,-0.087358106035417743,-0.051375230135192809,0,0,1,1,verified source group within cell,20000,true,retrospective-common-matrix
2026-08-24_frozen24_v1,evaluation::99e1c13f3978b5568ed6,static_fusion_frozen24,final_answer_detection,triviaqa,frozen24_response_v1::seiclr_triviaqa_opt30b,seiclr_triviaqa_opt30b,all::seiclr_triviaqa_opt30b,cohort::cb190808edb5b9156a7ca859efc16ad40592be735851f89f7c9e8f179fb145fd,su_pcr,su-pcr-low-rank-plus-sparse-reproduction-v1,frozen24_response_score_adapter_v1,su-pcr-low-rank-plus-sparse-reproduction-v1::frozen24_response_score_adapter_v1,final_answer_detection::triviaqa::auroc::2434fbd5b437466b,dufs-liu-mixed-v2-development-2026-08-07,gray_box_single_pass_saved_telemetry_v1,reconstruction_24cell_grouped_evaluator_v1,D0,OK,Scientific paired bootstrap retained 20000/20000 valid draws.,frozen24::cell::seiclr_triviaqa_opt30b,cell,auroc,fraction,incorrect final answer,higher,su-pcr-low-rank-plus-sparse-reproduction-v1::frozen24_response_score_adapter_v1,iu-pcr-full-pool-two-component-mixed-v2-v1::frozen24_response_score_adapter_v1,-0.00089563892983846038,-0.0015262235311344686,-0.0003167524591201848,0,0,1,1,verified source group within cell,20000,true,retrospective-common-matrix
